clause_text,label
"1년 미만 근로자의 연차휴가는 선지급된 것으로 간주하여 별도 부여하지 않으며, 1년 만근 시점에 한꺼번에 15일만 발생하는 것에 동의한다.",1
"1년 미만 근무 중 퇴사하는 경우, 근무한 기간에 대해 1개월 만근 시 1일씩 발생한 연차휴가 중 미사용분에 대해서는 전액 수당으로 정산하여 지급한다.",0
1년 이내 퇴사 시 직업훈련비 전액을 배상한다.,1
"1시간의 휴게시간은 매장 상황에 따라 15분씩 4회로 분할하여 사용할 수 있으며, 손님 방문 시 즉시 응대해야 하고 응대 시간은 휴게시간을 사용한 것으로 본다.",1
"1일 시간 단, 회사 지시에 의해 근로시간을 조정해야 한다.",1
"1일 시간 단, 회사 합의하에 근로시간을 조정할 수 있다.",0
"1주 12시간을 초과하는 연장근로는 근로기준법상 금지되며, 당사자 간의 예외적 합의 요건을 충족하지 않는 한 법정 한도를 초과하는 연장근로는 지시할 수 없다.",0
"2교대 야간 근무자에게 지급하는 야식비(8,000원)는 야간 가산수당의 일부로 간주하며, 야식비 지급 이후 별도의 야간 가산수당 차액을 청구할 수 없다.",1
"3교대 근무 중 특정 교대 선호는 근로자의 자유이며, 전혀 다른 교대 강제 배치는 과도한 인사권 행사다.",0
3교대 근무 중 특정 교대(예: 야간)를 피하려는 근로자를 배치할 수 없게 강제할 수 있다.,1
"4대 보험 가입 신고일은 사측이 신고한 날짜를 기준으로 하며, 실제 고용일 기준의 소급 적용 및 이에 따른 보험료 소급 부과 요구를 허용하지 아니한다.",1
"4대 보험 미가입 및 이익 분배 방식으로 운영되는 동업 관계의 종사자는 근로기준법상 근로자가 아닌 동업자로 간주하며, 산재보험 적용 대상에서 제외한다.",1
"4대 보험 미가입자는 독립 계약자로 추정하며, 소득세 원천징수 미실시 및 기본급 미지급 사실은 근로자성을 부정하는 유효한 근거로 삼는다.",1
"4주 평균하여 1주 15시간 미만 일하는 단시간 근로자라 하더라도, 당사자가 합의한 근로시간을 초과하여 근로한 경우 기간제법에 따라 초과 시간에 대해 가산 수당을 지급한다.",0
API 개발자의 시스템 연동 실패는 원인을 객관적으로 조사하여 책임을 배분한다.,0
API 개발자의 시스템 연동 실패로 인한 서비스 중단 손실을 개발자가 보전한다.,1
API 문서 작성은 개발 업무로 인정하여 근로시간에 포함한다.,0
API 문서 작성을 추가 업무로 간주하여 별도 수당 없이 강제할 수 있다.,1
"API 설계 변경도 프로젝트 진화의 자연스러운 부분이며, 무급 재설계를 강요하지 않는다.",0
API 설계가 잘못되었다고 판단되면 재설계 시간을 무급으로 처리한다.,1
API 응답 속도는 인프라와 코드를 함께 고려하여 개선한다.,0
API 응답 시간 지연을 개발자 코드 탓으로 본다.,1
"AWS, GCP 등 클라우드 인프라 비용 초과 발생 시 초과분의 30%를 담당 개발자의 당월 급여에서 자동 차감한다.",1
"CCTV 촬영은 고객 안전 목적으로만 한정되며, 휴게실, 화장실 등 사생활 공간의 촬영은 절대 금지한다.",0
CI/CD 파이프라인 구축도 개발자 몫으로 본다.,1
"FP(재무설계사)의 고객 DB는 퇴직 후 전적으로 회사 자산으로 귀속되며, 퇴직 직원은 고객에게 어떠한 방식으로도 연락을 취할 수 없다.",1
"IT 개발 업무 중 서버 장애 등 긴급 상황으로 자택에서 야간에 원격으로 접속하여 대응한 경우, 해당 시간은 연장 및 야간근로로 보아 가산수당을 지급한다.",0
IT 보안팀의 보안 사고 발생 후 원인 조사 비용을 해당 팀이 부담해야 한다.,1
IT 보안팀의 보안 사고는 회사의 보안 정책과 투자 수준을 함께 평가한다.,0
"IT 부서 직원의 개인 시간에 개발한 애플리케이션이라 하더라도, 회사의 기술 스택 또는 관련 기술을 활용했으면 회사에 귀속된다.",1
IT 헬프데스크의 장시간 평균 대응 시간은 급여 감액 사유로 간주한다.,1
"IT 헬프데스크의 장시간 평균 대응 시간은 리소스 부족의 결과이며, 개별 상담사 책임이 아니다.",0
"KPI 목표를 달성하지 못한 경우 원인을 함께 분석하고 지원 방안을 모색하며, 팀 성과 미달을 이유로 전 팀원의 급여를 일률 삭감하지 않는다.",0
"MC·진행자의 출연료는 시청률과 연동되는 인센티브 방식으로 운영하며, 시청률이 기준치(3%) 미만인 회차의 출연료는 기본료의 50%만 지급한다.",1
"PTSD는 직업병으로 인정되며, 회사가 지원해야 한다.",0
"SNS 팔로워 증가율이 월 5% 미만인 인플루언서에 대해서는 전속 계약을 일방적으로 해지할 수 있으며, 해지로 인한 손해배상 청구를 할 수 없다.",1
가게 매출이 기준 이하이면 직원들이 급여를 협력금으로 기부한다.,1
가게 폐점 시 진행 중인 배달은 배달원이 고객에게 환불해준다.,1
가정 사정을 고려한다.,0
"가정방문·야외 케어 등 현장 서비스 시간은 전부 근로시간으로 산정하며, 이동 시간을 이유로 시급을 임의로 줄이지 않는다.",0
가족 경조사가 있어도 생산 일정이 우선이므로 휴가를 거부한다.,1
"가족 구성원이 업무를 대체 수행하거나 출퇴근 시간이 유동적인 경우 해당 종사자는 독립 사업자로 간주하며, 산재보험 가입 대상에 해당하지 아니한다.",1
가족 긴급상황도 근무를 강요한다.,1
"가족 긴급상황은 휴무를 허용하며, 강요하지 않는다.",0
"가족의 질병, 사고, 노령 등으로 가족돌봄휴직을 신청하는 경우, 회사는 대체인력 채용 불가능 등 중대한 사유가 없는 한 이를 허용한다.",0
"간병 업무 종사자는 다수 이용자에게 서비스를 제공하는 독립 제공자로서, 기본급 미지급 및 원천징수 미실시는 근로자성을 부정하는 유효한 사유로 간주한다.",1
"간병인 직원이 담당 환자의 욕창 또는 탈수 발생 시, 원인 불문 해당 직원에게 경고장을 발부하고 성과수당에서 일정액을 차감한다.",1
간병인이 성실하게 업무를 수행하던 중 환자 욕창 등이 발생한 경우 원인 분석을 통해 인력 지원 방안을 모색하며 개인에게 재정적 불이익을 주지 않는다.,0
간호 기록의 오류는 기록 시스템 개선과 교육으로 방지한다.,0
간호 기록의 오류로 인한 의료 사고 책임을 해당 간호사에게 일차적으로 부과한다.,1
간호·간병 통합서비스 제공 중 환자 낙상 사고 발생 시 인력 부족에 따른 구조적 요인이 있더라도 담당 간병인의 급여에서 일정액을 공제한다.,1
간호사의 3교대 근무로 인한 수면 부족은 개인 건강 관리 문제이므로 회사 책임이 없다.,1
"간호사의 3교대 근무로 인한 피로는 보건상 우려 대상이며, 정기적 건강 검진과 상담을 제공한다.",0
"간호사의 교대 인수인계 시간은 근무 시간에 포함되며, 연장 근로수당을 지급한다.",0
간호사의 병동 교대 인수인계 시간이 정해지지 않으면 초과 시간을 근무시간으로 인정하지 않는다.,1
"간호사의 부서 배정 변경 시 사전에 이유를 고지하고 의견을 청취하며, 근로자의 전문성과 경력을 고려하여 결정한다.",0
"간호사의 부서 배정은 병원 운영 효율에 따라 수시로 변경할 수 있으며, 배정 변경 거부는 직무 거부로 간주하여 징계 사유로 삼는다.",1
간호사의 정신 건강 상담 기록을 인사 기록에 남겨 향후 배치에 영향준다.,1
간호사의 환자 케어 스타일을 감시하고 임의로 개입할 수 있다.,1
"간호사의 환자 케어 시간은 법정 기준에 따라 책정되며, 일방적 단축은 금지다.",0
"간호사의 환자 케어 시간을 단축하도록 강제할 수 있으며, 환자 안전은 보장하지 않는다.",1
"감독기관 제재가 발생한 경우 회사가 제재 비용을 부담하며, 직원의 명백한 위법 행위로 인한 경우에 한해 합리적 절차로 책임 범위를 결정한다.",0
"감시·단속적 근로자에 대한 근로시간 적용 제외 승인을 고용노동부로부터 받지 않은 경우, 주 52시간 한도 등 근로시간 규정을 전면 적용한다.",0
"감시적, 단속적 근로에 종사하는 경비원의 경우, 심야 수면 시간 중 긴급 순찰 지시를 받더라도 이를 수면 시간으로 보아 임금을 지급하지 않는다.",1
감염 예방을 철저히 한다.,0
감염 위험을 최소화하지 않는다.,1
"감염병 노출 위험을 즉시 알리고, 필요한 조치를 취한다.",0
"감염병 예방교육과 보호구를 제공하며, 감염 발생 시 산재 처리한다.",0
"감염병 예방용 보호구를 회사가 제공하며, 감염 발생 시 산재 처리한다.",0
"감염병 유행 등 비상 의료 상황에서는 초과 근무 시간 제한을 해제하고 회사의 긴급 지시에 무조건 따라야 하며, 이에 따른 추가 수당 청구를 할 수 없다.",1
"감원 시 퇴직금은 법정 기준에 따라 지급되며, 최소화는 금지다.",0
"감정 노동은 업무의 일부이며, 적절한 보상이 필요하다.",0
"갑은 경영상 판단에 따라 전체 직원의 급여 체계를 호봉제에서 성과급제로 일방적으로 변경할 수 있으며, 을은 본 계약서에 서명함으로써 이에 사전 동의한 것으로 간주한다.",1
"갑은 경영상 필요에 따라 언제든지 을의 근무 장소(타 지역 포함) 및 직무를 변경할 수 있으며, 을은 회사의 인사권 행사에 대하여 어떠한 이의도 제기할 수 없다.",1
"갑은 경영상 필요에 따라 언제든지 을의 근무 장소를 타 지역으로 배치 전환할 수 있으며, 을은 통근의 불편함을 이유로 회사의 인사권 행사에 이의를 제기할 수 없다.",1
"갑은 경영상의 중대한 필요 또는 을의 현저한 근무태도 불량을 이유로 언제든지 계약을 해지할 수 있으며, 이 경우 근로기준법상의 30일 전 예고 의무를 면제하기로 합의한다.",1
"갑은 사내 보안 및 영업비밀 보호를 위하여 필요하다고 판단될 경우, 출퇴근 시 을의 사전 동의 없이 소지품 및 사내 네트워크 접속 기록을 검사할 수 있다.",1
"갑은 현금 유동성 부족 등 경영상 부득이한 사유가 발생한 경우, 당월 급여의 최대 30%를 자사 제품이나 제휴사 서비스 교환권으로 대체하여 지급할 수 있다.",1
"갑의 주문량 폭주 등 업무상 필요에 따라 휴일근로를 지시할 수 있으며, 이 경우 휴일근로수당 지급 대신 평일 중 1일을 무급 휴무로 부여하는 것으로 갈음한다.",1
"강사 계약 기간 내 자진 퇴사 시 채용 공고비 반환 요구는 실제 손해액을 초과하지 않는 합리적 범위 내에서만 유효하며, 근로계약 체결 시 명확히 명시한다.",0
"강사 계약 기간(6개월) 내에 자진 퇴사하더라도, 학원은 채용 및 교육에 소요된 일체의 비용을 근로자에게 배상 요구하지 않는다.",0
"강사 계약 기간(6개월) 내에 자진 퇴사할 경우, 학원이 부담한 채용 공고비 및 입사 교육비를 포함한 총 50만 원을 배상해야 한다.",1
"강사 계약은 안정적 기간 설정이며, 학기 단위 계약 후 재계약 보장이 필요하다.",0
강사 교체 시 교육비는 학원이 부담한다.,0
강사 교체 시 새 강사 교육비는 기존 강사가 부담한다.,1
강사 교체는 협의한다.,0
강사 자율성을 인정하지 않고 일방적으로 교육 방식을 강요한다.,1
"강사 평가는 다양한 기준(교안 품질, 학생 성장, 협력도 등)을 포함한다.",0
강사 회의를 근로시간 외에 한다.,1
"강사가 담당 학생의 성적이 부진할 경우 추가 보충 수업을 무상으로 제공해야 하며, 이는 강사 직무의 일부로 본다.",1
강사가 제안한 교과 개선을 무시한다.,1
강사가 창작한 교안은 강사의 지적재산으로 인정한다.,0
"강사는 담당 수강생의 성적이 하락하는 경우 추가 보충 수업을 무급으로 제공해야 하며, 이는 강사의 기본 직무 의무로 본다.",1
"강사의 SNS 홍보 활동은 자율에 맡기며, 관련 비용 지원을 원하는 경우 합리적 한도 내에서 회사가 지원한다.",0
"강사의 개인 시간 개인 레슨 요청은 근로자의 개인 활동으로 간주하며, 제한하지 않는다.",0
"강사의 개인 일정(병가, 경조사)을 업무 공백으로 간주한다.",1
강사의 근로 계약서를 일방적으로 변경할 수 있다.,1
"강사의 담당 클래스 이탈은 다양한 요소의 결과이며, 급여 공제는 합리적 기준에 따른다.",0
강사의 담당 클래스에서 학생 이탈이 발생하면 그 달 고정급을 삭감할 수 있다.,1
"강사의 보충 수업 제공 의무는 취업규칙에 명시된 범위 내에서 인정하며, 소정근로시간을 초과하는 보충 수업에 대해서는 연장근로수당을 지급한다.",0
강사의 수강생 만족도 설문에 학생이 거짓 응답한 경우 강사 책임으로 한다.,1
강사의 수강생 상담 결과 이탈한 학생 수에 비례한 성과급 차감을 실시한다.,1
강사의 수강생 이탈률이 높으면 연봉 계약을 갱신하지 않는다.,1
"강사의 임신·출산 사실이 학부모 민원의 직접 원인이 된다고 판단할 경우, 학원 운영 목적상 자진 사직을 권고할 수 있다.",1
"강사의 전문성을 존중하고, 교육 방식의 자율성을 인정한다.",0
강사의 제안을 검토하고 피드백한다.,0
"강사의 퇴직 후 경업금지 약정은 구체적인 지역·업종·기간을 명시하며, 경업금지 기간에 상응하는 합리적 보상을 제공한다.",0
"강사의 특강은 소정근로시간 외 자발적 부가 서비스로 간주하며, 주휴·연차·퇴직금 산정 시 소정근로시간에 포함하지 아니하므로 관련 법정수당을 지급하지 아니한다.",1
"강사의 학생 상담은 교육의 중요한 부분이며, 상담 결과로 인한 급여 차감하지 않는다.",0
"강의 시간은 합리적으로 제한되며, 임의 제한은 금지다.",0
강의 준비 시간이 사용자 지시로 이루어지거나 업무 완수에 필수적인 경우 근로시간으로 인정하여 임금을 지급한다.,0
개발 과정에서 발생하는 버그에 대해서는 팀 차원의 품질 개선 방안을 마련하고 개인에게 금전적 패널티를 부과하는 방식을 채택하지 않는다.,0
"개발 기한은 현실적으로 설정되며, 품질과 시간이 함께 고려된다.",0
개발 기한을 초과로 단축하면서 품질을 요구한다.,1
개발 실수로 인한 서비스 장애 비용을 해당 개발자의 다음 분기 보너스에서 회수한다.,1
"개발 실수로 인한 손실은 개인 책임으로 전가하지 않으며, 시스템 개선을 통해 방지한다.",0
개발 언어나 프레임워크 변경 시 적응 기간 동안 급여를 50% 감액한다.,1
개발 완료 후 QA 테스트 기간 중 발견되는 버그 1건당 개발자에게 3만 원의 품질보증 이행 부담금을 부과하여 당월 급여에서 차감한다.,1
개발 완료 후 클라이언트 요구사항 추가 수정은 무상 A/S 범위로 간주하여 납기 이후 투입 시간도 임금 미지급 기준이다.,1
개발 주기 단축을 위해 주말 근무를 강요한다.,1
개발 환경 구축 시간도 프로젝트 시간의 일부로 포함된다.,0
"개발 환경은 충분히 제공되며, 개인 비용 부담을 강요하지 않는다.",0
"개발자 평가는 라인 수(LOC)로 판단하며, 품질은 고려하지 않는다.",1
"개발자 평가는 코드 품질, 기여도, 협업 등 다양한 요소를 고려한다.",0
"개발자 평가는 코드의 품질로 판단하며, 라인 수는 고려하지 않는다.",0
"개발자가 작성한 코드의 소유권은 모두 회사에 귀속되며, 퇴사 후 개인 포트폴리오 공개는 금지한다.",1
"개발자가 작성한 코드의 소유권은 회사에 귀속되되, 퇴사 후 비영리 목적의 포트폴리오 공개는 원칙적으로 허용한다.",0
개발자는 업무 특성상 자발적으로 코드 리뷰 및 기술 미팅에 참석하는 시간은 근로시간에 포함되지 않는다.,1
개발자의 개인 깃허브 저장소까지 회사가 접근 권한을 요구할 수 있다.,1
"개발자의 개인 깃허브는 개인 자산이며, 회사가 접근을 강제할 수 없다.",0
"개발자의 개인 시간 활동은 개인의 자유이며, 회사가 소유를 주장할 수 없다.",0
개발자의 개인 시간에 작성한 기술 블로그도 회사 소유로 간주할 수 있다.,1
개발자의 개인 프로젝트 포트폴리오는 회사의 사전 승인을 받아야 한다.,0
개발자의 기술 부채 누적으로 인한 리팩토링 기간을 개발자의 능력 부족으로 간주한다.,1
"개발자의 기술 부채 누적은 프로젝트 일정의 결과이며, 개발자의 능력 부족으로만 간주하지 않는다.",0
"개발자의 깃 커밋 로그는 개발 문화의 일부이며, 로그 미흡만으로 코드 품질을 판단하지 않는다.",0
개발자의 깃(Git) 커밋 로그가 불충분한 경우(설명 부족) 코드 품질 문제로 간주한다.,1
"개발자의 실수로 데이터 유출이 발생하더라도, 시스템 보안 책임도 함께 진다.",0
개발자의 야근을 정상 업무 시간으로 간주하여 수당 미지급한다.,1
개발자의 오픈소스 기여를 회사 시간 사용으로 본다.,1
"개발자의 의견은 존중되며, 강압적 기술 강요는 하지 않는다.",0
"개발자의 코드 라이선스 준수는 회사의 책임이며, 개발자 일방 책임이 아니다.",0
"개발자의 코드는 업무 기간에 생성된 코드만 회사에 귀속되며, 개인 시간의 코드는 예외다.",0
개발자의 형법 관련 통상적 업무 시간이 야근으로 편성되어 기본급 기준이 된다.,1
개발자의 휴가 중에도 긴급 버그 대응을 강제할 수 있다.,1
개발자의 휴식이 게으름이라고 본다.,1
개발팀 OKR 목표 달성률이 70% 미만인 분기에는 전 팀원의 분기 성과급을 0원으로 처리하며 이에 대한 개인 이의 제기를 허용하지 않는다.,1
개발팀 공통 스프린트 목표를 달성하지 못한 개월에는 직원 전체의 성과수당에서 미달 비율을 동일하게 차감하는 공동연대책임 방식을 적용한다.,1
"개발팀의 스프린트 목표 달성 여부는 여러 요소의 결과이며, 보너스 공제는 합리적 기준에 따른다.",0
개발팀의 스프린트 목표 미달성 시 팀 전체의 보너스를 30% 공제한다.,1
개시 1시간 전 출근하여 준비하는 시간은 자발적 근로이다.,1
"개인 금융 정보 요구는 금지되며, 급여 수준 파악 목적은 불가능하다.",0
"개인 깃허브나 블로그 활동은 자유로우며, 회사는 부당하게 제한할 수 없다.",0
"개인 물품 검사는 정당한 사유가 있을 때만 하며, 근거 없이 하지 않는다.",0
"개인 물품 손상은 회사가 책임지지 않으나, 회사 시설로 인한 손상은 회사가 처리한다.",0
"개인 물품(시계, 반지 등)으로 인한 사고는 개인 책임이다.",1
개인 블로그 글이 회사 기술과 다르면 이직 신호로 본다.,1
"개인 블로그는 개인 활동이며, 평가에 영향을 주지 않는다.",0
"개인 사정(병가, 경조사)은 법정 휴가 기준을 따른다.",0
개인 사정으로 인한 퇴사는 다른 가족원에 영향을 주지 않는다.,0
개인 시간에 창작한 결과물은 회사 사업과 직접적 연관이 없으면 개인 저작권으로 인정한다.,0
개인 시간에도 회사 이미지 관리를 강요한다.,1
개인 시간의 연락은 강요하지 않는다.,0
"개인 시간의 활동은 자유이며, 회사가 통제하지 않는다.",0
개인 시간의 활동은 평가 대상이 아니다.,0
"개인 웹사이트는 개인 자산이며, 회사가 모니터링할 수 없다.",0
개인 자동차 업무 사용 시 유지비는 회사가 부담한다.,0
"개인 정보는 기밀로 보호되며, 임의 공개는 금지다.",0
"개인 포트폴리오 구축은 개발자의 자유이며, 사전 승인은 요구하지 않는다.",0
"개인 학습은 자유로우며, 업무 시간과 명확히 구분된다.",0
"개인 행동 감시는 금지되며, 업무 관련 범위로만 제한된다.",0
개인 활동 허락 없이 팬 활동을 제한한다.,1
개인 활동은 자유다.,0
개인 활동은 합리적 범위 내에서 자유를 보장한다.,0
개인 활동을 통제한다.,1
개인 휴대폰 업무 사용은 선택이지 강제가 아니다.,0
"개인별 실적 평가는 투명한 기준에 따라 이루어지며, 임의적 평가는 금지다.",0
"개인사업자 형태로 도급계약을 체결한 자는 근로기준법상 근로자가 아님을 확인하며, 근로자 지위 주장으로 인한 부당이득 환수 책임은 해당 수급인이 부담한다.",1
"개인사정으로 인한 결근도 법정 절차에 따라 처리되며, 무급 처리는 제한적이다.",0
개인의 신체적 특성을 고려하여 업무를 배치한다.,0
"개인의 의료 정보는 엄격히 보호되며, 인사 평가에 영향을 주지 않는다.",0
개인이 창작한 업무 외 결과물도 회사 사업과 관련성이 있다고 판단되면 회사 귀속으로 본다.,1
"개인적 사유로 병가를 사용할 시 해당 기간은 무급으로 처리함은 물론, 병가 일수만큼 근로계약기간이 이연된 것으로 보아 퇴직금 산정에 불이익을 감수한다.",1
"개인정보 수집은 법정 범위 내에서만 하며, 목적을 명시한다.",0
개인정보를 보호한다.,0
거동 불능 환자 돌봄 중 부상은 돌봄 전문가가 아니라고 책임 회피한다.,1
거래 실패로 인한 손실은 공정한 절차로 평가된다.,0
거리 확대로 인한 비용 증가는 회사가 부담한다.,0
"거부 사유는 고객에게 설명되어야 하며, 설명 의무가 있다.",0
"거점 오피스나 스마트워크 센터를 지정하여 근무하게 하는 경우, 해당 시설 이용에 수반되는 모든 대관 비용은 근로자가 직접 결제한다.",1
"거점 오피스나 스마트워크 센터를 지정하여 근무하게 하는 경우, 해당 시설 이용에 수반되는 모든 대관 비용은 회사가 직접 결제한다.",0
"건강 검진 결과는 의료 기밀로 보호되며, 인사에 부정적으로 사용될 수 없다.",0
건강 상태를 이유로 한 업무 제한은 의료 전문가 판단 후 결정한다.,0
"건강검진 이력은 보건관리 목적으로만 사용되며, 부서 변경의 사유가 될 수 없다.",0
"건강보험료는 회사가 부담하며, 개인 청구는 금지다.",0
"건물 관리원은 입주민 요청에 의한 야간·새벽 긴급 수리 출동에 응해야 하며, 야간 출동 시간에 대해서는 별도 출동 수당 없이 정액 월 수당에 포함된 것으로 처리한다.",1
"건물 관리원의 야간·새벽 긴급 출동 시간은 연장·야간근로로 인정하여 가산수당을 지급하며, 정액 월 수당에 포함된 것으로 처리하지 않는다.",0
"건물 하자 검사 개선 비용은 원청이 부담하며, 협력사 근로자 급여에서 공제하지 않는다.",0
건물 하자 검사에서 적발된 시공 오류 개선 비용은 원청이 아닌 협력사 근로자 급여에서 공제한다.,1
건설 공사 중 환경 민원 발생 시 민원 처리 책임을 현장팀에게 부과한다.,1
건설 공사 중 환경 민원은 회사의 관리 책임으로 인식하고 개선한다.,0
"건설 공사의 공기 단축은 인력과 설비 투자로 대응하며, 야간 근무 강제는 금지다.",0
"건설 공사의 공기 단축을 위해 야간 근무를 강제할 수 있으며, 수당을 감액할 수 있다.",1
건설 기간 지연에 따른 손해배상금의 일부를 현장 근로자들이 부담할 수 있다.,1
건설 기간 지연에 따른 손해배상은 원인을 객관적으로 조사하여 책임을 배분한다.,0
건설 기술자의 감리 의견 무시로 인한 공사 하자는 기술자 책임이므로 복구 비용의 일부를 급여에서 차감한다.,1
"건설 기술자의 감리 의견 불수용으로 인한 하자는 발주처의 책임이며, 기술자 급여에서 차감하지 않는다.",0
건설 노가다 일용근로자의 일일 작업 시간이 5시간 미만인 경우 근로계약 상 건설일용근로자로 간주한다.,1
건설 일용근로자도 근로기준법상의 근로자로 인정하여 최저임금 이상을 지급한다.,0
"건설 하도급 직영 팀장은 독립 도급 사업자로 분류되므로, 하루 10시간 이상의 작업 지시를 받더라도 근로기준법상 근로자로 보호받지 않는다.",1
건설 현장 관리 직원이 안전관리자를 겸직하는 경우 법령에 따른 안전관리 수당을 별도 지급한다.,0
건설 현장 근로자의 개인 안전장구 구매를 강제할 수 있다.,1
건설 현장 근로자의 악천후 가동 중단 시간도 근로시간으로 인정하여 동일한 임금을 지급한다.,0
"건설 현장 근로자의 악천후로 인한 가동 중단 시간도 근로시간으로 인정하되, 임금은 기본급의 50%만 지급한다.",1
"건설 현장 근로자의 장시간 근로는 법정 근로시간 범위 내로 제한하며, 초과분에 대해 수당을 지급한다.",0
건설 현장 근로자의 장시간 근로로 인한 피로는 건설업 특성상 예상되는 결과다.,1
"건설 현장 일용직 근로자는 일 단위 계약을 체결하는 형식이므로, 동일 현장에서 1년 이상 계속 근로하더라도 퇴직금 및 연차유급휴가 지급 의무가 발생하지 않는다.",1
건설 현장 일용직이 동일 현장에서 1년 이상 계속 근로한 경우 근로기준법에 따라 퇴직금 및 연차유급휴가를 지급한다.,0
"건설 현장 전기·설비 기능공의 수습 기간(3개월) 중에는 최저임금의 75%를 지급할 수 있으며, 기능 미숙을 이유로 수습 기간을 2회까지 연장할 수 있다.",1
건설 현장의 다단계 하도급 체계에서도 최종 근로자의 임금 지급은 근로기준법에 따라 보장된다.,0
건설 현장의 새벽 조회 및 작업 준비가 근로시간에 해당하면 임금을 지급한다.,0
건설 현장의 새벽 조회 및 작업 준비는 근로시간 외 이루어지므로 근로시간에서 제외한다.,1
건설 현장의 안전 규정을 임의로 약화시킬 수 있다.,1
건설 현장의 안전사고 예방 책임을 현장소장에게 일방적으로 부과한다.,1
"건설 현장의 안전사고 예방은 회사의 책임이며, 개인 책임만으로 평가하지 않는다.",0
건설 현장의 협력사 다단계 하도급으로 인한 임금 체불은 원청 책임이 아님을 확인한다.,1
건설사 현장 소장의 공사 지연에 따른 원가 상승분은 소장의 관리 책임이므로 급여 감액 사유가 된다.,1
"건설사 현장 소장의 공사 지연은 예측 불가능한 현장 여건의 결과이며, 급여 감액 사유가 아니다.",0
건설사 현장의 안전 점검 결과 위반사항이 발견되면 현장소장을 감봉한다.,1
"건설사 현장의 안전 점검 결과는 시설, 교육 등 전반적 개선을 통해 대응한다.",0
건설사의 공사비 과다 책정으로 인한 손실은 협력업체 근로자의 임금 삭감으로 보전한다.,1
"건설사의 공사비 변동으로 인한 손실은 회사가 부담하며, 협력업체 근로자 임금을 삭감하지 않는다.",0
건설사의 민원 처리를 현장소장의 개인 책임으로 한다.,1
"건설사의 하자 관리 비용은 회사가 부담하며, 시공팀에서 공제하지 않는다.",0
건설사의 하자 관리 비용을 시공팀이 부담하도록 강제할 수 있다.,1
건축 공사 중 민원 발생 시 현장소장의 주민 관계 소홀로 감봉할 수 있다.,1
건축 공사 중 민원은 주민관계팀과 현장팀이 함께 대응한다.,0
건축 공사 중 설계 변경 비용을 협력업체에 전가할 수 있다.,1
건축 설계 변경 비용은 설계팀과 회사가 함께 협의하여 결정한다.,0
건축 설계 변경으로 인한 공기 지연은 발주처 책임이며 보수는 전액 지급한다.,0
건축 설계 변경으로 인한 공기 지연은 설계팀의 책임이며 보수 조정 대상이다.,1
건축 설계 변경으로 인한 비용 증가를 설계팀이 부담해야 한다.,1
"건축 설계 변경은 회사와 설계팀이 함께 검토하며, 설계팀만 책임 지우지 않는다.",0
건축 설계사의 설계 변경 작업은 착수금에 포함된 것으로 간주하여 추가 설계비를 청구할 수 없다.,1
건축 설계사의 설계 변경 작업이 발생한 경우 추가 설계비를 지급한다.,0
게임 개발사 소속 아티스트(그래픽 디자이너)가 개인 커미션 작업을 수행하는 것은 회사 저작권 침해로 간주하여 별도 수입 전액을 몰취하고 징계 해고 처분한다.,1
결근 시 해당 라인의 모든 손실을 결근한 근로자 책임으로 본다.,1
결근 시 해당 라인의 손실액을 모두 해당 근로자가 배상한다.,1
"결근은 그 원인을 파악하며, 일방적으로 손실을 청구하지 않는다.",0
"경력 개발 기회를 제공하며, 승진 기회를 공평하게 준다.",0
경력 개발 기회를 주지 않는다.,1
경력 개발을 지원하지 않는다.,1
경력 개발을 지원한다.,0
"경력 관리는 공정하며, 임금 역전도 자연스러운 것으로 본다.",0
"경력 관리는 출연자와 함께 계획하며, 일방적 결정을 하지 않는다.",0
경력 발전을 지원한다.,0
경력을 인정하지 않는다.,1
경력을 인정한다.,0
경비원의 야간 대기 시간 중 긴급 순찰 지시가 발생하는 경우 해당 시간을 근로시간으로 인정하여 야간 가산수당을 지급한다.,0
"경업금지는 기간, 지역, 범위가 합리적 범위 내로 제한되어야 한다.",0
"경영 목표 미달 시 임금 반납 요청은 근로자 개인의 자유 의사에 따르며, 이를 사전에 의무화하거나 반납 거부를 불이익 사유로 삼지 않는다.",0
"경영상 이유에 의한 해고 시 근로기준법에 따른 해고 회피 노력, 합리적이고 공정한 기준에 따른 대상자 선정 등 법적 절차를 엄격히 준수한다.",0
"경영상 이유에 의한 회사의 권고사직 제안을 거부할 경우, 회사는 해당 직원을 즉시 대기발령 조치하고 이 기간 동안 기본급의 30%만 지급한다.",1
"경쟁금지는 법적 범위 내로 제한되며, 직업 전체 금지는 위법이다.",0
경쟁사와의 접촉이 적발된 경우 실제 정보 제공 여부를 조사하여 구체적 침해 사실이 입증된 경우에만 적법한 절차로 조치한다.,0
경조사 휴가는 법정 기준을 준수하여 제공된다.,0
"계산원의 업무 처리 속도 지표는 개선 지원을 위한 참고 자료로 활용하며, 목표 미달을 이유로 시급을 임의로 삭감하지 않는다.",0
"계약 갱신 기준은 명확하게 공개되며, 자의적 판단은 금지다.",0
"계약 만료 후 재계약 시 기존 근속 기간을 인정하고, 갱신을 거부할 경우 합리적 사유를 서면으로 고지하며 미사용 연차수당을 정산 지급한다.",0
계약 위반 시 위약금 500만 원을 배상한다.,1
계약 위반을 일방적으로 주장한다.,1
계약 조건을 명확히 한다.,0
계약 종료 시 미사용 휴가를 소진하지 않고 사라진다.,1
계약 해지 시 미지급 급여가 있어도 경업금지 조건을 위반 시 차감할 수 있다.,1
계약 해지 시 미지급 급여는 경업금지와 별개로 반드시 지급된다.,0
계약 해지 시 해당 달 실적금을 회수한다.,1
"계약 해지도 합의 하에 진행하며, 일방적 회수는 하지 않는다.",0
"계약 해지에 따른 인센티브 환수 기준은 계약서에 명확히 명시하며, 환수액이 지급된 금액을 초과하지 않도록 한다.",0
"계약금 관리는 회사의 책임이며, 중개인 책임이 아니다.",0
"계약기간 1년 이내에 을의 귀책사유나 자발적 퇴사로 계약이 조기 종료될 경우, 을은 업무 공백에 따른 위약금 명목으로 2개월 치 급여를 갑에게 배상하여야 한다.",1
"계약기간 1년을 채우지 못하고 조기 퇴사할 경우, 잔여 계약기간 동안 발생할 회사의 기대수익 손실을 산정하여 배상하여야 한다.",1
계약서는 명확히 한다.,0
계약서를 명확히 준다.,0
계약서를 주지 않는다.,1
"계약직 근로자가 출산으로 인한 육아휴직을 신청하는 경우, 잔여 계약기간이 6개월 미만이면 계약 갱신 없이 만료 처리하는 것이 회사의 인사 방침이다.",1
"계약직 근로자의 계약 연장 여부는 오로지 회사의 경영 사정에 따르며, 근로자는 어떠한 경우에도 갱신 기대권을 주장할 수 없다.",1
계약직 근로자의 육아휴직 신청 시 잔여 계약 기간이 부족하다는 이유로 갱신을 거부하는 경우 불리한 처우 금지 규정을 준수한다.,0
"계약직 근로자의 주휴일은 주 1회 무급으로 부여하며, 유급 주휴일 제도는 정규직 근로자에게만 한정하여 적용한다.",1
"계약직 근로자의 주휴일은 주 1회 유급으로 부여하며, 유급 주휴일 제도는 모든 근로자에게 평등하게 적용한다.",0
계약직 및 단시간 근로자에게도 1주 동안 소정의 근로일을 개근한 경우 정규직과 동일하게 1일의 유급 주휴일을 부여한다.,0
"계열사 전적 발령은 경영상 필요에 따라 사측이 결정하며, 입사 시 전적 동의서를 제출한 경우 개별 동의 없이 즉시 효력이 발생하고 근로조건은 신규 계약에 따른다.",1
"계열사 전적 시 종전 근로계약은 당연 소멸하고 신규 계약이 체결된 것으로 보며, 종전 임금·호봉·퇴직금 등 근로조건은 자동 승계되지 아니한다.",1
계절성 매출 감소기(비수기)에는 회사 재량으로 시급을 10% 감액 지급할 수 있으며 근로자는 동 기간의 임금 감액에 사전 동의한다.,1
고객 관계를 일방적으로 처리한다.,1
고객 관계를 협력한다.,0
고객 대기시간 및 영업 개시 전 준비시간(청소 등)은 근로자가 자유롭게 활용할 수 있는 휴게시간으로 간주하여 근로시간에서 제외한다.,1
"고객 리뷰 별점에 따른 성과 평가는 합리적이고 공정한 기준으로 실시하며, 특정 직원의 급여에서 별점 패널티를 직접 차감하는 방식은 채택하지 않는다.",0
"고객 리뷰는 참고만 하며, 개인 책임만 강조하지 않는다.",0
고객 리뷰로 급여 차등을 한다.,1
고객 민원 처리 기한을 초과하면 담당자 급여를 삭감한다.,1
"고객 민원 처리는 시스템적으로 진행하며, 개인만 책임지지 않는다.",0
고객 민원은 가게와 배송 앱이 함께 해결한다.,0
고객 민원이 발생하면 배송원의 업무 미흡으로 본다.,1
"고객 별점 3점 이하 리뷰가 월 5건 이상 누적될 경우 서비스 미흡 페널티로 성과급의 30%를 삭감하며, 별점 원인 소명 기회를 부여하지 않는다.",1
"고객 보상은 회사의 책임이며, 배송팀 급여에서 공제하지 않는다.",0
"고객 불만은 서비스 개선의 기회로 보며, 직원 책임만 강조하지 않는다.",0
고객 불만은 여러 요소를 포함하여 공정하게 평가한다.,0
고객 불만을 서빙 직원의 기술 부족으로 기록한다.,1
고객 불만을 직원의 개인적 결점으로 본다.,1
"고객 상담 기록은 기밀로 보호되며, 임의 공개는 금지다.",0
고객 서빙 중 식사는 고객 서빙 완료 후에만 가능하다.,1
고객 수가 많다고 인력 증원을 거부한다.,1
"고객 수금은 가능한 범위 내에서만 요청하며, 강제하지 않는다.",0
고객 신뢰도는 회사 신뢰도와 함께 고려한다.,0
고객 신뢰도를 개인 책임으로만 본다.,1
"고객 연락 두절도 원인을 파악하며, 일방적 책임을 묻지 않는다.",0
고객 예약 취소 손실은 해당 직원이 보전하기로 한다.,1
고객 요구사항도 합리적 범위 내에서만 따르도록 한다.,0
고객 요구사항을 무조건 따르도록 강요한다.,1
고객 요청 건수 부족으로 인한 매출 감소를 영업팀의 책임으로 간주한다.,1
고객 요청 부족은 마케팅이나 상품 개선을 통해 해결해야 한다.,0
고객 요청사항을 개발자가 잘못 해석하면 재작업비를 개발자가 부담한다.,1
고객 응대 대기 시간도 사용자의 지배·관리 아래 놓인 경우 근로시간으로 보아 시급을 지급하며 '대기시간' 명목으로 임의 삭감하지 않는다.,0
"고객 응대 중 자리를 비울 경우 즉각 호출에 응해야 하며, 점심 휴게 중 고객 응대를 위해 자리를 옮기는 시간은 휴게시간을 사용한 것으로 처리한다.",1
고객 이탈 방지 대응 실패로 인한 구독 취소 손실금을 CS팀 성과급에서 공제한다.,1
"고객 이탈 방지는 전사적 책임이며, CS팀의 성과급을 이탈율에만 연동하지 않는다.",0
고객 입장에서 근무자의 용모가 좋지 않다고 판단되면 개선을 지시한다.,1
고객 정보 유출 사고 책임 배정을 정보보호팀으로만 귀속한다.,1
고객 정보 유출 사고가 발생하면 사고 직원의 과실 여부와 무관하게 해당 부서 전체 직원의 보안 준수 수당을 3개월간 지급 정지한다.,1
"고객 정보 유출 사고는 정보보호 시스템의 책임이며, 담당 부서와의 공동 책임으로 평가한다.",0
"고객 정보는 기밀로 보호되며, 내부 공유는 위법이다.",0
"고객 주장만으로 배달원 책임을 묻지 않으며, 증거 확인을 한다.",0
"고객 컴플레인이 접수된 경우 사실 관계를 먼저 확인하며, 귀책 없는 근로자의 급여를 삭감하거나 불이익을 주지 않는다.",0
고객 컴플레인이 접수된 날의 해당 서비스 직원의 근무 시간 전체를 생산성 없는 근무로 보아 해당 일의 급여를 50%만 지급한다.,1
"고객 클레임 처리 건당 200원의 클레임 처리비를 급여에서 공제하며, 이는 근로자 부주의 예방 목적이다.",1
고객 클레임 처리 시간이 길어지면 추가 업무 배정을 보류할 수 있다.,1
"고객 클레임 처리는 업무의 정상적인 일부이며, 클레임 처리 비용을 개별 근로자의 급여에서 공제하지 않는다.",0
고객 클레임으로 인한 손실은 해당 직원 급여에서 차감한다.,1
"고객 클레임은 회사와 근로자가 함께 해결하는 업무이며, 개별자 책임으로 보지 않는다.",0
"고객 피드백 처리는 팀 차원에서 진행하며, 개인 책임만 강조하지 않는다.",0
"고객과의 분쟁으로 인하여 회사에 민원이 접수된 경우, 사실관계 확인 전이라도 해당 직원을 즉시 업무에서 배제하고 무급 처리한다.",1
"고객사(사용사업주)의 요청에 의한 파견 근로자의 교체 요구가 있을 시, 파견업체는 해당 근로자에게 다른 일자리를 제공하지 않고 즉시 해고할 수 있다.",1
고객의 리뷰 별점 3점 이하가 접수된 1건당 해당 직원의 성과급에서 3만 원씩 누적하여 삭감 지급하는 급여 정책에 동의한다.,1
고객의 부정적 리뷰가 많으면 담당 직원의 책임으로 급여를 감액한다.,1
고객의 신체 접촉을 거부할 수 없게 만든다.,1
고객의 폭언 등으로 인한 근로자의 건강장해 예방을 위해 회사는 업무의 일시적 중단 또는 휴식 부여 등 필요한 조치를 취해야 한다.,0
"고객의 폭언은 참도록 강요하지 않으며, 거부할 수 있도록 보호한다.",0
"고객의 폭언이나 폭행이 발생한 경우, 회사는 해당 근로자를 보호하기 위해 즉각적인 업무 중단 및 휴식 부여 등의 조치를 취하며 이를 이유로 임금을 삭감하지 않는다.",0
고객의 환불 요청이나 클레임으로 인해 회사에 발생한 손실액은 해당 직원의 당월 인센티브 및 기본급에서 전액 차감한다.,1
고객의 환불이나 클레임으로 인해 발생한 손실을 근로자의 급여나 인센티브에서 일방적으로 공제하는 위약 예정 계약을 금지한다.,0
고객이 연락이 안 되면 담당자의 관리 부실이다.,1
"고객이 지불한 서비스 팁은 전액 사업장 운영비로 귀속하며, 직원이 개별 수령한 팁을 신고하지 않으면 횡령으로 처리한다.",1
"고객이 지불한 팁은 근로자가 직접 수령할 수 있으며, 팁을 매장 수익으로 강제 귀속시키지 않는다.",0
고객이 환불을 요청하여 환불 처리가 된 주문건의 배달 수수료는 해당 라이더에게 지급하지 않고 환불 수수료로 처리한다.,1
고령 근로자도 능력에 맞는 다양한 업무 기회를 제공한다.,0
고령 근로자를 낮은 급여 업무로만 배치한다.,1
고령 환자의 욕창 발생은 돌봄자의 부주의다.,1
고소 공포증이 있어도 고층 작업을 강요한다.,1
고소공포증이 있는 근로자를 고층 작업에 강제한다.,1
고소공포증이 있는 근로자에게 맞는 업무를 배치한다.,0
고용 해지 시 법정 절차와 보상을 따른다.,0
고용노동부 장관의 감시·단속적 근로 승인을 받지 않은 경비원 등에게는 일반 근로자와 동일하게 연장 및 휴일근로 가산 수당을 지급한다.,0
"고용노동부의 감시단속적 근로 승인을 받지 않았음에도, 건물 경비 직무의 특성을 고려하여 연장 및 야간근로수당을 일절 지급하지 않는다.",1
"고위험 부서 배치 수당을 급여 선지급 형태로 처리하지 않으며, 해당 기간 근로에 대한 정상 급여를 지급한다.",0
고위험 부서 배치를 조건으로 급여 추가분을 '위험 수당'으로 선지급하여 나중에 차감할 수 있다.,1
"고정수당을 시간급 통상임금으로 환산 시 총근로시간은 실제 약정 시간을 기준으로 하며, 연장·야간근로 가산율을 합산한 수치를 기준으로 한 청구는 허용하지 아니한다.",1
"골조 공사 완료 후 대기 기간이 회사 사정으로 발생한 경우 휴업수당을 지급하며, 무급 대기로 처리하지 않는다.",0
골조 공사 완료 후 후속 공정 대기 기간은 근로자의 귀책 없는 경우에도 회사 사정으로 인한 무급 대기로 처리하며 휴업수당을 지급하지 않는다.,1
공개 데이터베이스에 회사 코드를 잘못 올렸을 시 손해배상을 청구한다.,1
공기 단축도 안전을 고려하여 합의한다.,0
"공기 단축을 위해 야근을 강행하며, 수당은 저액으로 책정한다.",1
공동 창업자와 일반 직원을 차별한다.,1
"공동주택 관리원 해고는 근로기준법상 절차를 준수하며, 입주자대표회의 요청만으로 즉시 해고하거나 급여를 보류하지 않는다.",0
"공동주택 관리원이 아파트 주민의 민원 응대를 거부하거나 민원 처리가 미흡하다고 입주자대표회의가 판단할 경우, 즉시 해고 통보 후 잔여 급여를 지급하지 않는다.",1
"공사 기간 단축을 위해 일요일 작업을 지시할 수 있으며, 일요일 근로에 대해서는 휴일 가산수당 없이 평일 단가로만 지급하기로 합의한다.",1
공식 시작 시간 30분 전 도착 시간은 근로시간으로 인정하며 수당을 지급한다.,0
공식 시작 시간 30분 전 도착하여 준비하는 시간은 자발적 근로시간으로 본다.,1
"공식 출근 시간은 오전 9시로 하되, 원활한 영업 준비를 위해 8시 30분까지 출근하여 매장 청소 및 세팅을 완료해야 하며 이는 자발적 준비시간으로 근로시간에 포함되지 않는다.",1
공연 중 기술적 오류 발생 시 무대 감독의 책임으로 간주하여 감봉한다.,1
공연 중 기술적 오류는 기술팀과 무대팀이 함께 책임을 분담한다.,0
공연장 수익 부진을 공연진행팀의 역량 부족으로 평가한다.,1
"공연장 스태프의 공연 진행 중 긴급 상황 대응은 근로 범위이며, 사전 교육과 지원을 제공한다.",0
공연장 스태프의 공연 진행 중 긴급 상황 대응은 긴급비 없는 기본 직무다.,1
"공연장 음향 엔지니어의 음성 오류로 인한 공연 문제는 운영 관리의 책임이며, 엔지니어만 책임 지우지 않는다.",0
공연장 음향 엔지니어의 음성 오류로 인한 공연 재촬영 비용을 엔지니어가 부담한다.,1
공연장의 객석 점유율 저조는 기획팀의 프로그램 선정 오류로 평가한다.,1
"공연장의 객석 점유율은 시간대, 프로그램 등 여러 요소로 평가한다.",0
"공장 내 근무복(유니폼) 세탁은 개인 책임이며, 업무 특성상 필수적인 세탁 시간에 대해 어떠한 보상도 제공하지 않는다.",1
공장 내 설치된 CCTV 영상 및 위치 추적 단말기 데이터는 작업 효율 및 동선 분석을 명목으로 근태 관리 및 인사평가에 활용하는 것에 동의한다.,1
"공휴일 특근은 근로자의 서면 동의를 받아 진행하며, 특근 수당으로 통상임금의 150% 이상을 지급한다.",0
공휴일 특근을 거부할 경우 해당 근로자의 다음 달 생산수당에서 예상 생산 손실분의 10%를 차감하는 제재를 가한다.,1
과거 작성한 코드의 버그가 발견되면 현재 급여에서 공제한다.,1
"과거 코드 버그는 코드 리뷰 체계의 부족으로 보며, 개인만 책임지지 않는다.",0
관공서의 공휴일(빨간 날)에 쉬는 것은 갑이 을에게 연차유급휴가를 미리 부여하여 쉰 것으로 근로자대표의 서면 합의 없이 개별 동의로 대체한다.,1
관람객 수는 외부 요소도 포함하여 평가된다.,0
광고 에이전시 직원의 클라이언트 야간 회의 참석은 근로시간으로 인정하여 연장근로수당을 지급한다.,0
광고 에이전시 직원의 클라이언트 야간 회의 참석은 업무상 불가피한 상황이므로 추가 수당을 지급하지 않는다.,1
"광고사 크리에이터의 광고 거절율은 클라이언트의 선호도이며, 창작자 급여에 반영하지 않는다.",0
광고사 크리에이터의 광고 거절율이 높으면 월별 보너스를 차감할 수 있다.,1
교과서 구매를 강사에게 강요한다.,1
교과서는 학원이 제공한다.,0
교대 근무 거부 시 불성실로 기록한다.,1
교대 근무는 합의 하에 한다.,0
"교대 근무자는 다음 교대자가 인수인계를 마칠 때까지 무급으로 잔류해야 하며, 인수인계 지연에 따른 초과 대기 시간은 연장근로에 해당하지 않는다.",1
교대 인수인계 시간은 사용자의 지휘·감독 아래 이루어지는 근로시간으로 보아 임금을 지급한다.,0
교대 인수인계 잔류 시간은 사용자 지시에 의한 근로시간으로 인정하여 연장근로수당을 지급한다.,0
교습 중 학생이 입은 경미한 상처는 학원 배상 대상에서 제외되며 학부모 책임으로 본다.,1
교안 개발을 업무로 인정한다.,0
교육 기관 내부 갈등 발생 시 관련 직원 전체의 보너스를 공제한다.,1
교육 기관 행정직의 학부모 민원 해결 실패 시 신뢰도 관리 차원에서 인센티브 공제한다.,1
"교육 기관 행정직의 학부모 민원 해결은 관리 책임이며, 해결 실패로 인센티브를 공제하지 않는다.",0
"교육 기관의 신규 프로그램 개발 비용은 회사가 부담하며, 강사에게 전가하지 않는다.",0
교육 기관의 신규 프로그램 개발 비용은 회사가 부담한다.,0
교육 기관의 신규 프로그램 개발 비용을 강사의 초과 근무로 충당할 수 있다.,1
교육 기관의 신규 프로그램 개발을 강사에게 무상으로 위탁할 수 있다.,1
교육 기관의 신규 프로그램 개발을 강사의 추가 업무로 강제한다.,1
교육 기관의 입시 합격률은 학생 역량 등 여러 요소를 포함하여 평가한다.,0
교육 기관의 입시 합격률이 저조하면 입시 담당 강사의 급여를 감액한다.,1
교육 기관의 학생 수 감소를 강사의 교수 능력 부족으로 평가한다.,1
교육 기관의 학생 이탈율 증가는 교육팀의 질 저하로 판단하여 급여를 조정한다.,1
교육 기관의 학생 이탈은 교육 품질과 서비스 개선으로 대응한다.,0
교육 수료자의 수료율 저조 시 해당 강사의 강의 역량 부족으로 간주한다.,1
"교육 수료자의 수료율은 프로그램 품질, 학생 역량 등 다양한 요소의 결과이며, 강사 역량만으로 평가하지 않는다.",0
교육 시간을 근로시간에 포함한다.,0
교육 시간을 근로시간에서 제외한다.,1
"교육 자료 개발은 근로시간으로 인정되며, 무상 강제는 금지다.",0
교육 자료 개발을 무상으로 강제할 수 있다.,1
교육 프로그램의 수강생 만족도 점수가 낮으면 프로그램 담당자의 보수를 감액한다.,1
교육 프로그램의 수강생 만족도는 다양한 개선 방안으로 높인다.,0
교육기관 근로자의 개선 아이디어가 채택되지 않아도 제안서 작성을 보상할 수 있다.,0
교육기관 근로자의 개선 아이디어가 채택되지 않으면 제안서 작성을 보상하지 않는다.,1
"교육기관 근로자의 교육 과정 개선 아이디어가 채택되지 않으면, 제안서 작성은 무상 기여로 간주한다.",1
교육기관 근로자의 학부모 상담 및 민원 처리가 업무 시간 내 이루어지면 근로시간으로 인정하여 임금을 지급한다.,0
교육기관 근로자의 학부모 상담 및 민원 처리는 업무 특성상 근로시간 외 추가 대응을 원칙으로 한다.,1
교육기관의 IT 시스템 장애로 인한 매출 손실을 기술팀이 보전해야 한다.,1
교육기관의 IT 시스템 장애로 인한 손실은 회사가 부담한다.,0
교육비 지원을 거부한다.,1
교육비를 지원한다.,0
교육청 감사나 법정 의무 교원 연수가 수업 외 시간에 배정될 경우 자율 이수로 처리하여 연수 시간에 대한 수당을 지급하지 않는다.,1
"교재 교구 제작 비용을 학원이 선지원하고 이후 강사의 급여에서 분할 공제하며, 사용 여부와 무관하게 퇴사 시 잔여 공제 잔액을 일시 상환해야 한다.",1
"교재·교구 제작 비용은 회사가 부담하며, 강사에게 선지원 후 급여 공제하는 방식을 채택하지 않는다.",0
"교재비 관리는 학원이 책임지며, 강사의 선금과 외상을 요구하지 않는다.",0
교재비 선금과 외상금 정산은 학원에서 책임진다.,0
교재비 선금과 외상금 정산을 강사가 책임진다.,1
"교재비 인상은 회사가 부담하며, 직원 급여와 무관하게 처리한다.",0
교직원이 학부모 단체 채팅방에 올라온 민원에 퇴근 후에도 즉시 응답하지 않는 경우 무대응으로 간주하여 인사평가에 반영한다.,1
"교통법규 위반은 배달원 개인 책임이지만, 배달 압박으로 유도하지 않는다.",0
"구매 물류 스태프의 벤더 협상 결과는 경영의 일부이며, 협상 실패를 개인 급여에 반영하지 않는다.",0
구매 물류 스태프의 벤더 협상 실패로 인한 수급 비용 상승분은 해당 스태프의 성과급에서 차감한다.,1
"구제명령 이행 책임은 형식상 등기 대표이사에게만 귀속하며, 등기 임원이 아닌 실질적 경영권 행사자는 구제명령 불이행에 따른 형사책임을 지지 아니한다.",1
근골격계 질환도 업무 관련성을 확인하면 산재 처리한다.,0
근골격계 질환을 직업병으로 인정하지 않는다.,1
근로 계약 갱신 시 임금 삭감 조건을 거절 시 미갱신 통보를 즉시 할 수 있다.,1
근로 계약 해지 시 이유를 고지하지 않을 수 있다.,1
"근로 계약서는 근로자와 합의하여 작성되며, 일방적 변경은 금지다.",0
근로 조건 변경은 근로자와 협의하여 결정된다.,0
"근로계약 갱신 시 임금 삭감 조건을 거절하는 것은 정당한 권리이며, 미갱신 결정에 영향을 주지 않는다.",0
"근로계약 기간 만료 시 회사가 갱신을 거절하고자 할 때에는, 최소 30일 전까지 합리적인 이유를 명시하여 서면으로 통보한다.",0
"근로계약 기간 만료 전 회사가 경영상 필요에 따라 재계약 불가 통보를 할 경우, 근로자는 잔여 연차휴가 수당의 지급을 포기하기로 합의한다.",1
근로계약 기간 중 개발한 모든 소프트웨어·알고리즘·코드에 대한 저작권 및 특허권은 개인 시간에 작성한 것이라도 회사의 사업 영역과 관련성이 조금이라도 있으면 갑에게 무상 귀속된다.,1
"근로계약 기간이 명시된 계약의 경우, 계약 기간 만료 전에 회사의 일방적인 사정으로 계약을 중도 해지할 시 정당한 해고 사유와 절차를 따른다.",0
근로계약 체결 당시 퇴직금을 선납한 것으로 간주하여 퇴직 시 추가 퇴직금을 지급하지 않는다.,1
"근로계약 체결 시 작성한 비밀유지서약서의 위반 여부 판단은 객관적 법적 근거에 따르며, 근로자는 소명할 권리를 가진다.",0
"근로계약 체결 시 작성한 비밀유지서약서의 위반 여부 판단은 전적으로 회사의 자의적 기준에 따르며, 근로자는 이의 판단에 항변할 수 없다.",1
"근로계약기간을 정한 근로자가 부득이한 사정으로 조기 퇴사하더라도, 회사는 잔여 계약기간에 대한 손해배상을 청구하거나 위약금을 부과할 수 없다.",0
근로계약서 미체결 상태에서의 근무는 관습상 용역 근로로 간주하여 보험료 미적용 가능이다.,1
"근로계약서 상의 근로 장소가 특정되어 있는 경우, 출퇴근 시간이 왕복 3시간 이상 증가하는 타 지역으로의 변경은 반드시 근로자의 사전 동의를 얻는다.",0
"근로계약서, 임금명세서 등 근로조건에 관한 중요 문서는 교부 의무를 준수하되, 전자적 방법(이메일 등) 교부 시 근로자가 상시 출력할 수 있도록 조치한다.",0
"근로계약서는 근로기준법에 따라 서면 작성을 원칙으로 하며, 구두 약정만으로 근로 관계를 성립하지 않는다.",0
"근로계약서에 명시된 연장근로 사전 동의 조항에 의거하여 사측이 연장근로를 지시하는 경우 매회 별도 합의 없이 즉시 이행하여야 하며, 이의 제기를 허용하지 아니한다.",1
"근로계약서의 교부는 사내 인트라넷 또는 사내 게시판에 공지하는 것으로 대체하며, 근로자 개개인에 대한 서면 교부는 합의하에 생략한다.",1
"근로계약에 명시되지 않은 현저히 다른 업무를 근로자의 동의 없이 강제할 수 없으며, 직무 변경 시에는 근로조건의 변경에 대해 상호 합의한다.",0
근로계약에 명시된 소정근로일 외의 휴일근로에 대해서는 통상임금의 1.5배(8시간 이내) 또는 2배(8시간 초과)를 가산하여 지급한다.,0
"근로계약은 서면으로 작성하여 법정 요건을 충족하며, 구두 약정만으로는 유효하지 않다.",0
"근로기준법 위반 혐의로 수사·고소가 진행 중인 경우에는 무죄 추정의 원칙을 준수하며, 최종 판결 전까지는 어떠한 인사 불이익 처분도 하지 않는다.",0
"근로기준법 위반 혐의로 수사·고소가 진행 중인 경우에도 해당 근로자에 대한 인사·징계 절차를 계속 진행하며, 무혐의 확정 전까지 인사 불이익 처분을 유지한다.",1
"근로기준법 적용 여부 판단 시 상시근로자 수는 해외 파견 인원을 제외한 국내 직접 고용 인원만으로 산정하며, 이에 이의를 제기할 수 없다.",1
근로기준법상 1주 12시간 연장근로 한도를 초과하는 회사의 업무 지시에 대해서는 본 계약서 날인으로 근로자가 자발적 동의서를 제출한 것으로 간주한다.,1
근로기준법상 휴게시간은 근로자가 사용자의 지휘·감독에서 벗어나 외부로 나가는 등 완전히 자유롭게 이용할 수 있도록 실질적으로 보장한다.,0
"근로시간 산정 시 야외 테라스, 배달 대기 등 사용자 지시 아래 있는 모든 시간을 포함하여 최저임금 이상임을 보장한다.",0
"근로시간 중 사적 전화, 인터넷 서핑 등 업무 외 행위가 적발될 시 1회당 5만 원의 위약금을 부과하여 급여에서 차감한다.",1
"근로시간 중 업무와 무관한 사적 행위가 적발되더라도 취업규칙에 따른 정당한 징계 절차를 거치며, 임의로 벌금을 부과하여 급여에서 차감하지 않는다.",0
"근로시간 중의 짧은 화장실 이용, 식수 섭취 등 생리적 휴식은 근로시간에 포함되며, 이를 이유로 급여를 삭감하거나 연차를 차감하지 않는다.",0
근로시간을 명시하지 않는다.,1
근로시간을 명시한다.,0
"근로자 SNS 게시물에 대한 삭제 요구는 회사 기밀 침해 등 명확한 사유가 있는 경우에 한해 적법한 절차로 요청하며, 직원 개인의 정당한 표현의 자유를 침해하지 않는다.",0
"근로자 개인 성과 데이터 수집 시 수집 목적, 방법, 보유 기간을 사전에 고지하며, 부당한 목적으로 활용하지 않는다.",0
"근로자 개인의 건강 상태(당뇨, 고혈압 등 만성질환)를 이유로 특정 직무에서 배제하거나 승진 대상에서 제외할 수 있으며, 이는 업무 적합성 판단에 따른 인사 재량이다.",1
근로자 건의사항을 성실하게 검토하고 응한다.,0
"근로자 귀책이 없는 천재지변·재해로 인한 결근은 무단결근으로 처리하지 않으며, 해당 기간 동안 개인 연차를 강제 소진시키지 않는다.",0
근로자 대표 입장 제시 시 무능한 것으로 낙인찍는다.,1
근로자 대표를 선출하지 않은 사업장에서 회사는 대표이사 명의로 유연근무제·포괄임금제·연차사용 촉진 조치에 관한 서면합의를 체결할 수 있다.,1
근로자 대표와의 협의 없이 취업규칙을 일방적으로 변경할 수 있다.,1
근로자 안전보다 생산 일정을 우선한다.,1
근로자 안전이 최우선이다.,0
"근로자 의견 표현은 존중하며, 차별로 응하지 않는다.",0
근로자 의견을 경청한다.,0
근로자 의견을 무시한다.,1
근로자 제안을 경청하고 검토한다.,0
"근로자 질병 기간 중 회사가 의료비를 보전했으면, 퇴직금에서 그 금액을 차감한다.",1
근로자가 SNS에 회사에 대한 부정적인 내용을 게시하는 경우 회사는 해당 직원을 명예훼손으로 형사 고소하는 동시에 5천만 원의 손해배상을 청구한다.,1
"근로자가 건강상의 이유로 야간근로를 할 수 없음을 진단서 등을 통해 소명한 경우, 회사는 주간 근무로 전환하는 등 합리적인 배려 의무를 다한다.",0
"근로자가 고의 또는 중과실 없이 업무상 실수를 하더라도, 이로 인해 거래처가 이탈할 경우 해당 고객의 연간 예상 매출액을 배상하여야 한다.",1
근로자가 근무시간 외에 개인 자원과 시간으로 개발한 창작물은 회사 사업과 직접적인 연관이 없는 경우 근로자 개인의 저작권으로 인정한다.,0
근로자가 노동청에 진정하거나 민사소송을 제기한 것을 이유로 해고하거나 불리한 처우를 하는 행위는 근로기준법 위반으로 금지한다.,0
근로자가 노조 활동을 하면 작업 배치를 의도적으로 어렵게 한다.,1
"근로자가 부득이하게 지각한 경우 해당 시간만큼만 급여에서 공제하며, 지각을 이유로 반차나 연차휴가 사용을 강제하지 않는다.",0
"근로자가 사내 익명 게시판에 회사 처우에 관한 불만을 게시하는 경우, 회사는 게시자를 보호하며 게시 내용에 대해 성실히 검토한다.",0
"근로자가 사내 익명 게시판에 회사 처우에 관한 불만을 게시하는 경우, 회사는 게시자를 특정하여 명예훼손 혐의로 내부 징계 절차를 진행한다.",1
"근로자가 사내 체육대회 등 회사의 지배관리 하에 있는 행사 중 발생한 상해에 대해서는, 산재 처리가 신속히 이루어질 수 있도록 회사 차원에서 협조한다.",0
"근로자가 사직 의사를 번복하는 경우 회사는 이를 존중하는 방향으로 처리하며, 이미 제출된 사직서를 이유로 불이익을 주지 않는다.",0
"근로자가 사직서 제출 후 후임자에게 업무를 인수인계할 성실의 의무를 다하도록 지원하며, 인수인계 미흡을 이유로 퇴직금을 임의로 삭감하지 않는다.",0
"근로자가 사직서를 제출하였으나 회사가 수리하지 않은 경우, 민법에 따른 사직의 효력 발생 기간 동안 출근하지 못하더라도 별도의 위약금을 청구하지 않는다.",0
"근로자가 사직서를 제출한 날로부터 최소 1개월간은 정상 출근 의무가 있으며, 이 기간 중 무단결근 시 업무방해 손해배상 1천만 원을 청구한다.",1
"근로자가 신청한 연차유급휴가는 부서장의 사전 승인이 있어야만 확정되며, 승인 전 휴가 사용 시 무단결근으로 간주하여 징계한다.",1
"근로자가 업무 외 질병이나 부상으로 병가를 사용할 경우, 취업규칙에 따라 적절한 병가 기간을 보장하며 이를 연차휴가와 혼동하여 불이익을 주지 않는다.",0
"근로자가 업무와 무관한 개인 사유로 병원에 다녀오는 경우 해당 시간은 연차에서 분 단위로 차감되며, 남은 연차가 없는 경우 무급으로 처리한다.",1
"근로자가 연차유급휴가를 신청한 경우, 회사는 사업 운영에 막대한 지장이 있는 예외적인 경우에만 시기 변경권을 행사할 수 있으며 원칙적으로 승인한다.",0
"근로자가 예비군 훈련, 투표 등 공의 직무를 수행하기 위해 필요한 시간을 청구하면 회사는 이를 거부할 수 없으며 그 시간은 유급으로 처리한다.",0
근로자가 요청하는 경우 업무의 특성을 고려하여 연차유급휴가를 반차 또는 2시간 단위 등 시간 단위로 분할하여 유연하게 사용할 수 있도록 제도를 운영한다.,0
"근로자가 육아기 근로시간 단축을 신청하는 경우 회사는 이를 허용하며, 단축 후의 근로조건을 명확히 서면으로 명시한다.",0
"근로자가 임금 인상 협상을 목적으로 집단 행동을 주도하거나 참여하는 경우, 회사는 해당 직원들에 대해 동시 해고 등 단체 조치를 취할 수 있다.",1
"근로자가 임금 인상 협상을 목적으로 집단 행동을 하는 경우라도, 회사는 이를 정당한 노조 활동으로 인정하며 단체 행동을 이유로 불이익을 주지 않는다.",0
"근로자가 임금 지급을 독촉하는 내용증명을 발송하는 경우, 회사는 이를 사내 기강 문란 행위로 보아 인사위원회에 회부하여 징계 처분할 수 있다.",1
근로자가 임금 체불이나 부당한 처우에 대해 노동청 등 관계 기관에 진정하거나 구제를 신청한 것을 이유로 회사는 해고 등 불리한 처우를 하지 못한다.,0
"근로자가 자발적 퇴직을 희망하는 경우 사직서를 제출하고 인수인계에 협조하되, 회사는 조기 퇴사를 이유로 부당한 위약금을 청구하지 않는다.",0
"근로자가 재직 중 회사에 손해를 끼친 경우 사측은 손해배상채권을 퇴직금 및 미지급 임금과 상계하여 정산할 수 있으며, 이를 전액지급 원칙의 예외로 본다.",1
"근로자가 정년까지 근속하면 퇴직금을 지급하나, 60세 이전 자진 퇴사하는 경우 퇴직금의 50%만 지급하는 '선택적 퇴직금 제도'에 동의한다.",1
"근로자가 정당한 소명 없이 무단결근한 경우 해당 결근일에 대한 임금과 주휴수당만 공제하며, 다음 달의 기본급까지 징벌적으로 소급하여 삭감하지 않는다.",0
근로자가 직무상 취득한 내부 기술 문서 등의 비밀 유지 의무는 퇴사 후 2년을 초과하지 않는 기간 내에서만 적용한다.,0
근로자가 직무와 관련하여 발명한 직무발명에 대해서는 회사로 권리가 승계될 경우 발명진흥법에 따라 정당한 보상금을 별도로 지급한다.,0
"근로자가 질병 등의 사유로 휴직을 신청하는 경우, 취업규칙에 정해진 바에 따라 휴직을 승인하고 휴직 기간 만료 시 원직 복직을 원칙으로 보장한다.",0
"근로자가 징계위원회에 회부된 경우, 대면 소명 및 대리인 동석 권리를 보장하며 소명에 필요한 충분한 변론 기회를 부여한다.",0
"근로자가 징계위원회에 회부된 경우, 대면 소명이나 노무사 등 대리인 동석 권리는 원천적으로 차단되며 오직 서면으로만 소명할 수 있다.",1
근로자가 퇴근 후 개인 시간과 자원으로 개발한 애플리케이션은 회사 업무와 직접적 연관이 없으면 근로자의 개인 저작권으로 인정한다.,0
"근로자가 퇴사 의사를 밝힌 후 인수인계 기간(30일)을 채우지 않을 경우, 회사는 퇴직금의 30%를 위약금으로 공제하고 지급한다.",1
"근로자가 퇴사 의사를 밝힌 후 인수인계 기간(30일)을 채우지 않을 경우에도, 회사는 퇴직금 전액을 법정 기한 내에 지급한다.",0
근로자가 퇴직 전 사용하지 못한 연차유급휴가에 대해서는 법정 연차수당을 퇴직일로부터 14일 이내에 지급한다.,0
"근로자가 퇴직한 후라도 사용기간, 업무 종류, 지위와 임금 등 취업 관련 증명서를 청구하면 회사는 사실대로 기재하여 즉시 교부할 의무를 진다.",0
"근로자는 근무시간 외에 회사 업무에 지장을 주지 않는 범위 내에서 겸업을 할 수 있으며, 직무상 중대한 이해상충이 발생하는 경우에 한하여 회사의 사전 승인을 받도록 한다.",0
근로자는 퇴직 시 회사가 지정하는 서약서(영업비밀유지 및 민형사상 이의제기 금지)에 서명해야만 마지막 월 급여를 수령할 수 있다.,1
"근로자는 퇴직 후 2년간 회사의 반경 10km 이내에서 동종 업종에 취업할 수 없으며, 위반 사실이 적발될 시 수령한 퇴직금을 전액 반환한다.",1
"근로자는 헌법상 직업선택의 자유를 가지며, 퇴직 후 영업비밀 침해가 아닌 일반적인 동종 업계로의 이직을 부당하게 제한받지 않는다.",0
"근로자는 헌법에 보장된 노동3권에 따라 자유롭게 노동조합을 설립하거나 가입할 수 있으며, 회사는 노조 활동을 이유로 불이익을 주지 않는다.",0
근로자의 개선 제안을 무시한다.,1
"근로자의 개인 SNS 및 기술 커뮤니티 활동은 회사 기밀을 침해하지 않는 한 자유롭게 허용하며, 이를 이유로 불이익을 주지 않는다.",0
"근로자의 개인 SNS 활동은 개인의 자유이며, 회사가 제한할 수 없다.",0
"근로자의 개인 SNS 활동은 개인의 자유이며, 회사와 무관한 내용에 대해 통제하지 않는다.",0
"근로자의 개인 SNS 활동은 개인의 자유이며, 회사와 무관한 내용에 대해 회사가 통제하거나 징계하지 않는다.",0
근로자의 개인 노트북 손상은 근로자 귀책이 아닌 경우 회사가 책임진다.,0
"근로자의 개인 메일 모니터링은 금지되며, 회사 메일만 회사가 관리할 수 있다.",0
근로자의 개인 사내 동아리는 근로자 자치 활동으로 보호받는다.,0
근로자의 개인 신용카드로 회사 물품을 구매한 후 상환하지 않을 수 있다.,1
"근로자의 개인 정보 및 인사 기록은 본인의 동의 없이 제3자에게 제공할 수 없으며, 퇴직 후에는 법령에 따라 안전하게 파기 또는 보관한다.",0
근로자의 건강 검진 비용은 복리후생이 아닌 회사 의무가 아닌 것으로 간주한다.,1
근로자의 건강 검진 비용은 산업안전보건법에 따라 회사가 전액 부담한다.,0
"근로자의 건강 검진은 산업보건법상 사용자의 의무이며, 복리후생이 아닌 법정 책임이다.",0
"근로자의 경조사 휴가는 법정 휴가이며, 휴가 사용으로 인한 업무 공백을 근로자 책임으로 귀속하지 않는다.",0
"근로자의 과실로 재산상 손해가 발생하더라도, 손해액의 산정 및 배상 청구는 민사 절차를 따르며 사적 구제 형태로 급여에서 강제 징수하지 않는다.",0
"근로자의 병가 사용은 법정 권리이며, 과다 사용을 이유로 징계할 수 없다.",0
"근로자의 사내 고충 처리 신청에 대해서는 합리적인 기간 내에 결과를 통보하며, 신청을 이유로 인사상 불이익을 주지 않는다.",0
근로자의 사직서 작성 후 중도 취소 신청은 불성실 행위로 간주할 수 있다.,1
"근로자의 사직서 중도 취소는 정당한 권리이며, 불성실 행위로 간주하지 않는다.",0
"근로자의 야간 메시지 응답 시간을 업무 평가 항목으로 포함하지 않으며, 근무 시간 후 응답을 강제하지 않는다.",0
"근로자의 업무상 실수가 경영상 손실로 이어지더라도, 회사의 관리 감독 책임과 근로자의 과실 비율을 엄격히 따져 합리적 수준에서만 책임을 묻고 전액 배상을 강요하지 않는다.",0
"근로자의 오픈소스 기여, 기술 블로그 운영 등 개인 성장 활동을 장려하며, 회사 기밀을 침해하지 않는 범위 내에서 자유롭게 허용한다.",0
"근로자의 육아기 근로시간 단축 신청은 법정 요건 내에서 반드시 허용하며, 단축에 따른 직책수당 등 추가 불이익을 주지 않는다.",0
"근로자의 인적사항 변동(혼인, 출산 등)을 이유로 배치 전환을 한다.",1
"근로자의 인적사항 변동(혼인, 출산 등)을 이유로 배치 차별을 안 한다.",0
근로자의 제안을 경청하고 검토 결과를 피드백한다.,0
"근로자의 종교 신앙일 휴가 신청은 종교의 자유이며, 개인사를 이유로 거부할 수 없다.",0
근로자의 종교 신앙일 휴가 신청을 개인사 우선 순위로 거부할 수 있다.,1
"근로자의 중대한 귀책사유로 징계해고를 당하더라도, 회사는 이미 적립되거나 발생한 법정 퇴직금을 전액 기한 내에 지급한다.",0
"근로자의 지각, 조퇴, 외출 시에는 실제 근로하지 않은 시간에 대해서만 해당 급여를 공제하며, 징벌적 목적으로 추가 금액을 삭감하지 않는다.",0
"근로자의 질병 기간 중 회사가 의료비를 보전한 경우 이는 복리후생이며, 퇴직금에서 차감하지 않는다.",0
"근로자의 키보드 모니터링은 법적 범위 내에서만 적용되며, 과도한 감시는 금지다.",0
근로자의 퇴사 당일 최종 급여 지급 대신 분기별 정산으로 미루어 지급할 수 있다.,1
근로자의 퇴사 시 최종 급여는 법정 기한 내에 지급되어야 한다.,0
근로자의 투자 권유는 금지된다.,0
근로자의 해고는 정당한 사유와 30일 전 예고 원칙을 준수한다.,0
근로자의 회사 내 파벌 형성 가능성을 사전에 차단하기 위해 개인 SNS 친구 추가를 금지할 수 있다.,1
근무 방식 변경은 충분한 통지와 협의를 통해 한다.,0
근무 복장 비용은 초봉에서 선공제한다.,1
근무 시간 변경 요청은 회사의 정당한 사유가 있을 때만 거부할 수 있다.,0
"근무 시간 외 메신저 응답은 강제되지 않으며, 기본 직무가 아니다.",0
근무 시간 외 메신저 응답을 기본 직무로 간주한다.,1
근무 중 개인 물품 손상은 회사가 책임지지 않으며 근로자가 관리한다.,1
근무 중 개인 물품 손상은 회사의 관리 과실이 있는 경우 회사가 보상한다.,0
"근무 중 부상 시 즉시 치료 기회를 제공하며, 강제 복귀를 하지 않는다.",0
근무 중 부상도 '조심 부족'이라 본다.,1
"근무 중 키로거 설치를 강제할 수 있으며, 직원 동의는 불필요하다.",1
근무 평가 결과를 투명하게 공개하지 않고 일방적으로 급여에 반영할 수 있다.,1
"근무복(유니폼) 세탁이 업무상 필요한 경우 세탁 수당을 지급하거나 회사에서 세탁을 처리하며, 그 비용을 근로자에게 전가하지 않는다.",0
"근무성적 평가에 따라 차등 지급되는 성과수당·근속수당은 고정성이 없으므로 통상임금에서 제외하며, 연장·야간·휴일근로수당 산정 기초에 포함하지 아니한다.",1
근무시간 외 개인 시간에 개발한 결과물이라도 회사 사업과 유사성이 있으면 저작권은 회사에 귀속된다.,1
근무시간 외 개인 시간의 창작물은 회사 사업과 직접적 연관이 없으면 근로자 저작권을 인정한다.,0
"근무에 필요한 도구나 교재는 회사가 제공하며, 회사 소유로 관리한다.",0
"근무지 변경 거부 시 자발적 퇴사 처리를 금지하며, 근로자의 의사와 무관하게 이직 확인서 발급을 거부하는 것은 위법이다.",0
"근무지 변경 또는 직무 전환이 필요한 경우 사전에 충분히 협의하고, 생활상 불이익을 최소화하기 위한 지원 방안을 함께 검토한다.",0
근무지 변경 요청은 가능한 범위 내에서 수용된다.,0
"근무지 이전(본사→지방 지점) 거부 시 자발적 퇴사로 처리하며, 이 경우 퇴직금 지급 의무를 면제하고 이직 확인서 발급을 거부한다.",1
"근무환경 개선 의견을 청취하며, 적극 반영한다.",0
"금융 API 개발자의 코드 버그는 소프트웨어 개발의 정상 과정이며, 배상금을 개발자가 부담하지 않는다.",0
금융 API 개발자의 코드 버그로 인한 고객 피해 배상금은 개발자가 부담한다.,1
금융 거래 수수료 인상을 거래자의 책임으로 돌릴 수 있다.,1
금융 거래 수수료는 사전에 명확하게 고지된다.,0
금융 거래 중 고객의 비밀 정보를 내부적으로 공유할 수 있다.,1
"금융 거래 중 시스템 오류는 회사의 책임으로 처리하며, 거래자 책임이 아니다.",0
금융 거래 중 시스템 오류로 고객이 손실을 본 경우 거래자의 책임으로 간주할 수 있다.,1
"금융 고객 데이터 유출 책임은 정보보안 시스템에 있으며, 개별 직원에게 배상을 청구하지 않는다.",0
금융 고객 데이터 유출 책임자는 유출 규모에 따라 급여 차감액이 결정된다.,1
금융 교육 프로그램 미수료 시 다음 분기 급여 차감을 진행한다.,1
"금융 교육 프로그램 미수료는 직무 조정의 사유가 될 수 있으나, 급여 차감의 사유는 아니다.",0
금융 기관 콜센터의 상담 품질 저조로 인한 고객 불만 증가를 상담사 급여에 반영한다.,1
금융 기관의 고객 자산 손실 책임을 담당 IB(투자은행원)로 명시할 수 있다.,1
"금융 상담 직원이 고객에게 불완전 판매 민원이 제기되어 배상 결정이 내려진 경우, 배상액의 30%를 해당 직원이 분담하도록 사규에 명시한다.",1
"금융 상담 직원이 고객에게 불완전 판매 민원이 제기되어 배상 결정이 내려진 경우라도, 회사의 관리 책임을 우선하여 전액 보상한다.",0
금융 상담사의 상담 건수는 품질과 함께 평가한다.,0
금융 상담사의 상담 건수를 무제한 증가시킬 수 있다.,1
금융 상담사의 상담 결과는 여러 시장 요소를 포함하여 평가한다.,0
금융 상담사의 상담 결과로 인한 고객 손실을 상담사의 책임으로 할 수 있다.,1
"금융 상품 불완전 판매 배상이 결정된 경우 판매 절차 위반 여부를 공정히 조사하며, 근로자에게 과도한 배상 분담을 강제하지 않는다.",0
"금융 상품 판매 관련 민원이 발생한 경우 원인을 공정하게 조사하며, 판매 절차를 준수한 직원에게 소송 비용을 분담시키지 않는다.",0
"금융 상품 판매 목표 미달 시 다음 분기 목표를 상향 조정하며, 달성 불가능 강요한다.",1
금융 상품 판매 부진 시 상품팀의 기획 오류로 판매사원의 보너스 차감한다.,1
금융 상품 판매 중 발생한 민원 또는 손해배상 소송이 발생하면 소송 비용의 20%와 합의금의 10%를 담당 직원이 분담하여야 한다.,1
금융 상품 판매 후 고객이 환매를 요청하면 판매자의 실패로 간주할 수 있다.,1
"금융 상품 판매 후 환매는 고객의 정당한 권리이며, 판매자의 실패로 보지 않는다.",0
금융 상품의 거래 수수료 감소는 마케팅과 상품 개선으로 대응한다.,0
금융 상품의 거래 수수료 수입 감소는 거래팀의 영업 부진으로 평가한다.,1
금융 시뮬레이션 결과가 실제 시장 변동과 다르면 분석팀의 역량 부족으로 평가한다.,1
금융 시뮬레이션 오류는 분석 시스템 개선으로 대응한다.,0
금융 중개 과정에서 분쟁 발생 시 회사와 중개인이 함께 책임을 검토한다.,0
금융 중개 과정에서 클라이언트와의 분쟁 발생 시 중개인의 책임으로 간주한다.,1
금융 컨설턴트의 고객 상담 기록을 임의로 공개할 수 있다.,1
"금융 콜센터 상담 품질은 시스템, 교육, 인력 등 복합 요소의 결과이며, 상담사만 책임 지우지 않는다.",0
금융 콜센터 상담사의 통화 시간 초과 패턴 시 해당월 인센티브 전액 몰수한다.,1
"금융 콜센터 상담사의 통화 시간 초과 패턴은 상담 품질 관리 대상이며, 인센티브 전액 몰수하지 않는다.",0
금융 콜센터 상담사의 평균 통화 시간은 품질 기준과 함께 평가한다.,0
금융 콜센터 상담사의 평균 통화 시간이 기준을 초과하면 인센티브를 공제한다.,1
"금융권 직원의 자격증 갱신 비용은 회사가 지원하며, 불합격의 책임을 개인에게 귀속하지 않는다.",0
금융권 직원의 자격증 갱신 실패 시 해당 근무지에서 배치 전환될 수 있다.,1
금융기관 내부 감시 결과를 일방적으로 징계 사유로 사용한다.,1
"금융기관 직원의 금융 관련 자격증 취득 비용은 개인이 부담하며, 합격하지 못할 시 응시료도 회사가 보전하지 않는다.",1
금융기관 직원의 세무조사 시 회사의 협조 의무를 직원에게 전가한다.,1
"금융기관 직원의 자격증 취득 비용은 회사가 부담하며, 불합격 응시료도 회사가 보전한다.",0
"금융기관 직원의 자격증 취득 비용은 회사가 지원하며, 취득 여부는 역량 판단의 모든 기준이 아니다.",0
금융기관 직원의 자격증 취득 실패는 업무 능력 부족의 증거로 기록된다.,1
금융기관 직원의 학력이 명시된 기준 이하면 승진 대상 제외 가능하다.,1
금융기관 창구 직원의 고객 만족도 점수가 낮으면 인센티브를 차감한다.,1
"금융기관 창구 직원의 고객 만족도는 시스템, 정책 등 여러 요소의 결과로 평가한다.",0
금융기관 텔러의 금전 오류(출금액 착각 등)로 인한 차액은 즉시 급여에서 공제한다.,1
"금융기관 텔러의 금전 오류는 업무상 정상적으로 발생할 수 있으며, 차액을 개별 급여에서 공제하지 않는다.",0
금융기관의 고객 이탈 책임을 고객 관계팀에게 일방적으로 부과한다.,1
금융기관의 고객 이탈은 서비스 개선으로 대응한다.,0
"금융기관의 고객 자산 변동은 시장 변동의 결과이며, IB 개인의 책임으로만 귀속하지 않는다.",0
금융기관의 고객 자산 변동은 시장 상황을 포함하여 평가한다.,0
금융기관의 고객 자산 변동을 담당 어드바이저의 투자 능력 부족으로 평가한다.,1
금융기관의 내부 감시 결과 이상 거래 발견 시 관련 직원에게 징계를 할 수 있다.,1
금융기관의 내부 감시 결과 이상 거래는 시스템 개선이 먼저 검토된다.,0
금융기관의 불량채권 발생을 여신담당자의 심사 부실로 간주한다.,1
금융기관의 불량채권은 심사 시스템 개선으로 대응한다.,0
"금융상품 개발 비용은 회사가 부담하며, 판매팀에서 공제하지 않는다.",0
금융상품 개발 비용을 판매팀의 급여에서 공제할 수 있다.,1
금융상품 개발팀의 상품 판매 부진 원인을 개발팀의 기획 오류로 귀속한다.,1
"금융상품 개발팀의 상품 판매 부진은 마케팅 지원과 시장 상황의 결과이며, 개발팀 책임이 아니다.",0
금융상품 광고 효과 분석 결과 저조하면 마케팅팀의 성과급을 삭감한다.,1
금융상품 광고 효과 분석은 여러 변수를 포함하여 평가한다.,0
"금융상품 판매 부진은 상품 기획, 마케팅, 시장 등 다양한 요소의 결과이며, 판매사원만 책임 지우지 않는다.",0
금전 오류 책임을 최종 담당자에게 전적으로 부과할 수 있다.,1
금전 오류는 누구의 과실인지 객관적으로 조사하여 책임을 판단한다.,0
"급여 감액은 근로자 합의를 거쳐야 하며, 일괄 감액은 위법이다.",0
급여 계산 오류를 발견했을 때 역납을 요구할 수 있다.,1
급여 명세서를 정시에 준다.,0
급여 명세서를 주지 않는다.,1
급여 명세서상 '생산장려금' 명목으로 지급되는 금액은 실질적으로 연장근로수당 성격임에도 통상임금 산입 대상에서 제외하기로 상호 합의한다.,1
급여 변경은 사전 공지와 협의를 거쳐야 한다.,0
"급여 보류는 불법 행위이며, 즉시 지급되어야 한다.",0
"급여 오류의 역납은 임금 감액 규정이 아니며, 합의에 의해서만 가능하다.",0
"급여 인상 약속은 서면 계약으로 보호되며, 일방 폐기는 금지다.",0
급여 인상 약속을 일방적으로 폐기할 수 있다.,1
급여 인상은 명확한 기준을 정하여 진행한다.,0
"급여 지급 기일은 법정 기한을 준수하여야 하며, 임의 지연은 금지다.",0
급여 지급 기일이 지나도 자금 부족 시 지급을 미룰 수 있다고 명시할 수 있다.,1
"급여 지급 지연 시 이자를 지급하지 않으며, 연체 기간도 근무 기간으로 인정하지 않는다.",1
"급여 지급 지연 시 지연이자를 지급하며, 지연 기간도 근무 기간으로 인정한다.",0
급여 협상을 거부한다.,1
급여 협상을 열어준다.,0
"급여는 상계 대상이 아니며, 별도로 청구해야 한다.",0
"급여는 상계 대상이며, 즉시 임의로 공제해야 한다.",1
"급여는 현금으로 지급되어야 하며, 주식옵션만으로는 불가능하다.",0
"급여에서 3.3% 사업소득세를 공제하는 프리랜서 위촉 계약이므로, 실제 출퇴근 지시를 받더라도 근로기준법상 주휴수당 및 연차휴가는 적용하지 않는다.",1
"기간의 정함이 있는 계약직의 계약 만료는 해고에 해당하지 않으므로, 갱신 거절 시 해고 서면 통보 의무 및 정당한 이유 제시 의무가 발생하지 아니한다.",1
"기간제 근로계약이 수차례 갱신되어 근로자에게 정당한 갱신 기대권이 형성된 경우, 회사는 합리적 이유 없이 재계약을 거절할 수 없다.",0
"기간제 근로자에게도 정규직 근로자와 동일한 사내 복리후생 시설(구내식당, 체력단련실, 주차장 등)의 이용을 차별 없이 보장한다.",0
"기계 고장으로 인한 가동 중단 시간도 근로시간으로 인정하되, 이 기간 임금은 기본급의 70%만 지급한다.",1
기계 고장으로 인한 가동 중단 시간도 근로시간으로 인정하여 동일한 임금을 지급한다.,0
기계 오류는 기계 책임으로 본다.,0
기계 오류를 근로자 탓으로 돌린다.,1
"기계 조작 중 경미한 사고는 직업 재해로 인정하며, 진료비는 산재보험으로 처리한다.",0
"기계 조작 중 발생한 제품 손상의 책임은 사고 경위를 파악하여 처리하며, 수리비는 회사가 전액 부담한다.",0
"기계 조작 중 발생한 제품 손상의 책임은 전적으로 해당 근로자에게 있으며, 수리비는 근로자가 부담한다.",1
"기계 조작 중 정상적 사용 범위에서 발생한 손상은 회사가 책임지며, 근로자의 중대 과실이 입증된 경우에만 합리적 범위 내 책임 공유를 검토한다.",0
기계 조작자의 안전 불감증으로 인한 경미한 사고는 개인의 과실이므로 진료비를 본인이 부담한다.,1
기본급 없이 실적금만으로 급여를 계산한다.,1
기본급 외 모든 수당은 별도로 계산한다.,0
"기본급 외 발생하는 연장, 야간, 휴일근로에 대해서는 법정 기준에 따라 수당을 추가로 지급한다.",0
기본급에 모든 수당이 포함되어 있다.,1
"기본급에 연장수당, 야간수당, 휴일수당이 모두 포함되어 있으므로 추가 청구는 불가하다.",1
"기본급은 최저임금 이상이어야 하며, 수당은 기본급 외에 별도로 지급된다.",0
"기본급은 최저임금 이상이어야 하며, 실적금은 추가 지급된다.",0
기숙사 및 사택 제공의 대가로 근로자의 별도 서면 동의 없이 매월 급여의 20%를 시설 유지비 명목으로 사전 자동 공제한다.,1
"기숙사비는 급여가 아니며, 급여 공제로 처리할 수 없다.",0
기술 개발을 지원하지 않는다.,1
기술 개발을 지원한다.,0
기술 교육은 모든 근로자에게 공평하게 제공한다.,0
기술 교육을 지원한다.,0
기술 부채가 쌓여도 개발자 책임으로 보고 급여를 깎는다.,1
"기술 부채는 팀 차원에서 함께 해결하며, 개인만 책임지지 않는다.",0
기술 선택 의견을 무시하고 일방적으로 결정한다.,1
기술 선택에 개발자 의견을 존중하고 반영한다.,0
기술 선택을 이유로 성과 평가를 낮춘다.,1
기술 선택을 전문성 판단으로 본다.,0
"기술 세미나는 개발자가 선택할 수 있으며, 회사가 비용을 지원한다.",0
"기술 스택 불일치는 채용 단계에서 명확히 하며, 입사 후 일방적 변경은 하지 않는다.",0
기술 스택 선택 오류는 회사의 기술 검토 프로세스를 함께 평가한다.,0
기술 스택 선택 오류로 인한 리팩토링 비용을 선택한 개발자가 부담한다.,1
기술 채무 해결은 개발 로드맵에 포함되어 계획적으로 진행한다.,0
기술 채무(Tech Debt) 해결을 개발자의 개인 시간에 하도록 강제할 수 있다.,1
기업의 경영상 어려움을 이유로 급여 일시 감액(예: 50%)을 합의 절차 없이 시행할 수 있다.,1
"기왕증이 있는 근로자의 업무 관련 상해에 대해 기왕증 기여도만큼 보상 책임이 감경되며, 기왕증이 주된 원인으로 인정되는 경우 업무상 재해 보상 의무를 부담하지 아니한다.",1
기저귀 교체 등 배설물 처리는 위생 용품을 충분히 제공한다.,0
기저귀 교체 중 환자 욕설 발생 시 고충 처리 절차에 따라 보호받는다.,0
기저귀 교체 중 환자 욕설은 직업 특성이라 참아야 한다.,1
기혼여성 근로자의 출장이나 야근 배정 시 평등한 기준을 적용한다.,0
기혼여성 근로자의 출장이나 야근을 우선적으로 배정한다.,1
기후 악화에도 배송을 강요한다.,1
"깃허브 기여도는 평가의 참고만 하며, 주요 평가 항목이 아니다.",0
깃허브 비공개 저장소에 저장된 코드는 회사 자산으로 간주한다.,1
"깃허브 저장소는 근로자의 개인 학습 도구이며, 저장소 내용을 일방적으로 회사 자산으로 간주하지 않는다.",0
"깃허브, 블로그 등 외부 활동 내역을 주기적으로 보고하여야 하며, 회사와 경합하는 기술 공유 시 징계한다.",1
"깨진 노트북, 모니터 등 개발용 장비 손상 시 근로자가 배상한다.",1
깨진 식기는 근로자가 전액 배상한다.,1
깨진 식기는 회사가 소모품 처리한다.,0
나이 차별을 안 한다.,0
"나이 차별을 정당화하며, 불이익을 준다.",1
나이 차별을 하지 않는다.,0
나이 차별을 한다.,1
나이가 많은 근로자는 신기술 교육에서 제외한다.,1
낙상 발생 시 안전대 미착용으로 책임을 전가한다.,1
"낙상 사고 등 환자 안전 사고 발생 시 인력 부족 등 구조적 요인을 우선 검토하며, 개인 근로자에게 부당한 재정적 불이익을 주지 않는다.",0
낙상 사고로 인한 요양보호사의 책임은 감시 소홀로 자동 귀속된다.,1
낙상 예방 교육과 안전대 착용을 철저히 한다.,0
"난임치료휴가를 청구하는 근로자에게 연간 3일의 휴가를 부여하며, 최초 1일은 유급으로 보장한다.",0
"날씨(폭우, 폭설)가 나빠도 작업을 강행한다.",1
"남녀고용평등법에 따라 성별, 국적, 신앙 또는 사회적 신분을 이유로 임금 및 교육, 배치, 승진 등 근로조건 전반에서 차별을 금지한다.",0
"남녀고용평등법에 따라 성별, 혼인, 가족 안에서의 지위 등을 이유로 임금, 교육, 배치, 승진 등에 있어서 합리적인 이유 없는 차별을 하지 않는다.",0
"납기 이후 클라이언트 추가 요청 작업은 신규 프로젝트로 간주하며, 해당 시간에 대해 추가로 임금을 지급한다.",0
"납기 지연으로 발생한 위약금은 회사가 부담하며, 이를 이유로 근로자의 임금이나 인센티브에서 일방적으로 차감하지 않는다.",0
"내규 변경은 근로자 대표 또는 협의를 통해 이루어지며, 일방적 변경은 금지다.",0
"내부 갈등은 공정한 중재 절차를 거쳐 해결하며, 집단 징계는 금지다.",0
내부 감시 결과는 공정한 절차를 거쳐 징계 사유로 사용된다.,0
내부 교육이 근무시간 이후에 진행되는 경우 해당 시간을 연장근로로 인정하여 수당을 지급한다.,0
"노동위원회의 근로자 귀책 판정이 내려진 경우, 해당 판정을 근거로 한 사측의 손해배상청구에 이의를 제기할 수 없으며 민사소송 제기를 금한다.",1
노인요양시설 종사자도 젊은 직원과 동일한 신체 활동을 강요한다.,1
노인학대 의심 상황도 보고하지 않도록 암시한다.,1
노조 전임자의 경우 단체협약에 명시된 타임오프 시간을 초과한 모든 사내 활동은 불법 파업으로 간주하여 즉각 해고할 수 있다.,1
노조 활동을 보호한다.,0
노조 활동을 이유로 업무 배치를 차별하지 않는다.,0
노조 활동을 탄압한다.,1
"노조의 적법한 쟁의행위(파업)에 참가한 기간 동안에는 무급으로 처리함은 물론, 해당 기간을 결근으로 간주하여 다음 해 연차유급휴가 일수에서 삭감한다.",1
노후 대비 지원을 하지 않는다.,1
노후 대비를 지원한다.,0
녹음실 사용료는 제작사가 부담한다.,0
녹음실 사용료를 개인이 부담하도록 강요한다.,1
"다수 인원을 모집하여 현장 운영을 책임지고 식사·숙소를 제공하는 자는 근로기준법상 사업주로 간주하며, 해당 현장 종사자에 대한 산재보험 관계는 당해 사업주에게 귀속한다.",1
"다양한 강의 방식을 존중하며, 차별하지 않는다.",0
단속이나 감시를 일상적으로 한다.,1
단속이나 감시를 일절 하지 않는다.,0
"단시간 근로자가 소정근로시간을 초과하여 추가 근로를 한 경우, 기간제법에 따라 초과 근로시간 전체에 대하여 통상임금의 100분의 50 이상을 가산하여 정당하게 지급한다.",0
"단시간 근로자가 약정된 근로일 외에 회사의 요청으로 추가 근무를 하더라도, 주 40시간 미만인 경우에는 1.5배 가산수당을 일절 지급하지 않는다.",1
"단시간 근로자도 정규직과 동일한 이유가 없는 한 동등한 처우를 받을 권리가 있으며, 단시간이라는 이유로 복리후생에서 부당하게 배제하지 않는다.",0
"단시간 근로자와 근로계약을 체결할 때에는 주휴일, 근로일 및 근로일별 근로시간을 근로계약서에 반드시 서면으로 명시한다.",0
"단시간 근로자의 소정근로시간을 초과하여 연장근로를 지시할 경우, 당사자의 동의를 얻어야 하며 법정 가산 수당을 지급한다.",0
"단일 사업장에서 3개월 미만 근무한 일용근로자의 평균임금은 통상근로계수를 적용하여 산정하며, 연속 근무 기간을 이유로 한 통상임금 기준 산정 요구를 허용하지 아니한다.",1
단체 카카오톡 등 사내 메신저를 통한 퇴근 후 상사의 지시에 30분 이내에 응답하지 않을 경우 근무 태만으로 보아 인사평가에 감점 반영한다.,1
"단체협약에 명시된 상여금 및 차량유지비는 경영 실적에 따라 사측이 지급 여부를 결정하며, 미지급 시에도 근로기준법상 임금으로 간주하지 않고 일체의 이의 제기를 금한다.",1
"단체협약에 정한 자동퇴직 사유 발생 시 별도의 해고 통보나 절차 없이 근로관계가 즉시 종료되며, 부당해고 구제신청은 허용하지 아니한다.",1
"담당 원생 수가 회사에서 정한 일정 기준 이하로 감소할 경우, 갑은 을의 동의 없이 기본급을 감액 비율에 따라 임의로 조정할 수 있다.",1
당해 연도에 사용하지 못한 연차유급휴가에 대해서는 근로기준법에 따른 연차휴가 사용 촉진 조치를 적법하게 거치지 않은 한 미사용 연차수당을 지급한다.,0
"당해 연도에 사용하지 못한 연차휴가 수당은 회사의 재무 사정에 따라 지급하지 아니하며, 미사용 연차는 자동 소멸하는 것을 원칙으로 한다.",1
대출 모집인의 월 목표 실적을 미달성한 경우 기본 수당을 지급하지 않으며 인센티브 기반 수수료만을 지급하는 완전 성과급제로 전환한다.,1
"대출 심사 직원이 부실 여신 심사로 인해 대출금 회수 불능이 발생하는 경우, 해당 직원의 성과급 전액을 5년간 지급 유보한 후 상계 처리할 수 있다.",1
대학생 아르바이트의 학사일정(시험기간)으로 인한 근무 불가 통보는 개인 사정으로 급여 감액한다.,1
"대학생 아르바이트의 학사일정은 정당한 사유이며, 학업 우선권을 존중하고 급여 감액하지 않는다.",0
"댓글 응대는 선택 사항이며, 강제하거나 추가 업무로 보지 않는다.",0
"데이터 센터 운영 중 전력 장애는 인프라 관리의 결과이며, 시스템 운영자를 책임 주체로 하지 않는다.",0
데이터 센터 운영 중 전력 장애로 인한 서비스 중단은 시스템 운영자의 대응 부족이므로 급여 차감 사유다.,1
데이터베이스 관리자의 데이터 백업 실패로 인한 손실은 관리자의 책임이다.,1
데이터베이스 관리자의 백업 실패는 시스템 설계와 프로세스 개선을 함께 검토한다.,0
데이터베이스 마이그레이션 작업을 개발팀에게 무상으로 강제할 수 있다.,1
"데이터베이스 마이그레이션은 별도 프로젝트로 관리하며, 무상 강제는 금지다.",0
"도급계약 수급인은 독립 사업자이며, 사측의 작업 지시는 도급 범위 내 안전 지도에 한하므로 근로기준법 및 산재보험의 적용 대상이 아님을 확인한다.",1
도난 발생 시 배송 앱 보험으로 처리한다.,0
도난 발생 시 배송원이 전액 현금 배상한다.,1
동료와의 팀워크도 평가 요소에 포함된다.,0
드라마 촬영 중 야간 촬영은 드라마 제작 특성상 추가 수당 없이 포함된 것으로 간주한다.,1
"드라마 촬영 중 야간 촬영은 야간 근로이며, 야간 근로수당을 지급한다.",0
"등기 임원 또는 이사로 선임된 자는 근로기준법상 근로자에 해당하지 않으며, 보수는 위임계약에 따르고 퇴직금·연차수당 등 법정 급여 청구권이 발생하지 아니한다.",1
"등기상 임원 지위가 없는 실질적 경영자는 근로기준법상 사용자에 해당하지 아니하며, 형식상 대표이사만이 근로기준법상 사용자로서 법적 책임을 부담한다.",1
디자인은 상세 가이드라인 하에서 한다.,0
라디오 방송 중 기술적 오류 발생 시 방송진의 책임으로 간주할 수 있다.,1
라디오 방송 중 기술적 오류는 기술팀과 방송진이 함께 책임을 검토한다.,0
라디오 방송인의 퀵 뉴스 대응은 야간 주말도 준비 의무로 별도 수당 미지급이다.,1
"라디오 방송인의 퀵 뉴스 대응은 정기 근무의 일부이며, 야간 주말 대응 시 추가 수당을 지급한다.",0
"라이더의 GPS 이탈은 도로 상황 등 외부 요인을 고려하여 판단하며, 단순 이탈을 이유로 수수료를 일괄 삭감하지 않는다.",0
"라인 교체 및 신공정 적응 기간에도 기존 급여를 유지하며, 적응 기간을 이유로 급여를 임의 삭감하지 않는다.",0
라인 변경으로 인한 업무 적응도 회사가 지원한다.,0
라인 정지로 인한 손실은 근로자 부주의로 간주하여 급여에서 공제한다.,1
라인 정지로 인한 업무 공백 시간도 근로시간으로 인정하여 급여를 지급한다.,0
레거시 코드 리팩토링 작업을 일방적으로 강제할 수 있다.,1
레거시 코드 유지보수도 예측 가능한 범위로 계획된다.,0
레스토랑 서빙 직원의 야간(22시 이후) 근무 시 지정된 장소가 아닌 곳에서의 식사는 개인 휴게로 간주한다.,1
레스토랑 서빙 직원의 야간(22시 이후) 근무 중 식사 시간은 휴게시간으로 인정하고 임금을 지급한다.,0
레스토랑의 식재료 원가 상승으로 인한 손실을 요리사의 급여에서 공제할 수 있다.,1
"레스토랑의 식재료 원가 상승은 가격 조정으로 대응하며, 직원 급여에서 공제하지 않는다.",0
로그 분석으로 개발자의 야근 시간을 감시한다.,1
리모트 근무 중 업무용 프로그램 자동 실행을 일방적으로 강제할 수 있다.,1
"리얼리티 프로그램 참가자는 방송 촬영 기간 중 타 방송사, SNS 등 일체의 외부 노출 활동을 금지하며, 위반 시 제작비 전액을 배상한다.",1
"리팩토링은 필요한 경우 계획적으로 진행되며, 강제되지 않는다.",0
마감 기한을 놓칠 경우 해당 프로젝트의 손실액을 급여에서 차감한다.,1
"마케팅 캠페인 성과는 여러 요소의 결과이며, 예상 밖의 결과로 인한 급여 공제하지 않는다.",0
마케팅 캠페인 실패로 인한 사용자 획득 비용 초과분을 마케팅팀 인센티브에서 공제한다.,1
"마트 계산원이 현금 거스름돈을 잘못 지급하여 부족분이 발생할 경우, 해당 금액을 당일 근무 직원의 시급에서 차감하여 정산한다.",1
"마트 야간 진열 직원의 근무 시작 30분 전 준비 시간(지게차 점검, 재고 대조)은 자발적 준비 행동으로 보아 근무시간으로 산정하지 않는다.",1
마트 파트타임 계산원의 시급은 고객 1인당 처리 속도 지표(KPI)가 목표치(분당 1.5명)에 미달한 주에는 기준 시급의 90%만 지급한다.,1
매월 고정적으로 지급되는 중식대 및 교통비는 실제 출근 일수에 비례하여 변동 지급되는 성격이므로 평균임금 산정 대상에서 제외한다.,1
"매월 고정적으로 지급되는 직책수당, 근속수당 등은 출근 일수 변동과 무관하게 지급되는 한 평균임금 및 통상임금 산정에 포함한다.",0
매월 매출 목표액 미달성 시 서비스 직원 전체가 공동으로 미달분의 5%를 분담하여 당월 급여에서 차감하는 데 동의한다.,1
"매월 지급되는 식대는 근로자의 선택에 따라 지급하며, 식당 미이용 시에도 전액 현금으로 지급한다.",0
"매월 지급되는 식대는 회사의 구내식당 이용을 전제로 하며, 구내식당 미이용 시 해당 금액은 급여에서 사전 공제하여 지급한다.",1
매일 30분의 조회를 위해 조기 출근하는 시간과 퇴근 후 20분간의 마무리 청소 시간은 회사를 위한 봉사 시간으로 간주하여 시급 계산에서 제외한다.,1
매일 근로계약을 체결하는 일용직이라 하더라도 동일한 사업장에서 계속하여 1년 이상 근로한 경우 법정 퇴직금을 지급한다.,0
매장 고객 손실을 영업팀의 영업 능력 부족으로 평가한다.,1
"매장 내 CCTV 녹화 영상은 고객 안전 목적이므로, 직원의 휴게시간 및 화장실 이용 시간도 촬영되는 것에 동의한다.",1
"매장 내 도난, 분실 등의 사고가 발생하더라도 명확한 귀책사유자가 밝혀지지 않은 경우, 공동 근무자들에게 연대하여 손해배상을 강요하지 않는다.",0
매장 내 물품 손상 책임을 근무 중인 모든 직원에게 공동으로 부과한다.,1
매장 내 설치된 CCTV는 방범 및 화재 예방 목적뿐만 아니라 직원의 근무 태도 감시 및 인사평가 근거 자료로 상시 활용될 수 있음에 동의한다.,1
매장 내 절도나 현금 부족이 발생할 경우 해당 근무조 직원 전원이 금액을 균등 분담하여 보전하는 데 동의한다.,1
매장 내에서 도난이나 결제 누락 사고 발생 시 CCTV로 정확한 귀책사유자가 확인되지 않으면 당일 근무자들이 피해액을 1/N로 분할하여 배상한다.,1
매장 매출 목표 미달성 시 해당 매장 직원들의 보너스를 일괄 삭감한다.,1
"매장 매출 목표 미달성은 시장 변동을 포함하여 평가하며, 일괄 보너스 공제는 금지다.",0
매장 매출 목표는 시장 조사를 통해 합리적으로 설정한다.,0
매장 매출 부진으로 인한 보너스 삭감을 직원에게 일방적으로 통보한다.,1
매장 매출 부진으로 인한 보너스 조정은 사전 기준에 따라 투명하게 진행된다.,0
매장 분석 데이터를 이유로 한 급여 조정은 사전 협의를 통해 이루어진다.,0
매장 분석 데이터상 비효율이 발견되면 해당 부서 직원들의 급여 조정을 검토한다.,1
매장 오픈 전 환경미화가 필요한 경우 이를 근로시간으로 인정하여 임금을 지급한다.,0
"매장 오픈 전 환경미화는 별도 수당 없이 기본 직무로 간주하며, 지각 시 급여 공제한다.",1
매장 장비 사용 중 손상 책임을 사용자에게 일방적으로 부과한다.,1
매장 판매 부진을 직원의 태도 불량으로 기록할 수 있다.,1
매장 혼잡 시간대 휴게는 합리적 범위 내에서 근로자의 요청을 수용한다.,0
"매장 혼잡 시간대에 휴게시간을 갈 수 없으며, 회사가 지정한 시간에만 가능하다.",1
매장 환경 개선비를 직원 급여에서 균등 배분하여 공제한다.,1
"매출 목표 미달성에 대해 원인을 함께 분석하고 서비스 개선을 지원하며, 매출 부족분을 근로자의 급여에서 연대 차감하는 방식을 채택하지 않는다.",0
"매출 부진은 경기, 경쟁사 등 외부 요소도 포함하여 평가한다.",0
"매출 부진은 여러 요소를 검토하며, 개인 영업 능력만으로 평가하지 않는다.",0
"매출 증가는 팀 전체의 성과이며, 직원 급여 인상 기준이 된다.",0
먼지 방진마스크를 제공하고 호흡기 검진을 한다.,0
먼지 흡입으로 인한 호흡기 질환을 직업병으로 보지 않는다.,1
먼지가 많은 작업장이므로 호흡기 질환은 직업병이 아니라고 본다.,1
메뉴 변경으로 인한 추가 작업은 근로시간 조정 또는 수당으로 보상한다.,0
"명절 상여금 및 하계 휴가비는 지급일 현재 재직 중인 자에게만 지급하며, 전일 퇴사자는 일할 계산을 포함한 어떠한 지급도 받을 수 없다.",1
"명절 상여금 및 하계 휴가비는 통상임금에 포함되지 않는 은혜적 금품이므로, 회사의 결정에 따라 언제든지 일방적으로 축소 폐지할 수 있다.",1
"명칭이 프리랜서 위촉 계약이라 하더라도 실질적으로 회사의 지휘·감독을 받으며 출퇴근 시간이 정해져 있는 경우, 근로기준법을 적용하여 주휴수당 등을 지급한다.",0
"모든 근로 시간은 근로기준법 기준으로 계산되며, 야간 및 휴일 근로에는 가산수당이 지급된다.",0
"모든 근로자는 법정 근로시간을 준수하며, 정상 업무 시간을 초과할 경우 수당을 지급한다.",0
모든 근로자를 공평하게 대우한다.,0
모든 배송원을 공평하게 대우한다.,0
목표 미달성으로 인한 급여 감액은 합의를 거쳐야 한다.,0
무급 휴직 기간 중이라도 회사의 명시적 지시에 의해 사내 직무 교육을 받는 경우에는 해당 시간을 근로시간으로 보아 임금을 지급한다.,0
"무기계약직으로 전환된 직원은 정규직과 동일한 업무를 수행하더라도, 상여금 및 복리후생비 지급 대상에서는 영구히 배제되는 사내 규정을 따른다.",1
무기한 고용을 명시한다.,0
무기한 고용이 아니라고 명시한다.,1
무단결근 3일 이상 시 당월 급여 전액을 몰수할 수 있다.,1
"무단결근 시 당해 결근일에 해당하는 임금만을 공제하며, 징벌적 목적으로 추가적인 일급 삭감이나 벌금을 부과하지 않는다.",0
"무단결근 시 회사 업무에 막대한 지장을 초래하므로, 결근 1일당 당월 급여에서 3일 치의 일급을 징벌적으로 삭감하는 것에 동의한다.",1
"무단결근은 징계 사유가 될 수 있으나, 당월 급여 전액 몰수는 법에 위반된다.",0
문제 책임을 공정하게 판단한다.,0
"문화행사 진행자의 진행 실수로 인한 행사 재진행 비용은 회사의 운영 책임이며, 진행자 급여에서 공제하지 않는다.",0
문화행사 진행자의 진행 실수로 인한 행사 재진행 비용을 진행자 급여에서 공제한다.,1
물류 근로자의 산업 재해를 개인 부주의로 간주한다.,1
물류 근로자의 소진 현상을 개인 문제로 간주한다.,1
물류 로봇 도입으로 인한 작업량 감소는 근로자의 기본급 인하 사유로 간주한다.,1
"물류 로봇 도입으로 인한 작업량 감소는 회사의 효율 개선이며, 근로자 기본급을 인하하지 않는다.",0
물류 시스템 다운으로 인한 배송 오류를 담당자 과실로 간주한다.,1
물류 창고 규모 축소로 인한 혼잡을 직원의 비효율로 간주한다.,1
"물류 창고 재고 관리자의 시스템 오류로 인한 재고 누락은 회사의 시스템 책임이며, 근로자에게 손실금을 청구하지 않는다.",0
"물류 창고 재고 관리자의 재고 누락으로 인한 손실은 전적으로 담당자 책임이며, 손실액을 급여에서 공제한다.",1
물류 창고 직원은 재고 조사 결과 손망실이 발생한 경우 담당 구역 직원 전원이 연대 책임을 지고 손망실 금액을 균등 배분하여 급여에서 공제한다.,1
물류 창고 직원이 지게차 조작 실수로 상품을 파손할 경우 파손 상품의 소비자가 기준 손해액을 해당 직원의 급여에서 분할 공제한다.,1
물류 창고의 도난 사고 발생 시 창고 담당자의 관리 책임으로 간주한다.,1
물류 창고의 도난 사고는 보안 시스템 개선으로 대응한다.,0
물류 창고의 발송 오류(잘못된 배송지)는 해당 직원의 급여에서 배송비 등을 공제한다.,1
"물류 창고의 발송 오류는 시스템 검증의 책임이며, 담당자 급여에서 비용을 공제하지 않는다.",0
물류 창고의 자동화 비용을 근로자의 급여 감액으로 충당할 수 있다.,1
"물류 창고의 자동화는 정원 조정을 통해 대응하며, 급여 일방 인하는 금지다.",0
물류 창고의 재고 감시 시스템 도입으로 장시간 휴게가 불가능하다.,1
물류 창고의 재고 정확도 저조는 시스템 개선과 교육으로 해결한다.,0
물류 창고의 재고 정확도 저조는 재고 담당자의 관리 부실로 간주한다.,1
"물류 창고의 휴게 공간은 법정 기준 이상으로 제공하며, 장시간 휴게를 보장한다.",0
"물류 현장 안전 교육은 업무 시간 내 진행하며, 이수 시간을 근로시간으로 산정한다.",0
"물류 현장 안전 교육은 업무 시간 외 온라인 자율 이수로 진행되며, 이수 시간은 근로시간 미산정이다.",1
물류 현장 안전 사고 시 근로자의 주의 태만으로 귀속하여 벌금 부과 가능이다.,1
"물류 현장 안전 사고는 안전 교육 및 장비 제공의 책임이며, 근로자의 주의 부족으로만 귀속하지 않는다.",0
물류센터 근로자의 개인 건강보험료를 청구할 수 있다.,1
물류센터 근로자의 상품 분류 및 박싱 시간 중 휴게시간이 산입되는 것으로 간주하여 실근로시간을 과다 산정하지 않는다.,1
물류센터 근로자의 상품 분류 및 박싱 작업 시간은 전부 근로시간으로 산정하여 임금을 지급한다.,0
물류센터 근무 직원의 생산성 저하를 개인 건강 문제로 귀속한다.,1
"물류센터 분류 장비 오류로 인한 배송 지연은 장비 관리 책임이며, 현장 근로자 책임이 아니다.",0
물류센터 시스템 장애를 현장팀의 책임으로 간주한다.,1
"물류센터 야간 근무 시 법정 야간수당을 지급하며, 최저임금 기준만으로 지급하지 않는다.",0
"물류센터 야간 근무 시 최저임금 기준으로만 지급하며, 야간 수당은 포함하지 않는다.",1
"물류센터 자동화 도입은 정원 조정을 통해 대응하며, 급여 일괄 인하는 금지다.",0
물류센터 작업량 변동에 따른 근로시간 조정은 사전 협의를 통해 이루어진다.,0
물류센터 작업량이 적은 날에는 근로시간을 단축하고 급여를 시간 단위로 정산한다.,1
"물류센터 정렬 기계 오류로 인한 배송 오류는 시스템 책임이며, 근처 근로자를 일방적으로 책임 지우지 않는다.",0
물류센터 정렬 기계의 오류로 인한 배송 오류는 근처 근로자 책임으로 간주한다.,1
물류센터 직원의 퇴직 시 미처 인수인계된 업무 손실을 퇴직금에서 차감한다.,1
물류센터 직원의 휴게 공간 부족을 직원의 효율성 문제로 간주한다.,1
물류센터 환경 개선 비용을 직원 급여에서 배분한다.,1
물류센터 휴게 시설은 법정 기준을 충족하여 제공한다.,0
물류센터의 로봇 자동화 도입으로 인한 작업 시간 단축은 근로자 급여 감액 사유로 간주한다.,1
물류센터의 배송량 증가로 인한 근로시간 증가를 급여 미반영으로 처리할 수 있다.,1
물류센터의 배송량 증가에 따른 근로시간 증가는 임금에 반영된다.,0
물류센터의 분류 자동화 장비 오류로 인한 배송 지연을 현장 근로자 책임으로 부과한다.,1
"물류센터의 자동화 도입으로 인한 작업 시간 단축은 회사의 효율 개선이며, 근로자 급여 감액 사유가 아니다.",0
물류센터의 자동화 도입으로 작업량 감소 시 근로자 급여를 연동 인하한다.,1
물류창고 직원이 법정 의무 안전 교육 이수 전 사고를 당하면 교육 미이수 과실을 이유로 산재 신청 지원을 거부할 수 있다.,1
"물류창고 직원이 안전 교육 이수 전 사고를 당한 경우 산재보험을 적용하며, 교육 미이수를 이유로 산재 지원을 거부하지 않는다.",0
"물품 분실도 원인을 파악하며, 무조건 배송원 책임이 아니다.",0
물품 손상은 원인을 객관적으로 조사하여 책임을 공정하게 배분한다.,0
뮤지컬 배우의 공연 중 부상은 공연 특성상 개인 책임이다.,1
"뮤지컬 배우의 공연 중 부상은 산재로 인정하며, 의료비 및 치료 기간을 지원한다.",0
"미등기 임원(이사대우)의 급여는 이사회 결의로 언제든지 조정 가능하며, 근로자는 급여 삭감에 대해 근로기준법 위반을 주장할 수 없다.",1
미디어 기사 작성 후 고객 항의 및 정정 요청이 많으면 기자의 평가를 낮춘다.,1
"미디어 기사는 뉘앙스와 맥락을 포함하여 평가하며, 조회수만으로 평가하지 않는다.",0
"미디어 기사의 정정 요청은 객관적으로 검토하며, 기자만 책임 지우지 않는다.",0
미디어 기사의 조회수 저조는 기자의 뉴스 선정 능력 부족으로 평가한다.,1
미리 정해지지 않은 초과 근무는 보상하지 않기로 한다.,1
"미사용 연차는 법정 규정에 따라 관리되며, 퇴사 시 보상이 보장된다.",0
미사용 연차유급휴가 수당은 연차휴가 청구권이 소멸한 날의 다음 첫 급여일에 전액 통화로 지급한다.,0
미술관 도슨트의 특별 전시 설명 준비가 회사 지시로 이루어지는 경우 근로시간으로 인정하여 수당을 지급한다.,0
미술관 도슨트의 특별 전시 설명 준비는 정규 업무의 연장이므로 별도 수당 미지급이다.,1
미술관의 관람객 수 감소는 마케팅팀의 홍보 부족으로 간주하여 급여를 조정한다.,1
미술관의 관람객 수 저조를 마케팅팀 책임으로 일괄 간주한다.,1
"미술관의 관람객 수 증감은 경기, 행사 등 여러 요소를 포함하여 평가한다.",0
"미지급 휴가비는 법정 기한 내에 지급되며, 차년도 이월은 금지다.",0
민원 처리는 회사와 현장소장이 함께 책임진다.,0
"바리스타의 개인 레시피 개선은 긍정적으로 평가하며, 고객 불만은 여러 요소를 종합 검토한다.",0
바리스타의 커피 레시피 변경으로 인한 고객 불만은 해당 직원의 성과급을 삭감한다.,1
바쁜 시간대 근무 기피 직원은 기본급을 5% 삭감한다.,1
"바쁜 시간대 근무는 수당으로 보상되며, 강제할 수 없다.",0
박물관 큐레이션 아이디어가 미채택 되어도 아이디어 개발 비용을 인정하지 않는다.,1
박물관 큐레이션 아이디어가 미채택되어도 근무로 인정하여 임금을 지급한다.,0
밤 12시 이후 배달은 보험 미적용이므로 배달원 책임이다.,1
밤샘 작업을 자부심으로 강요한다.,1
"방과 후 특기 적성 강사에게 요구하는 행정 업무는 소정근로시간 내에 배정하거나, 시간 외 업무에 대해서는 수당을 지급한다.",0
방문 요양 서비스 제공자의 이동 시간(클라이언트 간 이동)은 근로시간이 아닌 개인 시간으로 보아 시급 산정 대상에서 제외한다.,1
방문 요양 서비스 제공자의 클라이언트 간 이동 시간이 사용자 관리 아래 있는 경우 근로시간에 포함하여 임금을 산정한다.,0
"방송 관련 직종에 종사하는 계약 직원이 동종 방송국·OTT 플랫폼으로 이직하는 경우 퇴직 후 2년간 이직을 금지하며, 위반 시 위약금 5천만 원을 청구한다.",1
방송 시청률 저조를 진행자의 개인 매력 부족으로 평가한다.,1
"방송 시청률은 시간대, 경쟁 프로그램 등 여러 요소를 포함하여 평가한다.",0
"방송 작가·스태프에게도 실질적 근로 관계가 있는 경우 근로기준법을 적용하며, 촬영 시간에 대한 연장·야간수당을 지급한다.",0
방송 작가는 방송국의 지시로 원고를 수정하더라도 프리랜서 위촉 계약자이므로 수정 작업에 대한 추가 원고료를 요구할 수 없다.,1
방송 작가의 작품에 대한 방송권 및 2차 저작물 활용 권리는 방영 계약과 별도의 추가 보상 없이 방송사에 귀속된다.,1
방송 제작 중 출연자 변경으로 인한 추가 비용을 제작팀이 보전한다.,1
방송 제작비 초과는 사유를 검토하여 개선 방안을 수립한다.,0
방송 제작비 초과는 제작팀의 예산 관리 부실로 간주하여 급여를 감액한다.,1
방송 제작진의 취재 실패(미방송 건수)로 인한 방송 공백은 제작비 감액 사유다.,1
"방송 제작진의 취재 실패는 뉴스 제작의 일부이며, 방송 공백으로 인한 급여 감액하지 않는다.",0
"방송 제작팀의 시청률은 시간대, 경쟁 프로그램 등 여러 요소를 고려하여 평가한다.",0
방송 제작팀의 시청률이 목표치 이하이면 제작비 일부를 반환해야 한다.,1
방송 중 시청률 저조 시 제작진의 기획 능력 부족으로 간주한다.,1
방송국 프리랜서 PD의 촬영 전 준비 회의는 근로시간으로 인정하여 추가 비용을 지급한다.,0
방송국 프리랜서 PD의 촬영 전 준비 회의는 보조금 없는 업무로 간주하여 추가 비용 미지급이다.,1
방학 급여는 법정 기준에 따라 지급한다.,0
방학 기간 강의 시수 감소로 급여 조정이 필요한 경우 근로자와 사전 협의하고 휴업수당 지급 의무를 이행한다.,0
"방학 기간 강의가 없는 강사의 4대 보험료는 회사가 부담하며, 방학을 이유로 무급 휴직으로 처리하지 않는다.",0
"방학 기간 중 수강생 감소로 강의 시수가 줄어드는 경우 강사의 기본급을 강의 시수 비율에 따라 자동 삭감하며, 기간 중 휴업 수당은 지급하지 않는다.",1
방학 중 교재 개발 업무도 무급으로 진행하도록 강요한다.,1
방학 중 업무도 근로시간으로 인정하여 수당을 지급한다.,0
"배달 거리는 실제 주행을 기준으로 하며, 거리 비례에 따라 수수료를 차등 지급한다.",0
"배달 거리를 회사가 임의로 정하며, 거리 관계없이 수수료는 동일하다.",1
배달 거절 시 그 건의 손실액을 배달원이 배상한다.,1
배달 건당 수수료 외 추가 비용(보험료 등)을 배달원이 부담한다.,1
"배달 건당 수수료가 2,500원이지만, 앱 수수료 공제 후 1,500원을 받는다.",1
배달 경로 상 신호 위반은 배달원 개인 책임으로 본다.,1
배달 과정 중 물품 분실은 전액 배달원 책임이다.,1
"배달 기록은 시스템 자동 기록이며, 의심 조사는 하지 않는다.",0
"배달 라이더에게 적용되는 콜 배정 알고리즘 기준을 공개하고 불합리한 패널티 기준을 적용하지 않으며, 이의 제기 절차를 보장한다.",0
"배달 라이더의 음식 파손·누락으로 인한 환불 비용은 회사가 부담하며, 라이더의 중과실이 입증된 경우에 한해 합리적 비율로 책임을 공유한다.",0
"배달 라이더의 음식 파손·누락으로 인한 환불 처리 비용 전액은 해당 라이더의 배달 수수료에서 차감하며, 라이더의 이의 제기는 수락하지 않는다.",1
배달 시 10분 이상 지연되면 고객 환불액의 50%를 배달원이 배상한다.,1
배달 시간 기록이 오차나면 의심스러운 것으로 판단하고 조사한다.,1
배달 실수로 고객이 다른 가게 음식을 받으면 배달원이 손해를 본다.,1
배달 아르바이트는 4대보험 미적용 개인사업자로 분류한다.,1
배달 앱 시스템의 오류나 배차 지연으로 인해 발생한 고객 환불 및 음식 폐기 비용은 전액 플랫폼 종사자인 을의 과실로 보아 수수료에서 차감한다.,1
"배달 오류 처리는 가게에서 고객과 해결하며, 배달원에게 부담을 주지 않는다.",0
"배달 오류로 인한 패널티 기준은 취업규칙에 명확히 명시하며, 합리적 범위를 초과하는 과도한 수수료 삭감을 금지한다.",0
배달 완료 후 사진 증거가 불명확하면 배달 미완료로 간주한다.,1
"배달 주문이 몰리는 피크타임(오전 11~오후 2시, 오후 5~8시)에는 배달 라이더의 콜 수락률이 90% 이상이어야 하며 미달 시 해당 날의 배달 수수료를 50% 감액한다.",1
배달 중 고객의 부상은 배달원의 안전 부주의로 본다.,1
배달 중 고장 난 자동차 수리비는 배달원이 부담한다.,1
배달 중 고장 난 자동차 수리비는 회사에서 부담한다.,0
배달 중 안전은 배달 앱과 가게가 함께 책임진다.,0
"배달 증거 자료는 시스템이 자동 저장하며, 불명확한 판단을 하지 않는다.",0
"배달 평가 기준은 공정하며, 점수만으로 기회를 박탈하지 않는다.",0
배달 평가 점수가 떨어지면 다음 주에 배정을 줄인다.,1
"배달 플랫폼 종사자의 배달 지연으로 고객이 불만을 제기할 경우, 회사는 해당 건의 배달 수수료를 지급하지 않고 즉시 앱 접속을 영구 차단할 수 있다.",1
배달 플랫폼에서 사용자가 허위 환불 요청 시에도 플랫폼이 자동 환불 처리하면 라이더의 해당 건 수수료는 지급하지 않고 이에 대해 라이더가 이의를 제기할 수 없다.,1
"배달기사는 플랫폼을 통해 업무를 자율 수주하는 독립 사업자로서, 출근 보고 및 업무 배정은 서비스 연결 행위에 불과하며 사용종속관계로 보지 아니한다.",1
배달원 필요 비용(보험 등)은 가게가 부담한다.,0
배달원은 근로자로 분류하여 4대보험을 적용한다.,0
"배달원은 출퇴근 시간·배달 방식을 자율 결정하는 독립 계약자로서, 업무 중 발생한 사고는 산업재해보상보험이 아닌 개인 책임으로 처리한다.",1
"배달원의 자동차 사고는 배달 앱 보험으로 처리하며, 배달원 부담은 없다.",0
"배달원의 자동차 유지비(휘발유, 정비)는 배달원 책임이다.",1
"배송 거리 계산을 임의로 하며, 이의 제기는 받지 않는다.",1
배송 거리 기준을 임의로 변경한다.,1
배송 거리 단축으로 인한 배송비 절감분은 배송팀의 급여에 반영하지 않는다.,1
"배송 거리 단축으로 인한 효율 개선은 긍정적으로 평가하며, 급여 감액과 무관하다.",0
배송 거리 확대로 인한 비용 증가를 배송팀 급여에서 공제한다.,1
배송 거리는 정확히 계산한다.,0
"배송 거리는 표준 기준에 따르며, 임의 조정은 하지 않는다.",0
배송 건 수를 인위적으로 제한하여 수입 조절한다.,1
배송 건 제한으로 수입을 통제한다.,1
"배송 건 할당은 공평하게 진행하며, 임의로 제한하지 않는다.",0
"배송 건당 수수료가 계절별로 달라지며, 사전 공지는 미흡하다.",1
배송 건은 공평하게 배분한다.,0
배송 과정에서 물품 도난은 배송원 책임이라고 한다.,1
배송 구역 변경 시 충분한 적응 시간과 지원을 제공한다.,0
"배송 구역을 무작위로 변경하며, 적응 시간은 무급이다.",1
"배송 기록은 객관적 데이터에 따라 관리되며, 임의 조정은 금지다.",0
배송 도구 비용을 배송원이 부담한다.,1
배송 도구(보온가방)를 개인이 구매하도록 강요한다.,1
"배송 도구는 앱에서 제공하며, 개인 구매를 강요하지 않는다.",0
배송 도구는 제공한다.,0
배송 드라이버의 GPS 위치 이탈 시간(휴게 시간)은 법적 휴게시간이므로 근로시간에 포함하며 임금을 지급한다.,0
배송 드라이버의 GPS 위치 이탈(휴게소 방문) 시간은 무급으로 처리한다.,1
"배송 드라이버의 경로 선택은 최적 효율을 위한 판단이며, 연료 초과분을 급여에서 공제하지 않는다.",0
배송 드라이버의 경로 최적화 실패로 인한 연료 초과분을 급여에서 공제한다.,1
배송 드라이버의 교통 신호 위반으로 인한 과태료는 해당 드라이버의 급여에서 전액 차감한다.,1
"배송 드라이버의 교통 신호 위반으로 인한 과태료는 회사가 부담하며, 근로자에게 청구하지 않는다.",0
배송 드라이버의 배송 순서 최적화 실패로 인한 시간 초과 시 인센티브를 공제한다.,1
배송 드라이버의 최적 경로 설정 실패는 시스템 또는 정보 제공의 문제로 검토한다.,0
배송 물품 보관 공간 부족을 배송팀이 자체 해결하도록 강제한다.,1
배송 물품 분실 시 배송원이 전액 배상한다.,1
배송 물품 손상은 원인을 객관적으로 조사한 후 책임을 배분한다.,0
배송 물품의 손상이 보험 처리 되었어도 담당자의 부주의로 판단되면 일부 비용을 공제한다.,1
배송 물품의 온도 유지 실패를 배송자 과실로 간주한다.,1
"배송 수수료는 명확히 고시되며, 변경 시 충분한 사전 공지를 한다.",0
배송 시간 기준은 현실적이다.,0
배송 시간 기준을 비현실적으로 정한다.,1
배송 시간 기준을 초과하면 수수료를 즉시 삭감한다.,1
배송 실수로 발생한 고객 항의 전화 응대 시간은 추가 업무가 아닌 기본 직무로 보아 별도 수당 미지급이다.,1
"배송 실수로 인한 고객 항의 응대는 업무의 일부이며, 야간 주말 대응 시에도 추가 수당을 지급한다.",0
"배송 앱 오류는 앱 운영사 책임이며, 배송원 책임이 아니다.",0
배송 앱 오류로 인한 손실도 배송원 책임이라 한다.,1
배송 앱의 시스템 오류도 배송원 책임으로 간주한다.,1
"배송 오류 횟수 관리는 개선 지원 차원에서 운영하며, 오류 횟수를 이유로 배송 우선 배정을 임의로 제한하거나 수입을 부당하게 줄이지 않는다.",0
배송 오류는 시스템과 인력을 종합적으로 검토하여 개선한다.,0
배송 오류로 인한 고객 반품 처리 비용을 배송팀이 부담할 수 있다.,1
"배송 오류로 인한 반품 처리는 회사의 책임이며, 배송팀 일괄 부담은 금지다.",0
"배송 오배송 발생 시 원인을 분석하고 프로세스를 개선하며, 라이더의 중과실이 명확히 입증된 경우에 한해 합리적 절차에 따라 책임을 결정한다.",0
배송 일정 지연으로 인한 고객 보상비는 당해 배송팀의 집단 책임으로 보아 팀 전체 급여에서 공제한다.,1
"배송 일정 지연으로 인한 고객 보상비는 회사의 운영상 책임이며, 배송팀의 집단 책임으로 보지 않는다.",0
배송 장비는 앱에서 제공하거나 비용을 지원한다.,0
배송 중 고객 항의 상담 응대는 기본 업무이므로 야간 주말 응대 수당 미지급이다.,1
"배송 중 고객 항의 상담은 업무이며, 야간 주말 대응 시 사전 합의 수당을 지급한다.",0
배송 중 교통사고는 보험 미적용이라고 주장한다.,1
배송 중 사고는 배송 앱 또는 가게 보험으로 처리한다.,0
배송 지역 확대로 인한 배송 시간 증가를 드라이버의 책임으로 간주한다.,1
배송 지역 확대로 인한 시간 증가는 운송비 조정으로 대응한다.,0
배송 지연도 여러 요인을 고려하여 평가한다.,0
배송 지연으로 인한 고객 보상금을 배송팀 전체 급여에서 공제한다.,1
"배송 지연은 시스템 개선으로 대응하며, 개인 과실만으로 평가하지 않는다.",0
배송 지연의 책임을 배송팀만의 문제로 간주한다.,1
"배송 지연이나 오배송 발생 시 고객 환불 처리 비용 전액을 담당 배달원의 수수료에서 차감하며, 사전 소명 절차 없이 자동 처리한다.",1
배송원 간 차별적 대우를 한다.,1
배송원 선택권을 준다.,0
배송원 선택권이 없다.,1
배송원 이탈을 막기 위해 선금제도를 강요한다.,1
배송원을 공평하게 대우한다.,0
"배송원의 개인 차량 보험 가입은 개인 선택이며, 강요하지 않는다.",0
배송원의 개인 차량 보험 가입을 강요한다.,1
배송원의 의견을 경청하고 운영 개선에 반영한다.,0
배송원의 의견을 무시하고 일방적으로 결정한다.,1
배우 변경으로 인한 추가 비용은 제작비 예산에 포함되어야 한다.,0
"배우자 출산휴가는 근로자가 청구한 날부터 10일을 유급으로 부여하며, 1회에 한하여 분할 사용이 가능하도록 보장한다.",0
"배치 전환은 업무 효율성 기준이며, 개인사항을 이유로 하지 않는다.",0
"배포 자동화 시스템 장애는 시스템 운영의 책임이며, 발생 시 신속한 복구를 지원한다.",0
배포 자동화 시스템 장애로 인한 서비스 중단은 DevOps 엔지니어의 책임이다.,1
배포 후 문제 발생 시 리뷰어와 개발자가 함께 책임을 분담한다.,0
배포 후 장애는 개발자만 책임진다.,1
배포 후 장애는 배포 프로세스와 개발을 함께 검토한다.,0
배포된 서비스에서 고객이 이탈하는 경우 이탈 고객 수 × 월정액 기준으로 산출한 손실액의 20%를 해당 배포 담당자가 배상하도록 한다.,1
"버그 수정 기한은 합리적 수준으로 설정되며, 일방적 야근 강제는 금지다.",0
버그 수정 기한을 일방적으로 단축하여 야근을 강제할 수 있다.,1
"버그는 개발 과정에서 자연스러운 요소이며, 버그 수정만으로 성과를 평가하지 않는다.",0
버전 관리 시스템 구축 비용을 개발자에게 전가한다.,1
번아웃 증상도 약함으로 간주한다.,1
번아웃을 심각하게 받아들인다.,0
법인세·부가세 신고 등 세무 처리를 위해 직원의 개인 정보가 필요한 경우 개인정보 보호법에 따라 동의를 받고 최소한의 정보만 수집한다.,0
"법인카드 경비 사용 지침을 명확히 제공하고, 지침 내 사용에 대해서는 회사가 부담하며 사전 승인 기준을 근로자에게 충분히 고지한다.",0
"법인카드 사용 지침을 명확히 하고, 업무상 필요한 지출에 대해서는 회사가 전액 부담하며 사전 승인 누락 등을 이유로 근로자 개인에게 부당하게 비용을 전가하지 않는다.",0
"법정 의무 교원 연수 및 교육청 감사는 근로시간 중에 배정하거나, 근무시간 이후에 이루어지는 경우 연장근로 수당을 지급한다.",0
법정 의무 교육이 근무시간 이외에 배정된 경우 해당 시간을 연장근로로 인정하여 수당을 지급한다.,0
"법정 의무교육 및 회사가 지시하는 직무 교육은 소정근로시간 내에 실시함을 원칙으로 하며, 근무시간 외에 실시할 경우 연장근로수당을 지급한다.",0
벤처 기업이므로 야근을 당연시 한다.,1
병가 사용을 개인 건강 관리 부실로 기록할 수 있다.,1
"병가는 법적 권리이며, 기록에 부정적으로 표기하지 않는다.",0
"병역 복무도 경력에 포함하며, 경력 단절로 보지 않는다.",0
병역 복무를 경력에 포함한다.,0
"병역의무 이행을 위한 휴직은 인정하지 않으며, 군 입대 영장 수령 시 당일을 기준으로 근로계약은 자동 해지된 것으로 처리한다.",1
병원 감염 발생 시 직원의 위생 관리 부족으로 본다.,1
"병원 감염은 의료기관 시스템 책임이며, 개인 책임만 물지 않는다.",0
"병원 내부 규정 위반 시 징계는 공정한 절차에 따라 이루어지며, 임의적 감봉은 금지다.",0
"병원 내부 규정 위반 시 첫 위반은 경고, 두 번째부터 급여 감액을 할 수 있다.",1
"병원 방문 등 의료 목적의 외출 처리는 취업규칙에 따라 합리적으로 운영하며, 분 단위 차감 방식으로 연차를 강제 소진시키지 않는다.",0
병원 의료진의 환자 응급 상황 대응으로 인한 초과 근무는 예상 가능한 업무로 미리 포함된 연봉이므로 추가 수당 미지급이다.,1
병원 의료진의 환자 응급 상황 대응이 필요한 경우 이에 따른 추가 근로에 대해 연장근로수당을 지급한다.,0
병원 전산 시스템 장애로 인한 의료 기록 오류 책임을 시스템 사용자인 임상 직원에게 귀속시켜 해당 직원이 수정·복구 작업에 소요되는 초과 시간을 무급으로 처리한다.,1
병원 직원의 감염 우려 환자 간호는 특수 수당 지급 없이 기본급에 포함된 것으로 간주한다.,1
"병원 직원이 감염 우려 환자를 간호하는 경우 개인보호장비를 제공하고, 감염 위험 수당을 지급한다.",0
병원의 의료기기 구입 또는 시설 투자로 인한 재정 부담을 이유로 의료진 전체의 성과급 지급을 당기 순이익 달성 시까지 유보할 수 있다.,1
보관 공간 부족은 회사가 시스템 개선으로 해결한다.,0
보안 문제로 인한 손실이 발생할 경우 해당 개발자가 전액 배상하기로 한다.,1
보안 업데이트 기한은 기술 검토를 통해 합리적으로 설정한다.,0
보안 업데이트 작업 기한을 초과로 단축하여 야근을 강제할 수 있다.,1
보안 패치 적용을 야근으로 진행하게 한다.,1
보안 패치는 업무 시간에 계획한다.,0
"보안은 보안 팀과 함께 개선하며, 개인만 책임지지 않는다.",0
보충수업 학생이 적으면 보충수업 자체를 취소한다.,1
"보충수업도 학원이 운영 계획을 세우고, 강사와 협의한다.",0
보험 가입자의 높은 보험료 항의를 상품팀의 상품성 부족으로 평가한다.,1
보험 가입자의 보험료 항의는 투명한 설명으로 대응한다.,0
보험 가입자의 불만 증가 시 보험 상품팀의 상품 설계 오류로 평가한다.,1
보험 가입자의 불만은 상품과 서비스 개선으로 대응한다.,0
보험 상품 설명 중 고객 이의가 제기되면 설명자의 커뮤니케이션 부족으로 평가한다.,1
"보험 상품 설명 후 고객 이의는 회사와 설명자가 함께 검토하며, 일방적 책임 지우지 않는다.",0
"보험 설계사는 계약상 개인사업자로 분류되므로, 정기적인 회의 참석 지시가 있어도 근로기준법상 보호를 받지 않는다.",1
보험 설계사에게 정기 회의 참석이 지시되는 경우 이를 근로시간으로 인정하여 임금을 지급한다.,0
보험 설계사의 계약 건수 부족 시 기본급을 일괄 삭감할 수 있다.,1
"보험 설계사의 계약 취소율은 시장 환경의 결과이며, 기본급을 연동 인하하지 않는다.",0
보험 설계사의 계약 취소율이 높으면 기본급을 연동 인하할 수 있다.,1
보험 설계사의 성과 평가는 여러 요소를 포함하여 공정하게 이루어진다.,0
보험 심사 결과를 고객에게 설명할 의무가 없다고 간주한다.,1
보험 심사 결과에 대한 고객 항의 시 심사자의 설명 부족으로 보수를 감액한다.,1
보험 심사 결과에 대한 고객 항의는 재검토하는 절차가 보장된다.,0
"보험 심사관의 거절 판정에 대한 분쟁 처리는 회사의 법무팀이 담당하며, 심사관 책임이 아니다.",0
"보험 심사관의 고시율 저조는 복합적 요인의 결과이며, 수치만으로 역량을 판단하지 않는다.",0
보험 심사관의 고시율(승인율) 저조는 심사 역량 부족의 증거로 인센티브 차감한다.,1
보험 심사관의 부당 거절 판정으로 인한 분쟁 처리 비용은 심사관 책임으로 차감한다.,1
보험금 청구 거절 책임을 심사팀이 전부 부담해야 한다.,1
보험금 청구 거절 후 가입자 항의 발생 시 심사팀의 판단 오류로 간주한다.,1
보험금 청구 거절은 고객 항의 시 재검토하는 절차가 보장된다.,0
"보험금 청구 거절은 명확한 사유를 고지하며, 이의 절차를 보장한다.",0
보험금 청구 서류 미흡으로 인한 반려 책임을 청구인이 아닌 접수 담당자로 귀속한다.,1
"보험금 청구 서류 반려는 청구인과 접수팀의 공동 확인 과정이며, 담당자에게만 책임을 귀속하지 않는다.",0
보험금 청구 심사 시간을 초과로 단축하면서 오류율 증가를 심사팀 책임으로 한다.,1
보험료 납부 독촉 과정에서 가입자의 불만 발생은 담당자의 태도 문제로 기록한다.,1
"보험료 납부 독촉은 회사의 프로세스에 따라 이루어지며, 담당자만 책임 지우지 않는다.",0
보험료 미수금을 담당자가 직접 수금하도록 강요한다.,1
보험료 변동은 사전 공지와 함께 합리적 범위 내에서 이루어진다.,0
보험료 인상 결정 후 가입자 이탈이 많으면 상품팀의 보수를 조정한다.,1
보험료 인상으로 인한 가입자 이탈 책임을 보험팀의 상품성 부족으로 평가한다.,1
보험료 인상으로 인한 이탈은 마케팅과 정책 개선으로 대응한다.,0
보험설계사가 퇴직 후 동일 지역(시·도 단위)에서 타 보험사 영업 활동을 하는 경우 재직 중 받은 스카우트 지원금 전액을 반환해야 한다.,1
"보험설계사의 계약 유지율이 13회차 기준 70% 미만으로 하락할 경우, 지급받은 선지급 수수료의 일부를 환수하며 환수 금액을 다음 달 수수료에서 차감한다.",1
"복리후생비 지급 대신 현금으로 지급하되, 이를 기본급에서 감액하여 처리한다.",1
"복리후생비는 현금으로 지급할 수 있으나, 기본급에서 감액하여 지급할 수 없다.",0
복장 규제는 합리적이다.,0
복장 규제를 과도하게 한다.,1
복지시설 근로자의 심리 건강을 회사 책임으로 보지 않는다.,1
복지시설 근무자의 심리 상담을 강제하면서 비용을 근로자가 부담하게 한다.,1
복지시설 예산 초과는 시설장의 관리 부실이므로 급여 감액 대상이다.,1
"복지시설 이용자 갈등 중재는 시설의 관리 책임이며, 직원의 소통 능력 부족으로만 귀속하지 않는다.",0
복지시설 직원의 시설 이용자 갈등 중재 실패는 직원의 소통 능력 부족으로 간주한다.,1
복지시설의 예산 초과는 사유를 검토하여 내년 예산에 반영한다.,0
복지시설의 프로그램 개발 비용을 직원들의 초과 근무로 충당할 수 있다.,1
복지시설의 프로그램 개발은 회사가 투자하여 추진한다.,0
본 계약에 정함이 없는 사항은 근로기준법에 따름,0
"본 계약은 위탁용역계약으로서 수탁인은 독립 사업자로 간주하며, 추심 방법·순서를 자율 결정하므로 근로기준법상 근로자에 해당하지 않음을 상호 확인한다.",1
본 근로계약서에 명시되지 않은 사항이나 해석에 다툼이 있는 경우에는 근로기준법 등 관계 노동 법령과 판례에 따라 근로자의 권리가 보호되는 방향으로 해석한다.,0
"부도 시 직원 급여는 우선 채무로 처리되며, 미지급은 위법이다.",0
부동산 거래 중 계약금 횡령을 중개인 책임으로 간주한다.,1
부동산 거래 중 환금 거부 시 중개인이 선금을 돌려받을 수 없다.,1
부동산 거래 중 환금 거부는 법적 절차에 따라 대응한다.,0
"부동산 거래 중개인의 거래 취소 손실은 회사의 경영상 책임이며, 중개인 급여에서 보전하지 않는다.",0
부동산 거래 중개인의 거래 취소로 인한 손실은 중개인의 책임이므로 급여에서 보전한다.,1
부동산 분양 팀장이 담당 지역 미분양 물량이 목표 대비 30% 이상 초과할 경우 즉시 대기 발령하고 대기발령 기간 동안 기본급의 50%만 지급한다.,1
부동산 중개 거래 취소 시 중개인의 설명 부족으로 간주하여 급여를 공제한다.,1
"부동산 중개 거래 취소는 다양한 요소의 결과이며, 중개인만 책임 지우지 않는다.",0
부동산 중개 과정에서 계약금 입금 지연 시 중개인의 책임으로 간주한다.,1
부동산 중개 과정에서 계약금 입금 지연은 시스템 개선으로 대응한다.,0
"부동산 중개 보조원에게도 최저임금 이상의 기본 급여를 보장하며, 완전 성과급제 전환은 근로자 동의를 받는다.",0
부동산 중개 실패 시 중개인의 개인자산으로 손실을 보전하게 한다.,1
부동산 중개사무소 중개인의 거래 실패 시 사무실 운영비를 징수한다는 명목으로 수당에서 공제한다.,1
"부동산 중개사무소 중개인의 거래 실패는 마켓 변동의 결과이며, 사무실 운영비를 경비에서 공제하지 않는다.",0
부동산 중개인의 거래 성공과 무관하게 수수료를 임의로 책정한다.,1
부동산 중개인의 거래 진행 중 고객 선의 변심으로 인한 손실은 중개인 경비에서 공제하지 않는다.,0
부동산 중개인의 거래 진행 중 고객의 선의 변심에 의한 손실금을 중개인 경비에서 공제한다.,1
부동산 컨설턴트의 고객 거래 실패는 시장 변동을 포함하여 평가한다.,0
부동산 컨설턴트의 고객 거래 실패는 컨설턴트의 영업 능력 부족으로 평가한다.,1
"부동산 컨설턴트의 고객 상담은 업무 외 시간(야간, 주말)에 이루어져도 기본 직무로 추가 수당 미지급이다.",1
부동산 컨설턴트의 고객 상담이 업무 시간 외 이루어지는 경우 사전 합의 수당을 지급한다.,0
부부 근로자 중 한 명이 사직하면 다른 한 명도 자동 권고한다.,1
부상은 즉시 치료한다.,0
부서 이동 시 이전 부서의 미정산 업무 비용을 신입 직원에게 인수 조건으로 부담시킨다.,1
"부서 이동 시 인수인계는 회사의 책임이며, 신입 직원에게 비용 부담을 이행하지 않는다.",0
분양 상담 직원의 분양 미달 물량에 대해 미달 세대수 × 분양가 목표액의 1%를 성과 미달 패널티로 인센티브에서 차감한다.,1
"분양 직원의 목표 미달성에 따른 패널티는 취업규칙에 명시된 합리적 기준에 따르며, 인센티브 삭감 시에도 기본급은 보장한다.",0
"불량 제품 발생은 여러 요소를 검토하며, 개인만 책임 지우지 않는다.",0
"불량 제품 생산자는 추가 교육을 받아야 하며, 교육 시간을 무급으로 처리한다.",1
"불량률이 기준치를 초과한 경우 원인 분석 및 공정 개선을 우선시하며, 개인 과실이 명확히 입증된 경우에만 취업규칙에 따른 징계 절차를 거쳐 조치한다.",0
불성실한 근무로 판단될 시 경고 없이 즉시 퇴직 처리한다.,1
"비경쟁금지 기간의 효력은 법률 범위 내로 한정하며, 과도한 손해배상을 청구하지 않는다.",0
"비경쟁금지는 법적 범위로 제한되며, 과도한 제한은 무효다.",0
비계 붕괴로 인한 사상도 설치자 책임이라 한다.,1
비계 설치와 안전은 전문 기업이 책임진다.,0
비수기 매출 감소에 따른 임금 조정이 필요한 경우 취업규칙 불이익 변경 절차를 거쳐 근로자 과반수의 동의를 받는다.,0
비용 절감을 기술이 아닌 구조 개선으로 한다.,0
비용 증가를 개인 급여에서 충당할 수 없다.,0
비정규 근로자의 정규직 전환 요청을 경영상 사정으로 일방 거부할 수 있다.,1
"비정규 근로자의 정규직 전환은 법적 요건에 따라 검토하며, 경영상 사정만으로 거부할 수 없다.",0
"비정규 직원 계약 갱신 여부는 회사의 일방적 판단으로 결정되며, 사전 고지 없이 미갱신할 수 있다.",1
비정규 직원의 계약 갱신은 사전 협의와 충분한 통지 기간을 거쳐 결정된다.,0
"비정규직 근로자의 임금·상여금은 정규직과 별도 기준으로 산정·지급하며, 동일 업무 수행 여부와 무관하게 고용 형태에 따른 임금 격차는 정당한 처우 차이로 본다.",1
비정규직 직원의 계약 갱신 기준을 공개하지 않는다.,1
"빅데이터 분석가의 분석 결과 신뢰도 개선은 기술 발전 과정이며, 보너스를 공제하지 않는다.",0
빅데이터 분석가의 분석 결과 신뢰도가 낮으면 보너스 공제 사유가 된다.,1
"빌링 오류는 시스템 운영 과정의 일부이며, 환불액을 시스템 담당자가 개인 보전하지 않는다.",0
빌링 오류로 인한 고객 환불액을 시스템 담당자가 보전한다.,1
"사납금 방식으로 운영하는 택시 기사는 독립 개인사업자로서, 차량 운행 중 사망 또는 부상이 발생하더라도 유족보상금 및 장의비 청구 대상이 아님을 확인한다.",1
"사내 규정 위반 등 징계 사유 발생 시 갑은 단독으로 징계 처분을 내릴 수 있으며, 사안이 시급하다고 판단될 경우 인사위원회 개최 및 소명 절차는 생략할 수 있다.",1
사내 대출금이나 교육비 반환 의무가 있더라도 근로자의 동의 없이 퇴직금이나 급여에서 회사가 일방적으로 상계 처리할 수 없다.,0
"사내 메신저나 이메일을 통한 출퇴근 보고 시, 시스템 오류로 누락이 발생하더라도 다른 증빙 자료(사내망 접속 기록 등)를 통해 근로 사실을 인정한다.",0
"사내 메신저를 통해 퇴근 후 또는 주말에 업무 지시를 확인한 즉시 업무를 처리해야 하며, 이에 대한 추가 수당은 포괄임금에 기 포함되어 있다.",1
사내 복지 차원에서 지원된 학자금이나 주택 대출금은 근로자의 퇴사 시 별도 합의 없이 퇴직금에서 즉시 전액 상계 처리한다.,1
사내 복지 포인트(연간 60만 원 상당)는 통상임금 산입 대상이 아니므로 연장근로수당·퇴직금 산정 기준에 포함하지 않는다.,1
"사내 복지 포인트가 고정적·일률적으로 지급되는 경우 통상임금 산정에 포함하며, 이를 제외하기 위해 지급 기준을 임의로 변경하지 않는다.",0
"사내 연애는 조직 내 위화감 조성을 이유로 원칙적으로 금지하며, 발각될 경우 부서 이동, 대기발령 또는 권고사직 처리에 대하여 일절 이의를 제기하지 않는다.",1
"사내 조사에서 비위 사실이 의심되는 경우 조사 기간 동안 해당 직원의 출입을 제한하고 기본급의 50%만 지급하며, 조사 결과 무혐의 시에도 차액을 소급 지급하지 않는다.",1
"사내 취업규칙은 회사의 홈페이지에 게시하는 것으로 열람을 갈음하며, 근로자는 입사와 동시에 향후 변경될 모든 취업규칙 내용에 사전 동의한다.",1
"사내에서 업무상 재해가 발생한 경우, 회사는 즉시 응급 조치를 취하고 산재보험 신청에 필요한 증명 서류 발급에 적극 협조한다.",0
"사내협력업체 소속 근무자는 협력업체와의 계약에 따른 자이며, 원청의 작업 지시는 도급 품질관리로서 근로기준법상 사용자에 해당하지 아니한다.",1
"사립학교법상 교원·직원에 해당하지 않는 사립학교 종사자는 계약 형식에 따라 처우하며, 재임용 거절은 해고가 아닌 계약 갱신 거부로서 부당해고 구제 신청 대상이 아니다.",1
"사업자등록을 보유하고 세금계산서를 발행하는 자는 독립 사업자로서, 근로 유사 활동을 제공하더라도 근로기준법의 보호를 받지 않는다는 것에 사전 동의한다.",1
"사업자등록증 보유자는 독립 사업자로 간주하며, 일용 근로계약서가 있더라도 근로기준법상 근로자에 해당하지 않으므로 산재보험 신청을 허용하지 아니한다.",1
"사업장 내 CCTV는 시설 안전과 화재 방지 목적으로만 활용하며, 근태 감시나 개인 인사평가 자료로 사용하지 않는다.",0
"사업장 내 설치된 CCTV는 시설 안전 및 화재 예방 등 목적에 맞게 운영하며, 근로자의 근무 태도 감시나 인사평가의 근거로 남용하지 않는다.",0
"사업장 내에서 발생하는 소음, 화학물질 등 유해 요인에 대해 회사는 법령에 따라 정기적으로 작업 환경을 측정하고 그 결과를 근로자에게 투명하게 공개한다.",0
"사업장 임대료를 본인 부담하고 독립적 영업을 수행하는 경우 동업 관계로 간주하며, 근로기준법상 근로자에 해당하지 않으므로 퇴직금·법정수당 청구를 인정하지 아니한다.",1
"사업주와 친족 관계인 자는 임금의 정기성·고정성 입증이 없는 한 근로기준법상 근로자로 인정하지 아니하며, 4대 보험 가입 의무를 면제한다.",1
사용자 귀책으로 영업이 중단되는 경우 근로자에게 평균임금의 70% 이상의 휴업수당을 지급한다.,0
사용자 피드백 미반영으로 인한 이탈율 증가를 프로덕트 팀의 실패로 간주한다.,1
"사용자 피드백 적용은 우선순위에 따른 결정이며, 미반영으로 인해 급여를 삭감하지 않는다.",0
"사용자는 근로자 명부와 임금대장, 근로계약에 관한 중요한 서류를 작성하고 퇴직일로부터 3년간 보존할 법적 의무를 성실히 이행한다.",0
사원 채용 시 과도한 학력을 요구한다.,1
"사측 귀책사유에 의한 휴직 발령 시 휴업수당을 지급하는 것으로 근로기준법상 의무를 이행한 것으로 보며, 추가적인 복직 이행 의무는 발생하지 아니한다.",1
"사측이 매출 감소 또는 구조조정이 필요하다고 판단하는 경우 이를 긴박한 경영상 필요로 인정하되, 정리해고는 법적 절차와 노사 합의를 거쳐야 한다.",0
"사측이 매출 감소 또는 구조조정이 필요하다고 판단하는 경우 이를 긴박한 경영상 필요로 인정하여 정리해고를 실시할 수 있으며, 그 판단은 사측의 전권에 속한다.",1
"사택 관련 규정은 사전에 명확히 고지하며, 퇴거 후 전입신고 문제에 대해 법적 절차 외의 방식으로 손해배상을 청구하지 않는다.",0
"사택 및 기숙사 퇴거 지연 시, 지연된 일수만큼 일할 계산하여 당해 월 급여에서 강제 징수한다.",1
"사택이나 기숙사 퇴거가 지연되는 경우 합리적인 범위 내에서 손해액을 청구할 수 있으나, 일방적으로 산정한 금액을 급여에서 징수하거나 상계하지 않는다.",0
사회복지사 직무의 특성상 가정방문·야외 케어 시간은 이동·대기 성격이 강하다고 보아 통상임금의 70%를 산정 기준으로 적용한다.,1
사회복지사의 상담 건수 증가를 업무 효율 개선으로 간주하여 급여를 유지한다.,1
"사회복지사의 상담 건수는 합리적 수준으로 설정되며, 무제한 증가는 금지다.",0
사회복지사의 상담 결과 클라이언트의 문제 해결 실패는 상담사의 부주의로 간주한다.,1
사회복지사의 상담 결과는 여러 요소를 포함하여 종합 평가한다.,0
"사회복지사의 위기 상담 대응은 업무이며, 대응 시간에 대해 근로시간으로 인정하여 수당을 지급한다.",0
사회복지사의 위기 상황 상담 대응으로 인한 퇴근 지연은 긴급 상황으로 수당 미지급이다.,1
사회복지사의 초과 상담 건수를 임의로 할당할 수 있다.,1
산재 신청 시 재계약 조건을 불리하게 변경한다.,1
"산재 신청 후 재계약도 공정하게 진행하며, 불이익을 주지 않는다.",0
산재를 은폐하게 한다.,1
산재를 투명하게 처리한다.,0
"산재보상 기준일수에 미달하는 경미한 업무상 부상이라 하더라도, 회사는 응급 처치 및 기초 치료에 소요되는 비용을 전액 부담한다.",0
산전·산후 휴가 기간 동안 직원의 직급을 일방적으로 하향 조정할 수 있다.,1
"산전·산후 휴가 중 직급 조정은 금지되며, 복귀 후 원직 배치가 원칙이다.",0
상담 시간을 초과하면 잔업 없이 자발적 시간으로 간주한다.,1
"상습 지각자(월 3회 이상)는 해당 월 전체 근무에 대한 신뢰도 감점을 이유로 성과 평가에서 1등급 강등 처리하며, 이의 제기 절차 없이 이를 확정한다.",1
상여금(성과급) 지급 조건의 일방적 변경을 회사 경영 자유로 간주한다.,1
"상여금(성과급)의 지급 조건은 근로계약 또는 취업규칙에 명시되며, 일방적으로 변경할 수 없다.",0
"상여금은 지급 기준일 기준 월 소정 근무일수의 80% 이상 출근한 자에 한하여 지급하며, 미달자 미지급은 근로기준법상 전액지급 원칙의 적법한 예외로 본다.",1
"상품 교육은 충분히 제공하며, 판매자 책임만 강조하지 않는다.",0
상품 교육이 부족하면서 판매 실적 부족을 직원 탓으로 본다.,1
상품 반품 처리 절차가 복잡하면 담당 직원이 반품 처리 권한을 잃을 수 있다.,1
"상품 반품 처리는 정확한 절차에 따라 이루어지며, 담당자의 판단 오류는 공정하게 검토한다.",0
상품 손상은 원인을 조사하여 책임을 공정하게 배분한다.,0
상품 진열 및 재고 관리 시간 중 고객 응대 가능 상태 유지 의무는 근로자의 기본 책임으로 별도 수당 없음으로 한다.,1
"상품 진열 및 재고 관리 시간은 근로시간이므로 임금을 지급하며, 추가 책임에 대해 성과급을 지급할 수 있다.",0
상품 질 저하는 공급망 전체를 검토하여 해결한다.,0
상품 판매 목표를 초과 달성해도 차년도 목표는 더욱 올린다.,1
상품 회전율 저조를 판매점원의 영업 실패로 간주한다.,1
"새로운 기술 도입은 팀 학습 과정이며, 실패를 책임지지 않는다.",0
"새로운 기술 학습은 개발자의 경력 발전 활동이며, 회사가 지원한다.",0
새로운 프로그래밍 언어 학습도 회사의 승인 없이 하면 안 된다.,1
"생산 계획 변동에 따라 협력사 납품 일정이 변경되더라도, 해당 일정 변경에 따른 추가 비용은 하청 근로자가 부담하는 것으로 본다.",1
"생산 공정 속도 향상을 위해 휴게 시간을 1시간에서 30분으로 단축 운영하며, 단축된 30분에 대한 임금은 생산장려금에 포함된 것으로 처리한다.",1
"생산 공정 중 발생한 불량률이 월 기준치(2%)를 초과하는 경우, 담당 작업자의 생산수당 전액을 차감하고 시말서를 제출하게 한다.",1
"생산 기준은 합리적 수준을 유지하며, 월마다 일방적으로 상향하지 않는다.",0
"생산 라인 가동률 목표 미달 시 원인 분석을 공동으로 진행하며, 설비 노후·소재 불량 등 근로자 귀책 없는 원인으로 발생한 가동 중단에 대해서는 근로자에게 불이익을 주지 않는다.",0
"생산 라인 가동률 목표(95%) 미달성 월에는 생산직 전체의 생산장려수당을 지급하지 않으며, 가동 중단 원인을 불문하고 연대 책임을 적용한다.",1
"생산 라인 근로자의 결근은 법적 절차에 따라 처리하며, 초과분을 일방적으로 공제하지 않는다.",0
"생산 라인 근로자의 생산성은 설비 상태, 자재 공급 등을 포함하여 평가한다.",0
생산 라인 근로자의 월 결근 횟수 초과 시 초과분을 무급 공제하고 다음달 기본급에서 차감한다.,1
생산 라인 자동화로 감원하는 직원의 퇴직금을 최소화한다.,1
생산 라인 직원의 휴가 신청 시 대체 인력 확보를 직원의 책임으로 한다.,1
"생산 라인의 가동률 저조는 설비, 인력 등 여러 요소를 검토한다.",0
생산 라인의 가동률이 낮으면 라인 담당자의 책임으로 간주하여 감봉한다.,1
생산 목표 미달 시 목표와의 차이액을 급여에서 공제한다.,1
생산 목표 미달로 인한 급여 삭감은 불가능하다.,0
생산 목표 미달성 시 직원의 다음 분기 급여를 감액한다.,1
생산 설비 고장 시 해당 근로자는 업무 배정을 받거나 급여 손실 없이 대기할 수 있다.,0
생산 설비 고장 시에도 근로자는 정상 출근하여 기존 과제를 진행해야 한다.,1
"생산 설비 자동화로 인한 작업량 감소는 근로자 배치 조정으로 대응하며, 급여 감액은 금지다.",0
생산 설비의 자동화로 인해 작업량이 감소하면 급여를 자동으로 삭감한다.,1
생산 일정보다 근로자 안전을 우선한다.,0
"생산 품질 기준을 월마다 상향 조정하며, 미달 시 급여를 감액한다.",1
생산 현장의 과로로 인한 질환 발생 시 직업병이 아닌 개인 질환으로 간주한다.,1
"생산 현장의 과로로 인한 질환은 직업병으로 간주하며, 산재 신청을 지원한다.",0
생산 효율 향상은 팀 차원에서 한다.,0
생산 효율을 무한정 높이도록 강요한다.,1
생산량 미달로 인한 야근도 연장근로수당을 정확히 지급한다.,0
생산량 요청은 근로자 역량을 고려하여 협의한다.,0
생산량 증가 요청에 응하지 않으면 게으른 직원으로 간주한다.,1
"생산량 할당 미달에 따른 잔업 지시는 연장근로 요건을 갖춰 진행하며, 잔업에 대해서는 법정 가산수당을 지급한다.",0
생산량이 계획대로 이루어지지 않으면 야근은 무급으로 처리한다.,1
"생산직 근로자의 건강 이상 신고 시, 회사 지정 산업의의 소견이 없는 한 출근을 강제할 수 있으며 무단결근 처리 기준을 적용한다.",1
"생산직 근로자의 정년은 법적 기준을 준수하며, 일방적 단축은 금지다.",0
생산직 근로자의 정년을 60세에서 55세로 단축하는 내규 변경을 일방 시행한다.,1
서버 점검은 야간 자발적 활동으로 보아 근로시간 계산에서 제외하기로 한다.,1
서비스 매뉴얼에 없는 고객 요청에 대한 근로자의 판단은 경영진과 함께 검토한다.,0
"서비스 매뉴얼에 없는 고객 요청을 수용한 경우, 해당 직원의 판단 오류로 간주한다.",1
"서비스 업무 중 고객의 불만 제기(컴플레인)가 월 3회 이상 접수된 직원은, 사실관계 조사 결과와 무관하게 1개월간 무급 대기발령 처분한다.",1
"서비스 장애 등 긴급 상황에 대비한 온콜 의무를 부과할 경우 사전 합의된 온콜 수당을 지급하며, 실제 대응이 발생한 시간에 대해서는 연장근로수당을 추가 지급한다.",0
"서비스 장애 발생 시 퇴근 후나 주말을 불문하고 즉시 접속하여 복구 조치를 완료해야 하며, 이는 개발자의 기본 소양으로서 별도의 시간외수당을 청구하지 않는다.",1
서비스 평가는 다양한 요소를 포함하여 공정하게 이루어진다.,0
서비스직 근로자가 고객으로부터 폭언이나 폭행을 당하는 경우 즉각적인 업무 중단 권리를 보장하고 회사가 보호 조치를 취하며 이로 인한 임금 삭감을 하지 않는다.,0
"서비스직 수습기간(2개월)에는 최저임금의 85%를 지급하며, 회사 재량으로 수습기간을 최대 4개월까지 연장할 수 있다.",1
"서비스직 수습기간(2개월)에도 최저임금의 90% 이상을 지급하며, 수습기간 연장은 근로자와 충분한 협의를 거쳐 결정한다.",0
"서비스직 수습기간에도 최저임금 이상을 지급하며, 수습 기간 연장은 서면으로 사유를 고지하고 1회에 한해 허용한다.",0
서빙 중 고객으로부터 받은 물리적 폭력은 업무상 성격이 없는 사적 다툼으로 보아 산재 신청 불가 원칙으로 한다.,1
"서빙 중 발생한 업무상 사고(음료 엎질러짐 등)는 직업 재해로 인정하며, 근로자가 배상하지 않는다.",0
서빙 중 실수에 대해 공개적으로 창피를 준다.,1
서빙 중 음료 엎질렀을 경우 음료 비용의 50%를 해당 직원 급여에서 공제한다.,1
서빙 직원의 개인 위생 기준을 초과로 강화하여 강제한다.,1
"서빙 직원의 위생 기준은 합리적 수준으로 설정되며, 과도한 강화는 금지다.",0
선금제도는 명확한 정산 기준 하에 진행된다.,0
"선지급 수수료 환수는 계약서에 명시된 기준에 따라 이루어지며, 환수 금액은 차월 수수료에서 합리적 분할 방식으로 처리한다.",0
선택적 유연근무제를 적용받는 직원은 코어타임(의무근로시간) 외의 야간 및 휴일 근로에 대해서는 가산 수당이 발생하지 않는 것에 동의한다.,1
선택적 유연근무제를 적용하더라도 사전에 합의된 정산기간을 초과한 총 근로시간에 대해서는 가산 수당을 지급한다.,0
설계 변경 비용은 변경 사유에 따라 공정하게 배분한다.,0
설계사(보험 모집인)는 독립 위탁 계약자이므로 회사의 영업 지시 및 실적 관리에 따르더라도 근로기준법상 근로자로 인정받지 않으며 4대 보험 적용을 배제한다.,1
설립 초기라는 이유로 급여 미지급을 정당화한다.,1
"설문 응답은 자유이며, 거짓 응답이라도 강사 책임이 아니다.",0
설비 고장 수리를 위한 비정기 야간 작업은 '긴급 유지보수 대응'으로 분류하여 별도의 야간·시간외 가산수당 없이 기본 시급만을 지급한다.,1
설비 고장 수리를 위한 비정기 야간 작업은 연장·야간근로에 해당하므로 통상임금의 50% 이상을 가산하여 지급한다.,0
설비 점검 시간이 사용자 지시에 따른 것이면 근로시간으로 포함하여 수당을 지급한다.,0
설비 점검은 업무 특성상 근로시간에 포함하지 않는다.,1
"성과 개선 프로그램(PIP) 진행 중에도 기존 합의된 급여를 지급하며, 동기 부여 명목으로 급여를 임의 삭감하지 않는다.",0
성과 목표는 달성도에 따라 공정하게 설정한다.,0
"성과 미달 직원에 대한 PIP(성과개선계획) 적용 기간 동안 기본급을 최저임금 수준으로 자동 삭감하며, 직원은 이를 개선 동기 부여 차원에서 수용한다.",1
성과 미달로 인하여 회사가 지정한 직무 교육(PIP)을 이수하는 기간 동안에는 최저임금액만을 급여로 지급한다.,1
"성과 미달자에 대한 역량 향상 교육(PIP)은 근로자를 퇴출하기 위한 수단이 아닌, 실질적인 직무 능력 향상을 지원하는 본연의 목적으로만 운영한다.",0
"성과 평가 기준을 근로자에게 사전에 공개하고, 평가 결과에 대한 소명 기회를 부여하며 이의 제기 절차를 보장한다.",0
"성과 평가는 객관적 기준에 따르며, 감정적 판단을 배제한다.",0
"성과 평가는 객관적 기준에 따르며, 개인 책임만 강조하지 않는다.",0
성과금은 명확한 기준으로 계산한다.,0
성과금을 임의로 삭감한다.,1
"성과급 지급 기준일 전에 퇴사하더라도, 해당 연도의 근무 기간에 비례하여 성과급을 일할 계산하여 지급한다.",0
"성과급은 명확한 기준에 따라 결정되며, 임의 결정은 금지다.",0
"성능 저하 원인을 객관적으로 분석하며, 추측만으로 책임을 묻지 않는다.",0
성능 저하 원인이 개발자 실수로 판정되면 즉시 해고 가능하다.,1
성능 최적화 과제를 주말에 자발적으로 진행해야 한다.,1
성별 또는 군필 여부에 따라 기본급 호봉 승급 기준을 다르게 적용해 온 회사의 오랜 임금 체계 관행을 인정하고 수용한다.,1
성별 또는 군필 여부와 관계없이 직무 가치와 근속 연수에 따라 평등한 호봉 승급 기준을 적용한다.,0
"성수기 임시 인원 투입 시에도 법정 최저임금 이상을 지급하며, 임금 할인을 하지 않는다.",0
"세무조사 대응은 회사의 책임이며, 직원에게 전가하지 않는다.",0
세일즈팀의 월 목표 미달 시 미달분에 해당하는 임금을 차감한다.,1
"세일즈팀의 월 목표는 합리적 수준으로 설정하며, 미달 시에도 기본급을 삭감하지 않는다.",0
"소규모 사업장(4인 이하)임을 이유로 근로기준법의 해고 제한, 연차유급휴가, 퇴직금 규정이 적용되지 않는다고 고지하며, 근로자는 이를 확인하고 계약에 동의한다.",1
"소속 대리인·종업원의 근로기준법 위반 행위에 대해 법인이 상당한 주의·감독을 다한 경우 벌금 책임을 면제하며, 위반 행위자 개인이 형사책임을 전담한다.",0
"소속 직원이 경쟁사와 접촉한 사실이 적발될 경우, 구체적인 정보 제공 여부에 관계없이 영업 비밀 침해 시도로 간주하여 즉시 해고 및 손해배상 청구한다.",1
"소속 크리에이터의 개인 채널 운영은 회사 채널과의 명확한 이해충돌이 없는 한 허용하며, 개인 채널 수익을 강제로 귀속시키지 않는다.",0
소음 측정 및 청력 검사를 정기적으로 한다.,0
소음으로 인한 청력 손상도 개인 문제라고 본다.,1
"소프트웨어 개발 성과에 대한 KPI 미달 3개월 연속 시, 기존 직급보다 한 단계 낮은 직급으로 자동 강등 조치하고 급여를 20% 삭감한다.",1
"소프트웨어 개발 중 발생한 버그로 인해 서비스 장애가 발생한 경우, 당해 수리 비용은 담당 개발자의 당월 급여에서 차감한다.",1
소프트웨어 개발자의 코드 라이선스 위반에 대한 법적 책임을 개발자에게 물을 수 있다.,1
"소프트웨어 릴리스 일정을 맞추기 위해 주말 근무를 강제할 수 있으며, 대체휴무를 제공하지 않는다.",1
소프트웨어 릴리스를 위해 주말 근무가 필요한 경우 사전 합의하여 대체휴무를 제공한다.,0
"소프트웨어 버그 수정은 정상적인 개발 프로세스의 일부이며, 수정 비용은 회사가 부담한다.",0
손님 대기 중 휴게시간으로 간주한다.,1
"손님이 없는 시간대에 매장 청소, 재고 정리 등 부수 업무를 수행하는 시간은 '대기시간'으로 간주하여 시급의 70%만 지급한다.",1
손님이 없는 시간도 근무로 간주하여 급여를 지급하지 않는다.,1
"손상 음식 처리는 배달원이 책임지며, 고객 환불액을 공제한다.",1
"손상 음식 처리는 회사가 책임지며, 고객 환불액을 배달원에게 전가하지 않는다.",0
"손상 음식은 가게 책임이며, 배달원은 배상하지 않는다.",0
수강료 수금 부실도 강사 책임으로 본다.,1
수강료 수금은 학원 책임이다.,0
수강료 수금을 강사가 책임진다.,1
"수강생 이탈로 인한 매출 감소는 회사가 부담하며, 그 원인을 강사 개인의 귀책으로 단정하여 급여에서 삭감하는 방식을 채택하지 않는다.",0
"수강생 이탈은 여러 요소의 결과이며, 강사만 책임 지우지 않는다.",0
"수강생 학부모로부터 수업 불만 민원이 제기되어 담당 강사 교체 요청이 2회 이상 접수되면, 해당 강사를 보직 해임하고 강의 수당 없이 행정 보조 업무로 배치 전환한다.",1
수당 지급을 임의로 삭감한다.,1
수당은 정확히 계산한다.,0
수련의(레지던트) 온콜 대기 중 수면을 취할 수 있는 환경이 마련된 경우 온콜 전 시간을 휴식으로 간주하여 야간수당을 지급하지 않는다.,1
수련의의 온콜 대기 시간은 근로시간으로 보아 야간 가산수당을 포함한 적절한 수당을 지급한다.,0
"수수료 구조는 명확히 공개되며, 숨겨진 공제는 하지 않는다.",0
수습 3개월은 최저임금의 80%를 지급한다.,1
수습 3개월은 최저임금의 90%를 지급한다.,0
"수습 강사(3개월)에게는 최저임금의 85%를 지급하며, 수업 평가 점수가 기준(70점) 미만이면 수습 기간을 한 차례 더 3개월 연장할 수 있다.",1
"수습 강사에게도 최저임금 이상을 지급하며, 수습 기간 연장은 서면 고지 후 1회에 한해 가능하고 연장 기간에도 동일 임금을 유지한다.",0
"수습 계약 중 성과 미흡으로 계약 해지 시 해고 예고 의무를 이행하며, 해지 사유를 서면으로 통지한다.",0
"수습 기간 종료 후 본채용을 거절할 시, 회사는 그 사유를 명확히 기재하여 서면으로 통지해야 하며 사회통념상 합리적 이유가 있어야 한다.",0
수습 기간은 명확히 정하고 자동 연장하지 않는다.,0
수습 기간은 법정 범위를 초과하여 연장할 수 없다.,0
수습 기간을 반복적으로 연장한다.,1
"수습 및 신입사원에게 지급된 웰컴키트, 업무용 작업복 등은 회사의 복리후생 차원에서 무상으로 제공되는 것이며 퇴사 시 반환을 이유로 비용을 청구하지 않는다.",0
"수습기간 3개월 동안은 최저임금의 80%를 지급하며, 갑의 평가에 따라 수습기간은 을의 동의 없이 횟수 제한 없이 연장될 수 있다.",1
"수습기간 3개월 중 첫 1개월은 직무 교육 기간으로 보아 급여를 지급하지 아니하며, 중식비 및 교통비 10만 원만 실비로 제공하는 것에 합의한다.",1
"수습기간 중 업무 적응도나 평가가 현저히 낮다고 회사가 판단할 경우, 언제든지 1일 전 통보만으로 근로계약을 해지할 수 있다.",1
"수습기간 중 자발적으로 퇴사하거나 해고될 경우, 회사에서 지급한 유니폼 및 업무 비품 구매 비용을 첫 월급에서 일괄 공제한다.",1
"수습기간 중 퇴사 시, 회사가 지급한 신입사원 웰컴키트 및 유니폼 비용 15만 원을 첫 급여에서 원천징수한다.",1
수습기간 중 퇴사하더라도 회사에서 지급한 업무용 유니폼이나 비품 비용을 근로자의 급여에서 강제로 공제할 수 없다.,0
"수습기간 중이라도 정해진 급여를 전액 지급하며, 수습 기간 연장은 합리적인 사유와 함께 사전 서면 통보를 통해 1회에 한해 가능하다.",0
수습기간 중인 근로자라 하더라도 3개월 이상 근무한 자를 해고할 경우에는 근로기준법에 따라 최소 30일 전에 해고 예고를 하거나 30일분의 통상임금을 지급해야 한다.,0
수습기간 중인 근로자에게도 회사의 공식적인 약정 휴일(창립기념일 등) 및 경조사 휴가 제도를 정규직 근로자와 차별 없이 동일하게 적용한다.,0
"수습기간(3개월) 중에는 원격근무 인프라 보안 점검을 이유로 개인 노트북 사용을 금지하고, 사내 비품 노트북 대여비 월 5만 원을 급여에서 자동 공제한다.",1
"수업 불만 민원 발생 시 사실 관계를 먼저 확인하며, 강사 교체는 합리적 절차를 거쳐 결정하고 부당한 직위 조정을 하지 않는다.",0
"수익 부진은 여러 요소의 결과이며, 팀만 책임 지우지 않는다.",0
수출 관련 제품 생산 오류로 인한 반품 비용은 당해 부서의 집단 책임으로 급여 차감한다.,1
"수출 제품 생산 오류는 품질 관리의 책임이며, 반품 비용을 근로자 급여에서 공제하지 않는다.",0
"숙련도 향상은 경험이 쌓이면서 자연스러운 것이며, 급여에만 반영한다.",0
숙련도가 낮으면 기본급을 삭감하고 성과금으로만 보전한다.,1
스타트업 직원의 개인 시간 SNS 활동이 회사 이미지에 부정적이면 징계할 수 있다.,1
"스타트업 직원의 경쟁금지는 법적 범위 내에서만 적용되며, 과도한 제한은 금지다.",0
"스타트업 직원의 사이드 프로젝트는 개인의 자유이며, 회사와 이해 충돌이 없으면 제한하지 않는다.",0
"스타트업 직원의 사이드 프로젝트는 사전 승인 없이 할 수 없으며, 적발 시 징계 가능이다.",1
스타트업 직원의 스톡옵션(미실현)은 임금의 일부로 간주하여 실제 현금 급여 지급을 차감한다.,1
스타트업 직원의 야간 슬랙(Slack) 메시지 응답 시간(예: 22시 메시지 23시 응답)이 지연되면 다음날 태도 점검 대상이 된다.,1
"스타트업 직원의 임금은 합의된 금액을 정기적으로 지급하며, 회사 성장을 이유로 유보하지 않는다.",0
스타트업 직원의 퇴직 시 회사 내부 정보 유출 가능성을 이유로 경쟁금지를 강제할 수 있다.,1
스타트업 직원이라도 법정 휴가와 복지 혜택은 동일하게 보장된다.,0
스타트업 초기 직원은 회사 성장이 우선이므로 임금 1년 이상 유보에 동의한 것으로 간주한다.,1
스타트업 초기 직원의 퇴직금을 회사의 자금난을 이유로 미지급할 수 있다.,1
스타트업 초기 직원이라는 이유로 일반 휴가 외에 추가 휴가를 제한할 수 있다.,1
"스타트업의 스톡옵션 부여 조건 및 행사 방법은 계약서에 명확히 명시하며, 이사회가 일방적으로 조건을 변경하지 않는다.",0
"스타트업의 자금 부족으로 인한 급여 지연은 근로계약 위반이며, 임금 채권을 보호한다.",0
스타트업의 자금 부족으로 인한 급여 지연은 직원이 수용해야 하는 회사 특성으로 간주한다.,1
스타트업의 팀 내 갈등으로 인한 이탈 시 이탈자가 업무 인수인계 불완전의 책임을 진다.,1
"스태프 변경은 프로젝트 관리의 일부이며, 지연은 함께 대응한다.",0
"스톡옵션(미실현)은 임금 대체가 아닌 별도의 인센티브로만 제공하며, 현금 급여는 법정 기준대로 지급한다.",0
스톱 조회(예정 주지 않은 생산 중단) 발생 시 해당 부분의 시간 손실을 급여에서 공제한다.,1
스톱 조회로 인한 시간 손실도 근로시간으로 인정하여 급여를 지급한다.,0
스포츠 중계 해설위원의 게임 예측 실패로 인한 시청률 저조는 해설위원 책임이다.,1
"스포츠 중계 해설위원의 게임 예측은 해설 의견이며, 예측 외 결과로 책임을 귀속하지 않는다.",0
"스프린트 성과 평가는 개인 기여도를 공정하게 반영하며, 팀 목표 미달을 이유로 기여한 개인에게 불이익을 주지 않는다.",0
슬링이나 리프트 사용 없이 손으로만 환자를 이동하도록 지시한다.,1
승진 기준을 명확히 하지 않는다.,1
승진 기준을 명확히 한다.,0
"승진 연한을 충족한 근로자에 대하여 특별한 결격 사유가 없는 한 공정한 승진 심사 기회를 부여하며, 성별이나 육아휴직 사용을 이유로 배제하지 않는다.",0
"시간급 통상임금 산정 시 총근로시간은 실제 약정 시간만으로 합산하며, 연장·야간근로 가산시간을 포함한 법정수당 청구는 허용하지 아니한다.",1
"시간외근로는 사전 협의하며, 거부권이 있다.",0
"시간외근로수당 산정 시 기준이 되는 통상임금에는 기본급 외에 직무수당, 식대 등 정기적·일률적·고정적으로 지급되는 모든 금품을 포함한다.",0
시간외수당을 계산하지 않는다.,1
시간외수당을 정확히 계산한다.,0
"시급은 법정 최저임금 이상으로 유지되며, 임의 인하는 금지다.",0
"시설 개선 비용은 회사가 부담하며, 직원 급여에서 공제하지 않는다.",0
"시스템 오류는 앱 운영사 책임이며, 배송원 책임이 아니다.",0
시스템 장애 복구를 위해 개발자의 휴가를 일방적으로 취소할 수 있다.,1
"시스템 장애는 팀 전체의 책임이며, 개인 휴가를 임의로 취소할 수 없다.",0
시스템 해킹으로 인한 고객 데이터 유출 책임은 회사의 보안 정책 평가를 포함한다.,0
시스템 해킹으로 인한 고객 데이터 유출 책임을 보안팀이 전부 부담해야 한다.,1
"시용 계약(수습) 기간 중 성과 미흡이 3회 이상 지적될 경우 인사위원회 심의 없이 즉시 계약 해지가 가능하며, 해고 예고 의무를 면제하기로 합의한다.",1
"시용기간(수습) 3개월 경과 후 본채용이 거부될 경우, 회사는 사유를 서면으로 통지하지 않고 구두 통보만으로 근로계약을 종료할 수 있다.",1
"시청률은 여러 요소를 포함하여 평가되며, 개인만 책임 지우지 않는다.",0
"시험 성적은 학생 노력, 기초 실력 등 여러 요소를 고려한다.",0
시험 성적이 낮은 학생은 강사 능력 부족의 증거라고 본다.,1
"시험 응시는 개인의 역량 개발이며, 결과는 평가에 부분적으로만 반영된다.",0
식당 주방의 음식 낭비율이 높으면 조리팀의 효율성 평가를 낮춘다.,1
"식대, 교통비 등 매월 정기적, 일률적으로 지급되는 수당은 통상임금에 포함하여 연장근로수당 등의 산정 기초로 삼는다.",0
"식음료 구매 직원 할인 제도를 악용하여 제3자에게 대리 구매를 한 것이 적발되면, 직원 할인 분 누계 금액 3배를 위약금으로 부과한다.",1
신규 강사는 처음 6개월간 급여를 유예하기로 한다.,1
"신규 개발은 계획적으로 진행되며, 강사에게 임의 강제는 금지다.",0
"신규 공법 교육은 근로시간에 포함되며, 수당을 지급한다.",0
신규 기술 스택 도입 실패로 인한 프로젝트 지연은 도입 담당자의 판단 오류로 급여에 반영한다.,1
"신규 기술 스택 도입은 회사 기술 전략이며, 도입 실패로 인한 책임을 도입 담당자에게 일방 귀속하지 않는다.",0
신규 설비 도입에 따른 재교육 기간 중 생산 목표를 미달성하면 해당 기간의 성과수당을 소급하여 삭감한다.,1
"신규 설비 도입에 따른 재교육 기간에도 기존 성과수당을 유지하며, 적응 기간 중 생산량 감소를 이유로 소급하여 급여를 삭감하지 않는다.",0
신규 시스템 도입 교육 거부 시 업무 능력 부족으로 평가될 수 있다.,1
"신규 시스템 도입 교육은 회사가 충분히 제공하며, 학습 시간을 근로시간으로 인정한다.",0
"신규 직원의 온보딩 기간도 실제 근로 기간이므로 동일한 기본급을 지급하며, 임금 할인 지급을 하지 않는다.",0
신규 직원의 채용 후 2주 온보딩 기간 급여는 기본급의 60%만 지급하는 것으로 합의한다.,1
신기술 도입으로 인한 교육은 근로시간으로 인정하며 회사가 비용을 부담한다.,0
신기술 도입으로 인한 기존 기술자의 교육 비용을 해당 직원의 급여에서 공제한다.,1
"신기술 스택 전환 교육 기간에도 기존 급여를 유지하며, 기술 전환 목표를 달성하지 못하더라도 급여를 임의로 삭감하지 않는다.",0
신기술 스택으로의 전환 교육 기간 중 업무 생산성이 기준치에 미달하는 경우 교육 기간을 수습 기간으로 재전환하여 급여를 80%로 삭감한다.,1
신기술 습득 시간이 근로시간을 초과하면 초과분은 개인 학습으로 간주하여 보상하지 않는다.,1
"신메뉴 교육은 업무 시간에 제공하며, 판매 실적 강요는 하지 않는다.",0
신메뉴 판매는 협의한다.,0
신메뉴 판매를 강압적으로 강요한다.,1
신선식품 배송 중 온도 관리 실패로 인한 반품 및 폐기 손해액의 30%를 해당 배송 기사의 다음 달 수수료에서 자동 차감한다.,1
신용 심사 기준은 공정하고 투명하게 운영된다.,0
신용 심사 기준을 강화하여 승인율 저하를 심사팀의 책임으로 간주한다.,1
신용 위험 분석사의 부실 심사로 인한 대출 손실금은 분석사 급여에서 회수한다.,1
"신용 위험 분석사의 분석 결과는 참고 자료일 뿐이며, 대출 손실을 개인 책임으로 귀속하지 않는다.",0
신용도 조사는 직책 변경 등 정당한 사유가 있을 때만 가능하다.,0
신용카드 승인 거절로 인한 고객 불만은 승인 시스템 담당자의 문제로 간주한다.,1
"신용카드 승인 거절은 신용 심사 결과이며, 시스템 담당자를 일방적으로 책임 지우지 않는다.",0
신용카드 연체 고객 추심 업무는 업무 특성상 퇴근 후 야간 전화 추심도 기본 직무로 간주한다.,1
"신용카드 연체 고객 추심은 업무시간 내 진행하며, 야간 전화 추심 필요 시 사전 합의 수당을 지급한다.",0
신용카드 연체 추심 업무 중 폭언 고객으로 인한 스트레스는 개인 문제로 간주한다.,1
신용카드 한도는 공정한 심사 기준에 따라 결정된다.,0
신용카드 한도를 개인적 혐오감으로 제한할 수 있다.,1
"신용카드 회원 이탈은 상품, 서비스 등 여러 요소를 종합 검토한다.",0
신용카드 회원 이탈이 많은 담당자는 고객 관리 책임을 지고 보수를 조정한다.,1
신용평가 회사의 평가 결과 오류로 인한 고객 분쟁 책임을 평가자에게 물는다.,1
신용평가 회사의 평가 오류는 평가 시스템 개선으로 대응한다.,0
"신원 조회는 법적 범위 내에서만 가능하며, 과도한 조회는 금지다.",0
신원 조회는 정당한 업무 필요성이 있을 때만 실시된다.,0
신입 개발자는 입사 6개월 동안 야근 거부 시 부적응으로 판단하여 계약 해지 가능하다.,1
신입 개발자는 첫 6개월간 급여를 유예하고 나중에 정산하기로 한다.,1
"신입 개발자의 적응 평가는 공정하고 투명한 기준에 따라 이루어지며, 일방적 계약 해지는 금지다.",0
"신입 개발자의 학습 기간은 합리적으로 설정되며, 임의 단축은 금지다.",0
신입 개발자의 학습 기간을 정해진 기간 내로 단축하도록 강제할 수 있다.,1
신입 교육 기간도 정식 근무로 인정하며 경력에 포함된다.,0
"신입 근로자의 급여는 최저임금 이상을 보장하며, 교육 시간도 근로시간에 포함된다.",0
"신입 급여 유예는 법적으로 불가하며, 정상 급여를 지급한다.",0
신입 급여는 경력과 능력을 고려하여 적절히 책정한다.,0
"신입 직원도 법정 최저임금 이상을 지급받아야 하며, 할인 지급은 금지다.",0
신입 직원에게 급여 대신 주식옵션만 제공할 수 있다.,1
신입 직원의 3개월 시험 기간 중에는 법정 최저임금 이하로 지급할 수 있다.,1
"신입 직원의 온보딩 기간 동안에도 정상 임금을 지급하며, 이직 시 온보딩 비용을 보정금으로 청구하지 않는다.",0
신입 직원의 온보딩 기간(3개월) 중 이직 시 온보딩 비용을 보정금으로 청구한다.,1
신입 훈련 기간이 길어지면 회사 책임이 아니라고 본다.,1
"신입 훈련은 계획된 기간 내에 진행되며, 회사가 지원한다.",0
"신입과 기술자의 임금 차별을 명확히 하며, 역전이 불가능하다.",1
"신입과 기술자의 임금은 숙련도에 따라 정하며, 역량에 따라 조정 가능하다.",0
신입의 첫 3개월은 교육기간으로 최저임금의 70%를 지급하기로 한다.,1
신입이라도 능력이 인정되면 적절한 급여 인상을 한다.,0
신체 건강 악화는 업무 환경이 원인인 경우 직업병으로 인정된다.,0
신체 부담 작업에 대해 적절한 수당과 휴식을 제공한다.,0
신체 부상 시 즉시 치료하고 복귀를 강요하지 않는다.,0
신체 부상 시에도 계속 현장에 나오도록 강요한다.,1
"신체 접촉은 근로자가 거부할 수 있으며, 점주가 보호한다.",0
실버타운 직원의 입주자 안전 감시는 24시간 기본 의무로 간주한다.,1
"실버타운 직원의 입주자 안전 감시는 정해진 근무 시간 범위 내에서 이루어지며, 24시간 감시 의무는 없다.",0
"실적 미달은 객관적 기준으로 판단하며, 자동 해고는 하지 않는다.",0
실질적으로 회사의 지휘·감독을 받으며 영업 활동을 하는 보험설계사는 근로자로 인정하여 최저임금·주휴수당·4대 보험을 적용한다.,0
심리 건강도 신체 건강과 동일하게 중요하게 취급한다.,0
"심리 상담은 회사가 비용을 부담하며, 근로자가 부담할 수 없다.",0
심리 상담을 지원하지 않는다.,1
심리 상담을 지원한다.,0
"심사 결과는 명확하게 설명되어야 하며, 설명 의무가 있다.",0
"심사 시간 단축은 오류율 증가와 거래되지 않으며, 품질이 우선이다.",0
"아르바이트 계약 종료 후 미사용 연차수당을 당일 급여일에 정산 지급하며, 미지급 시 지연 이자를 함께 지급한다.",0
아르바이트 직원의 출근 시간 15분 이전의 홀 준비는 성실 근무 태도로 평가하며 시급 계산 시작 시점은 계약상 출근 시간으로 한다.,1
"아르바이트 직원의 출근 시작 시간부터 근로시간을 산정하며, 계약 시간 이전의 준비 시간이 사용자 지시로 이루어지면 시급 계산에 포함한다.",0
"아르바이트생이 고객으로부터 받은 팁(Tip) 등 부수입은 전액 회사의 매출로 귀속시키며, 개인적으로 수령 시 업무상 횡령으로 고발 조치한다.",1
"아이디어·사업 모델에 대한 지식재산권 귀속은 업무상 발명에 해당하는지를 발명진흥법에 따라 판단하며, 직무 무관 개인 발명에 대한 권리를 임의로 귀속시키지 않는다.",0
아침 팀 미팅(09:00 전) 준비는 자발적 근로시간으로 간주하여 근로시간에 포함하지 않는다.,1
"아티스트 전속 계약 기간 중 발생하는 교통비, 식비, 헤어·메이크업 비용 등 제반 활동 경비는 회사가 선지출 후 수익 정산 시 전액 차감하며 잔액만을 아티스트에게 지급한다.",1
악성 댓글 응대도 직무로 간주하여 추가 수당이 없다.,1
"안전 개선은 비용이 들더라도 우선하며, 비용을 이유로 거부하지 않는다.",0
"안전 교육 미참가 직원에게는 취업규칙에 따른 징계 절차를 거쳐 조치하며, 급여 삭감이나 산재 제한을 즉각 적용하지 않는다.",0
"안전 규정은 법정 기준을 준수하며, 약화는 금지다.",0
"안전 문제 제기는 산업안전보건법에 따른 권리이며, 이를 이유로 대기 발령하거나 임금을 삭감하는 행위는 금지된다.",0
"안전 이상 신고는 외부 기관에도 자유롭게 할 수 있으며, 신고를 이유로 인사상 불이익을 주는 것을 금지한다.",0
안전 장비가 부족해도 '업계 관례'라고 주장한다.,1
안전 장비는 법정 기준 이상으로 충분히 제공한다.,0
안전 제안을 비용 문제로 거부한다.,1
안전교육 참석 시간은 근로시간에 포함하지 않기로 한다.,1
"안전모, 안전화 등 개인보호구는 회사가 무상으로 지급하며, 정상 사용에 따른 소모·파손에 대해 근로자에게 비용을 전가하지 않는다.",0
"안전모, 안전화 등 기본 장비를 근로자에게 강요한다.",1
"안전장구는 회사가 제공하며, 개인 구매 강제는 금지다.",0
안전장비가 충분하면 개인 물품 손상은 회사 책임으로 처리한다.,0
"안전장비는 회사에서 제공하며, 근로자가 비용을 부담하지 않는다.",0
안전하지 않은 배송도 거절할 수 없다.,1
안전하지 않은 배송은 거절할 수 있다.,0
"앱 평점은 서비스 품질 개선의 지표이며, 수수료 차감 사유가 아니다.",0
야간 교대 거부 시 그 달을 미근무로 처리한다.,1
야간 교대 근무 거부 시 해당월 기본급의 20%를 삭감한다.,1
야간 교대 근무 중 졸음으로 인한 실수를 이유로 급여를 삭감한다.,1
"야간 교대 근무는 사전 합의 하에 진행하며, 야간 가산수당을 정확히 지급한다.",0
"야간 교대는 합의 하에 진행하며, 거부권이 있다.",0
야간 근무 시 통상임금의 50%만 지급한다.,1
"야간 근무 시에도 최저임금 이상의 기본급을 지급하며, 야간 가산수당을 추가로 지급한다.",0
야간 근무 중 의료사고 책임은 담당 직원의 과실 여부와 무관하게 담당자에게 귀속된다.,1
야간 근무 중 의료사고는 개인 과실 여부를 객관적으로 조사한 후 책임을 판단한다.,0
"야간 근무 중 피로는 자연스러운 현상이며, 피로만으로 책임을 묻지 않는다.",0
"야간 근무 필요성이 발생한 경우 사전 합의를 통해 야간 근로수당을 지급하며, 대체휴무는 근로자 요청 시에만 제공한다.",0
"야간 근무자에게는 야간 가산수당(통상임금의 50%)을 지급하며, 야식비를 야간 수당의 일부로 처리하는 방식을 채택하지 않는다.",0
야간 당직 근무 중 대기 시간도 사용자의 지배·관리 아래 있는 경우 근로시간으로 보아 야간 가산수당을 포함한 임금을 지급한다.,0
야간 당직 중 모든 시간을 근로시간으로 인정하여 급여를 지급한다.,0
야간 당직 중 수면 시간이 많다는 이유로 야간수당을 50% 감액한다.,1
야간 당직 중 응급 상황도 야간 기본급만 지급한다.,1
야간 당직 중 응급 상황은 별도 수당으로 보상한다.,0
야간 당직 중 충분한 휴식 시간을 보장한다.,0
야간 당직 중 환자 호출이 없으면 휴식이라 보고 급여를 줄인다.,1
야간 당직자 수는 법정 기준에 따라 충분히 배치한다.,0
야간 당직자 수를 최소로 줄여 과부하 상황을 만든다.,1
"야간 물류 센터 직원에게 지급하는 야간 수당은 기본급에 포함된 것으로 간주하며, 오후 10시 이후의 심야 작업에 대해서도 추가 가산 수당을 지급하지 않는다.",1
야간 배달 안전을 보장한다.,0
"야간 배달도 동일한 보험이 적용되며, 특정 시간 제외는 없다.",0
야간 배송 시 추가 수당 지급 대신 평일 중 무급 휴무를 부여하는 것으로 대체한다.,1
"야간 배송 시에는 야간 근로수당을 지급하며, 무급 휴무로 대체하지 않는다.",0
야간 배포 및 핫픽스 작업은 서비스 안정성 유지를 위한 필수 업무로 보아 오전 2시 이후의 작업에 대해서도 야간근로수당을 별도 지급하지 아니한다.,1
"야간 배포, 핫픽스 등 정규 근로시간 이후의 업무는 연장·야간근로에 해당하므로 통상임금에 50% 이상을 가산하여 지급한다.",0
야간 서버 점검이 사용자 지시에 따른 것이면 근로시간으로 인정하여 수당을 지급한다.,0
야간 시간대 최저 인원 운영을 위해 야간 근무 시 기본급의 70%만 지급하기로 합의한다.,1
"야간 자율학습 지도 시간은 근로시간으로 인정하여 수당을 지급하며, 다음 날 지각 없이 출근하도록 근무 일정을 합리적으로 배정한다.",0
야간 자율학습 지도를 담당하는 교직원은 밤 10시 이후 귀가하더라도 익일 오전 8시 30분까지 출근 의무를 부담하며 초과 근무 수당을 청구할 수 없다.,1
야간 진열 직원의 업무 준비 시간이 사용자 지시로 이루어지는 경우 계약 근무 시간에 포함하여 시급을 산정한다.,0
야근 거부 시 면접 없이 징계한다.,1
야근 거부 시 직원의 개인 평가를 부정적으로 기록한다.,1
"야근 거부는 정당한 권리이며, 개인 평가에 부정적으로 영향을 주지 않는다.",0
야근 거부는 존중한다.,0
야근 수당은 법정 기준에 따라 계산한다.,0
야근 수당은 법정 기준에 따라 지급된다.,0
"야근 수당은 시간에 따라 동일하게 지급되며, 역진급제는 없다.",0
"야근 시 제공되는 저녁 식비(1만 원)는 자발적 야근이 아닌 회사 지시 야근의 경우에만 지급되며, 지시 야근임을 입증하지 못하면 식비를 청구할 수 없다.",1
야근 시간 추적이 불가능한 경우 야근 수당 청구 자체를 불가능하게 간주한다.,1
야근 시간은 일당 5천 원의 정액으로 일괄 지급한다.,1
야근 시간은 통상임금의 50%를 가산하여 법정 수당으로 지급한다.,0
야근 시간을 '개발 열정'으로 간주하여 수당을 주지 않는다.,1
"야근 시간의 추적 불가는 회사의 근무 관리 미흡이며, 이를 이유로 야근 수당을 부정하지 않는다.",0
야근 시간이 기준(월 40시간) 이상이면 초과분은 포기하는 것으로 본다.,1
야근 시간이 길어질수록 수당이 가산되는 법정 가산제를 적용한다.,0
야근 시간이 길어질수록 수당이 감소하는 역진급제를 적용한다.,1
야근 시간이 연장되어도 시간외수당은 정액으로 고정한다.,1
"야근 식대(1만 원)는 오후 9시 이후 퇴근하는 경우에만 지급하며, 오후 8시 59분까지 퇴근하면 지급하지 않는 것을 근로자가 동의한다.",1
야근 식사 비용으로 제공되는 저녁 도시락은 복리후생이며 최저임금 계산 시 산입하지 않는다.,0
야근 식사 비용으로 제공되는 저녁 도시락은 임금의 일부로 간주하여 최저임금에 포함시킨다.,1
"야근 식사로 제공되는 도시락은 복리후생이며 임금에 포함되지 않으므로, 최저임금 계산 시 제외한다.",0
"야근 식사로 제공되는 도시락은 실물급여이며 임금에 포함되는 것이므로, 최저임금 계산 시 산입한다.",1
"야근 유무로 성과를 평가하지 않으며, 업무 질로만 평가한다.",0
"야근과 출장은 공평하게 배분하며, 특정 근로자를 우선하지 않는다.",0
"야근은 법정 수당으로 보상되며, 정상 시간으로 간주할 수 없다.",0
"야근은 사전 계획하에 진행하며, 무조건적 야근 강요는 하지 않는다.",0
야근은 필요 시에만 협의하여 진행한다.,0
야근하지 않은 날 성과가 없는 것으로 간주한다.,1
야뇨증이나 대소변 처리 관련 감염은 위생 소홀로 본다.,1
야시간 업무도 기한이 있으면 대체휴일이나 수당으로 보상한다.,0
야외 테라스 및 배달 대기 시간은 사업장 내 근무가 아닌 것으로 보아 근로시간 집계에서 제외하며 최저임금 산정 시간에 포함하지 않는다.,1
"약 투약 실수는 근로자의 부주의이며, 의료진과 구분한다.",1
"약 투약 실수는 시스템의 오류를 우선 점검하며, 재발 방지에 집중한다.",0
"약 투약은 의료진 책임이며, 근로자는 보조 역할만 한다.",0
"약속한 복리후생을 실행하며, 불가능하면 명확히 통보한다.",0
약속한 인센티브는 명확한 기준에 따라 지급한다.,0
"어업·수산업 현장 일용 종사자의 근로자성 판단은 근로계약서 작성일·일당의 적정성을 기준으로 하며, 별도 계약서가 없는 경우 근로자로 간주하지 아니한다.",1
"업무 강도 및 근로시간은 사측의 경영 재량 범위 내에 있으며, 이로 인한 건강 악화는 개인 신체적 요인에 의한 것으로 보아 회사의 손해배상책임이 발생하지 아니한다.",1
"업무 배분은 객관적 기준에 따르며, 개인적 선호도는 배제한다.",0
"업무 범위는 명확히 정하고, 변경 시 협의한다.",0
업무 범위는 명확히 정한다.,0
"업무 수행에 필요한 개인 PC 및 전산 소프트웨어 라이선스 구매 비용은 근로자 본인이 부담하며, 퇴사 시 회사에 소유권을 양도해야 한다.",1
"업무 수행에 필요한 유류비, 통행료 등 제반 비용은 회사가 법인카드로 결제하거나 근로자 청구 시 다음 급여일에 지체 없이 정산한다.",0
"업무 시작 전의 교대 준비, 조회, 청소 등 사용자의 지휘·감독 아래 이루어지는 모든 시간은 근로시간에 포함하여 임금을 산정한다.",0
"업무 외 요인이 복합된 뇌혈관 질환에 의한 사망은 원칙적으로 업무상 재해로 불인정하며, 업무와의 상당인과관계 입증 책임은 유족에게 있다.",1
"업무 정상화를 저해하는 쟁의행위 참가자에 대해 사측은 경영상 판단에 따라 인사상 불이익을 부과할 수 있으며, 이의 신청은 내부 절차에 한한다.",1
"업무 중 고객의 물리적 폭력은 업무상 재해로 인정하며, 근로자의 산재 신청을 적극 지원한다.",0
"업무 중 발생한 경미한 찰과상이나 타박상은 개인의 안전수칙 미준수로 간주하여 산재 처리를 요구할 수 없으며, 치료비는 전액 사비로 부담한다.",1
"업무 중 발생한 보안 사고에 대해 근로자의 중과실 여부를 공정하게 조사하고, 회사의 관리 감독 책임과 근로자 과실 비율을 구분하여 합리적 수준에서만 책임을 묻는다.",0
"업무 중 발생한 질병에 대해 개인이 가입한 실손의료보험으로 1차 처리해야 하며, 산재보험 신청은 회사의 서면 승인이 있을 때만 가능하다.",1
"업무 중 회사 장비 분실 시 분실 물품의 시장가(신품 기준)를 전액 변제하며, 감가상각을 주장할 수 없다.",1
업무 투입 대기 기간이나 프로젝트 종료 후의 대기 기간은 회사의 귀책사유로 인한 휴업으로 보아 평균임금의 70% 이상을 휴업수당으로 지급한다.,0
"업무 투입 전 교육이나 인수인계를 받는 기간에도 당사자 간 합의된 급여액을 지급하되, 그 금액은 법정 최저임금 이상이어야 한다.",0
업무 효율을 위해 지급되는 중식대 및 차량유지비는 최저임금 산입 범위에서 완전히 제외하고 기본급만으로 최저임금을 위반하지 않으면 적법한 것으로 본다.,1
"업무상 감염으로 인한 격리가 발생한 경우 산재 처리를 지원하며, 격리 기간 동안 급여를 전액 지급하거나 유급 휴가를 부여한다.",0
업무상 고객 데이터 사용은 목적 한정의 원칙을 준수한다.,0
"업무상 과실로 인한 손해배상 책임이 발생하더라도, 이를 임금이나 퇴직금에서 회사가 임의로 강제 상계할 수 없다.",0
"업무상 재해 발생 시 회사가 지정하는 의료기관에서만 치료를 받아야 하며, 산재보험 신청 대신 공상 처리로 합의하고 이후 갑에게 민·형사상 이의를 제기하지 않는다.",1
"업무상 재해 요양 중 근로제공 불능 상태가 90일 이상 지속 시 상호 합의해지로 간주하며, 별도의 해고 절차 및 해고 제한 규정이 적용되지 아니한다.",1
"업무상 재해로 인한 요양 기간 중에는 법령이 정하는 휴업급여를 신속히 지급받도록 조력하며, 요양으로 인한 휴업 기간은 계속근로기간에 포함하여 불이익을 주지 않는다.",0
"업무상 재해로 인한 요양 기간 중에는 회사의 복리후생 포인트 및 명절 선물을 지급하지 아니하며, 해당 기간은 근속기간 산정에서 제외한다.",1
"업무상 재해로 인한 요양 및 휴업 기간은 근속기간에 온전히 포함되며, 해당 기간을 이유로 익년도 연차유급휴가 산정 시 불이익을 주지 않는다.",0
업무상 재해로 인해 휴직한 기간은 회사의 실질적인 기여도가 없는 것으로 보아 근속연수에서 제외하고 익년도 연차유급휴가를 산정한다.,1
"업무상 질병 보상금 산정 시 평균임금은 최초 진단일이 아닌 보상 신청일 직전 3개월 지급 임금 기준으로 산정하며, 이에 대한 이의를 허용하지 아니한다.",1
업무상 필요로 수집한 고객 데이터를 다른 목적으로 사용할 수 있다.,1
"업무에 필요한 컴퓨터, 소프트웨어 라이선스, 업무용 폰 등은 회사가 무상으로 제공하며, 마모나 파손 시 정상적인 교체를 지원한다.",0
"업무와 무관한 기저질환 또는 개인적 요인이 사망의 주된 원인인 경우 업무상 사망으로 인정하지 아니하며, 업무와의 상당인과관계 입증 책임은 유족 측에 있다.",1
"업무용 노트북·장비는 회사가 무상 제공하며, 정상 사용 중 발생한 고장 비용은 회사가 부담하고 근로자에게 전가하지 않는다.",0
"업무용 차량 운행 중 발생한 과태료에 대하여 근로자의 고의나 중과실이 있는 경우 적법한 절차에 따라 구상권을 행사하되, 임금에서 일방적으로 상계하지 않는다.",0
"업무용 차량 운행 중 발생한 교통사고에 대해서는 회사가 가입한 자동차보험으로 처리하며, 근로자의 중과실이 없는 한 개인에게 비용이나 보험료 할증분을 전가하지 않는다.",0
업무용 차량 운행 중 발생한 교통사고의 보험 처리로 인한 향후 보험료 할증분은 해당 근로자가 전액 부담한다.,1
"업무용 차량의 주유비 및 고속도로 통행료는 직원의 개인 카드로 선결제 후 청구하되, 회사의 재무 상태에 따라 상환이 수개월 이월될 수 있다.",1
업체 변경에 따른 파견 근로자 인수인계 불일치를 파견 근로자 책임으로 귀속한다.,1
"업체 변경에 따른 파견 근로자 인수인계는 회사의 책임이며, 파견 근로자의 책임으로 귀속하지 않는다.",0
업체 변경으로 인한 재교육은 개인 학습 시간으로 간주하여 급여를 지급하지 않는다.,1
"엔터테인먼트 소속 아티스트의 소셜 미디어 계정은 회사의 자산으로 간주하며, 계약 해지 시 계정 및 팔로워 데이터 일체를 회사에 반환해야 한다.",1
"엔터테인먼트 소속 아티스트의 활동 경비는 계약서에 명시된 배분 기준에 따라 투명하게 정산하며, 정산 내역에 대한 외부 감사를 허용한다.",0
엔터테인먼트 아티스트 활동은 마케팅과 매니지먼트를 포함하여 평가한다.,0
엔터테인먼트 회사의 아티스트 스캔들 발생 시 담당 매니저에게 책임을 물을 수 있다.,1
엔터테인먼트 회사의 아티스트 스캔들은 회사의 관리 체계도 함께 검토한다.,0
엔터테인먼트 회사의 아티스트 활동 부진은 매니저의 홍보 부족으로 평가한다.,1
여름 성수기 대비 임시 인원 투입 시 이들에게 기본급의 60%만 지급하는 것을 원칙으로 한다.,1
"여성 강사의 임신·출산을 이유로 사직을 권고하거나 불리한 처우를 하는 것은 금지하며, 법정 출산전후휴가 및 육아휴직을 보장한다.",0
여성 근로자가 결혼하면 이직을 암시적으로 권고한다.,1
여성 근로자가 결혼해도 고용 상 어떠한 차별이나 퇴사 권고를 하지 않는다.,0
"여성 근로자가 임신 또는 출산한 경우 법정 산전후휴가 및 육아휴직을 보장하며, 이를 이유로 한 해고나 불리한 처우를 금지한다.",0
"여성 근로자가 청구하는 경우 월 1일의 생리휴가를 부여하며, 이를 이유로 근태 평가나 상여금 산정 등에서 불이익을 주지 않는다.",0
여성 근로자는 야간 및 휴일 근로에 대하여 입사 시 본 근로계약서에 서명함으로써 일괄 동의한 것으로 법적 처리를 갈음한다.,1
"여성 근로자는 임신 또는 출산으로 인하여 본연의 업무 수행이 불가능하거나 부서에 지장을 초래한다고 회사가 판단할 경우, 자발적으로 사직서를 제출하기로 합의한다.",1
여성 근로자를 차별하는 발언을 한다.,1
여성 직원의 산전·산후 의료 시간은 근로시간으로 인정하여 임금을 지급한다.,0
여성 직원의 산전·산후 의료 처치 시간을 근로시간으로 인정하지 않을 수 있다.,1
"연간 근로계약을 갱신할 때에는 근로자의 서면 동의를 받으며, 임금 동결 조항은 노사 간 성실 협의를 거쳐 결정한다.",0
연간 성과급은 지급 기준일 이전 퇴사자에 대해서도 재직 기간 비율에 따라 일할 계산하여 지급한다.,0
"연간 성과급은 해당 연도 12월 31일 재직자에게만 지급되며, 12월 30일 퇴사 시에도 전년도 기여분 포함 일절 지급하지 않는다.",1
연령에 관계없이 공평한 업무 기회를 제공한다.,0
"연말 성과급 및 명절 상여금은 지급일 현재 재직 중인 자에게만 회사의 재량으로 지급하며, 지급일 하루 전에 퇴사한 경우 일할 계산하여 청구할 수 없다.",1
"연말 성과급은 퇴사 후에는 지급하지 않으며, 재직 중 발생한 성과라 할지라도 퇴사일 기준으로 그 권리를 포기한 것으로 간주한다.",1
"연말 성과급의 지급 기준일 이전에 퇴사하더라도, 해당 연도에 근로를 제공하여 기여한 비율만큼을 일할 계산하여 지급한다.",0
"연봉 금액에는 기본급 외에 연장, 야간, 휴일근로수당 및 연차수당이 모두 포괄되어 있는 것으로 간주하며, 을은 실제 근로시간을 이유로 추가 수당을 청구하지 아니한다.",1
"연봉 제 직원의 월급은 연봉을 12개월로 균등 분할하되, 변동 수당(성과급)은 회사의 일방적 평가로 결정한다.",1
"연봉 제 직원의 월급은 연봉을 12개월로 균등 분할하여 지급하며, 변동 수당은 명확한 기준에 따라 결정한다.",0
"연봉 협상은 매년 공정하게 진행하며, 협상에서 불이익을 요구하는 경우 근로자가 이의를 제기할 수 있는 절차를 보장한다.",0
"연봉에 온라인 비상대응(온콜)수당이 포괄되어 있으며, 을은 퇴근 후 시스템 장애 대응 시 추가 수당을 청구하지 않기로 합의한다.",1
"연봉은 명확히 제시되며, 추가 보상이 있을 시에도 명시적으로 계약한다.",0
"연봉제 근로자의 기본급이 최저임금 미달 여부는 연봉을 소정근로시간으로 나누어 산정하며, 기준에 미달하는 경우 즉시 조정한다.",0
연속 3개월 생산 실적이 하위 10% 이내면 자동 해고된다.,1
"연속하여 2개월 이상 실적이 부서 내 하위 10%에 해당하는 경우, 본 근로계약은 별도의 통지 없이 자동 해지된 것으로 본다.",1
"연예, 모델 등 엔터테인먼트 전속 계약의 경우, 회사의 수익 배분 전까지 발생하는 모든 진행비(식대, 차량유지비)는 아티스트가 전액 대납한다.",1
연예인 전속 계약 해지를 원할 경우 잔여 계약 기간에 발생할 것으로 예상되는 수익의 2배를 위약금으로 지급해야 하며 이는 소속사가 단독으로 산정한다.,1
"연장, 야간, 휴일근로에 대해서는 실제 근로한 시간에 대하여 통상임금의 100분의 50 이상을 가산하여 지급한다.",0
연장근로 발생 시 일당 3만 원의 정액으로 지급하며 통상임금 기준 산정을 하지 않기로 합의한다.,1
연장근로는 사전 신청 없이 일방적으로 지시될 수 있다.,1
"연장근로는 사전 통지를 통해 예측 가능하도록 하며, 거부권도 있다.",0
"연장근로는 월 50시간을 기본으로 하며, 기본급에 포함된 포괄임금 수당 외에 실제 초과 근로에 대한 추가 수당은 일절 지급하지 않는다.",1
"연장근로수당은 통상임금에 시간급을 곱하여 계산하며, 일괄 정액 지급은 하지 않는다.",0
"연재 기간은 작가와 협의하여 결정되며, 일방적 단축은 금지다.",0
"연차·월차 유급휴가 사용 기간은 직무 경력 및 수행 실적 산정에서 제외하며, 휴가 사용으로 인한 경력 단절에 대해 회사는 별도의 보상 의무를 지지 아니한다.",1
연차를 사용하기 어렵게 만든다.,1
"연차유급휴가 신청은 원칙적으로 승인하며, 진료 인력 부족으로 시기 변경이 필요한 경우 합리적 사유를 고지하고 대체 시기를 협의한다.",0
연차유급휴가는 회사의 원활한 운영을 위하여 갑이 지정하는 하계휴가 기간(3일) 및 명절 연휴 전후에 일괄 사용한 것으로 대체 합의한다.,1
연차유급휴가를 사전 신청 없이 당일 사용하는 경우 무단결근으로 처리하며 연차를 차감하지 않고 급여에서 일급을 공제한다.,1
"연차휴가 사용 촉진 조치를 연말에 사내 이메일 1회 발송하는 것으로 합법적으로 갈음하며, 이후 미사용 연차는 자동 소멸된다.",1
연차휴가 사용 촉진은 근로기준법에 명시된 절차와 시기에 맞추어 개별 근로자에게 서면으로 명확히 통보해야만 적법한 것으로 인정된다.,0
연차휴가 사용일수만큼 매월 지급되는 직무수당에서 일할 계산하여 차감 지급하는 방식의 급여 체계에 동의한다.,1
영상 제작 납기 지연 시 제작 총감독을 강등할 수 있다.,1
영상 제작 중 스태프 변경으로 인한 지연을 스태프 책임으로 한다.,1
영상 제작 중 촬영 스케줄 지연 시 제작 총감독의 책임으로 간주한다.,1
"영상 제작 중 촬영 일정 조정은 감독, 배우, 기술팀이 함께 협의한다.",0
영상 제작 중 촬영 일정 조정은 회사와 제작팀이 함께 검토한다.,0
영상 제작 중 촬영 일정 지연으로 추가 비용이 발생하면 담당 PD가 책임진다.,1
영상 편집 완성도 저조는 편집자의 기술 능력 부족으로 평가하여 급여를 조정한다.,1
영상 편집 중 원하지 않은 수정을 강행한다.,1
"영상 편집은 기술과 예술을 포함하여 평가하며, 기술 능력만으로 평가하지 않는다.",0
영상 편집은 출연자와 협의하여 진행한다.,0
영상 편집자의 편집본 수정 횟수가 많으면 최종 납기 지연 책임을 편집자로 간주한다.,1
"영상 편집자의 편집본 수정 횟수는 클라이언트 요구의 결과이며, 지연 책임을 편집자에게 일방 귀속하지 않는다.",0
영상 프로덕션 하청 비용 협상 실패 시 프로덕션 담당자의 성과급을 차감한다.,1
"영상 프로덕션 하청 비용 협상은 프로덕션 운영의 책임이며, 협상 결과가 좋지 않아도 담당자 성과급을 차감하지 않는다.",0
"영업 목표 미달성 시 인센티브를 지급하지 않을 수 있으나, 기본 급여는 법정 최저임금 이상을 보장하며 완전 성과급제로의 강제 전환은 근로자 동의를 받는다.",0
"영업 사원의 법인카드 경비 초과 집행분은 회사 승인 여부와 무관하게 해당 직원 급여에서 전액 차감하며, 경비 초과 근거 자료 소명 기회는 별도 부여하지 않는다.",1
영업 사원의 월 계약 목표 미달 시 미달분만큼 기본급을 감액하는 것을 원칙으로 한다.,1
"영업 사원의 월 계약 목표 미달성은 시장 변동의 결과이며, 기본급을 삭감하지 않는다.",0
영업 시간 변경은 충분한 사전 공지를 통해 진행한다.,0
"영업 시작 전 필수 준비시간(청소, 물품 준비 등)을 근로시간으로 인정하여 임금을 지급한다.",0
"영업 양도 시 불필요하다고 판단된 인력에 대해 경영상 이유로 해고를 실시할 수 있으며, 해고 회피 노력 범위는 사측의 재량으로 결정한다.",1
영업 양수도 시 일부 인력에 대한 근로관계를 승계 제외하는 특약을 두는 경우 경영상 필요에 따른 합법적 구조조정으로서 정당한 이유를 별도로 소명할 의무가 없다.,1
"영업 양수도 후 평균임금 산정 기간은 양수 시점 이후 근로기간만으로 한정하며, 이전 사업장의 임금은 산정 기초에 포함하지 아니한다.",1
영업 준비(오픈 세팅)와 마감 정리 시간이 사용자의 지시로 이루어지는 경우 근로시간에 포함하여 시급을 산정한다.,0
"영업비밀 누설 등 근로자의 중과실로 손해가 발생한 경우 정당한 절차를 거쳐 배상을 청구할 수 있으나, 사전에 손해배상액을 예정하는 계약은 체결하지 않는다.",0
"영업비밀 유지 서약을 하더라도, 퇴직 후 근로자의 직업선택의 자유를 본질적으로 침해하는 과도한 기간의 경업금지 약정은 무효로 한다.",0
"영업사원의 기본급이 최저임금에 미달하더라도, 당월 인센티브를 포함한 총수령액이 최저임금을 초과할 경우에는 법적 문제가 없는 것으로 상호 합의한다.",1
"영업사원의 법인카드 한도 초과 사용분은 전액 개인 급여에서 자동차감되며, 사전 승인 여부와 무관하게 회사에 비용 청구를 할 수 없다.",1
"영업사원의 식대, 교통비 등을 실비로 정산하는 경우, 영수증 제출 시 지체 없이 전액을 근로자의 급여 계좌로 환급한다.",0
영업시간 외 SNS 고객 응대 및 리뷰 답글 작업은 매장 홍보를 위한 자율적 활동으로 분류하여 별도 근로시간으로 인정하지 않는다.,1
영업시간 외 SNS 고객 응대를 요청하는 경우 해당 시간을 근로시간으로 인정하여 수당을 지급하거나 별도 수당 협의를 진행한다.,0
"영업용 차량의 주차 위반, 과속 등으로 발생한 과태료는 업무 중 발생한 사안이라도 전액 해당 운전자의 급여에서 차감한다.",1
영화 스태프의 촬영 일정 변경으로 인한 이동 비용 추가 발생은 개인이 부담하는 것을 원칙으로 한다.,1
영화 스태프의 촬영 일정 변경으로 인한 이동 비용 추가 발생은 제작사가 부담한다.,0
영화 제작 중 배우 섭외 실패로 인한 일정 지연 비용을 매니저가 부담한다.,1
"영화 제작 중 배우 섭외는 제작사의 책임이며, 지연 비용을 매니저가 부담하지 않는다.",0
"영화 제작 크루의 촬영지 대여료 협상 결과는 제작사의 경영 결정이며, 담당자 급여에 영향주지 않는다.",0
영화 제작 크루의 촬영지 대여료 협상 실패 비용은 당해 담당자가 부담한다.,1
영화 제작사의 배우 섭외 실패로 인한 촬영 일정 변경 비용을 제작팀이 부담한다.,1
"영화 제작사의 배우 섭외는 제작사의 책임이며, 섭외 실패로 인한 비용을 제작팀에서 공제하지 않는다.",0
"영화·드라마 스태프는 촬영 일정 특성상 일일 촬영 시간에 제한을 두지 않으며, 크랭크인 후 종료까지 발생하는 모든 시간은 도급 단가에 포함된 것으로 처리한다.",1
오디션 낙방 시에도 계약금 회수를 주장한다.,1
"오디션 낙방도 출연자 책임이 아니며, 계약금은 보장된다.",0
오전 시 분 부터 시 분 까지,0
"오토바이 배달 위탁자는 배달 건수에 따라 보수를 수령하는 독립 사업자로서, 배달 중 발생한 사고는 개인 책임이며 유족급여 청구 대상이 아님을 확인한다.",1
"오픈소스 기여, 기술 블로그 운영 등 외부 활동에서 회사의 기술 스택 언급 및 코드 공개는 사전 서면 승인 없이 불가하며 위반 시 징계 해고한다.",1
"오픈소스 기여는 권장하며, 시간을 제공한다.",0
오픈소스 라이브러리 사용 중 라이선스 충돌 발생 시 사용한 개발자의 책임이다.,1
"오픈소스 라이선스 관리는 회사가 담당하며, 개발자가 단독 책임을 지지 않는다.",0
"오픈소스 라이센스 관리는 회사의 법무 책임이며, 기술 담당자 급여에 영향을 주지 않는다.",0
오픈소스 라이센스 위반으로 인한 법적 분쟁 발생 시 기술 담당자의 책임으로 간주한다.,1
온도 유지 실패는 시스템과 운송 조건을 포함하여 조사한다.,0
온라인 강사의 녹화 강의 재활용으로 인한 추가 강의는 기본 계약료에 포함된 것으로 본다.,1
온라인 강사의 녹화 강의 재활용은 사전 합의에 따라 추가 비용을 지급한다.,0
온라인 강의 수강 시간을 임의로 제한할 수 있다.,1
"온라인 강의 수강생 수 변동은 플랫폼, 마케팅 등 여러 요소를 포함하여 평가한다.",0
온라인 강의 수강생 수가 감소하면 강의 기획팀의 역량 부족으로 간주한다.,1
"온라인 강의 제작은 근무 시간 외 개인 시간에 진행하는 것을 원칙으로 하며, 별도 제작비는 지급하지 않는다.",1
온라인 강의 제작이 회사 지시로 이루어지는 경우 근로시간으로 인정하여 제작비를 지급한다.,0
온라인 강의 품질 평가는 강사와 협의하여 진행된다.,0
온라인 강의 품질 평가를 강사와 협의 없이 일방적으로 진행한다.,1
온라인 강의 플랫폼 시스템 점검으로 강의 중단 시에도 강사에게 책임을 묻는다.,1
"온라인 강의 플랫폼 시스템 점검은 회사가 책임지며, 강사에게 책임을 물지 않는다.",0
"온라인 교육 플랫폼 문제는 회사의 책임이며, 강사에게 책임을 물지 않는다.",0
온라인 교육 플랫폼의 기술적 문제로 강의 중단이 발생하면 강사에게 책임을 물 수 있다.,1
온라인 교육 플랫폼의 시스템 장애로 인한 강의 중단은 강사의 책임이 아니라 플랫폼 운영자 책임이라 강사에게 보상하지 않는다.,1
"온라인 교육 플랫폼의 시스템 장애로 인한 강의 중단은 플랫폼 운영사의 책임이므로, 강사에게 손실을 전가하지 않는다.",0
"온라인 수업 녹화 콘텐츠 저작권은 계약서에 귀속 주체를 명확히 정하며, 강사에게 귀속되는 경우 무단 상업적 이용을 금지한다.",0
"온라인 수업 녹화 콘텐츠의 저작권은 전액 학원에 귀속되며, 강사는 해당 콘텐츠의 2차 활용·판매에 대해 어떠한 보상도 청구할 수 없다.",1
"온보딩 교육 기간(1개월)은 직무 교육 과정으로 분류하여 수습 급여의 60%만 지급하며, 온보딩 과제 미완성 시 계약을 해지할 수 있다.",1
"온보딩 및 직무 교육 기간에도 기존 합의된 급여를 전액 지급하며, 법정 최저임금 이상임을 계약서에 명시한다.",0
"온콜 근무 시 사전 합의된 온콜 수당을 지급하며, 실제 대응 시간에 대해서는 연장근로수당을 추가 지급한다.",0
"외국인 건설 근로자의 귀국 항공권 예약을 이유로 여권을 회사 사무소에서 보관하며, 공사 완료 후 귀국 확인 시 반환한다.",1
"외국인 계절 근로자에게는 내국인 동일 직무와 달리 숙식비 명목으로 일급의 30%를 사전 공제한 후 지급하며, 이에 동의하지 않는 경우 채용을 거부할 수 있다.",1
외국인 근로자는 국내 근로자와 다른 기준의 급여를 적용한다.,1
외국인 근로자는 국내 근로자와 동일한 기준의 급여를 적용한다.,0
외국인 근로자도 동일한 기준의 급여를 적용한다.,0
외국인 근로자를 존중한다.,0
외국인 근로자에게도 내국인과 동일하게 산업안전보건법을 적용하여 안전한 작업 환경을 제공하고 모국어로 된 안전보건 표지를 부착한다.,0
"외국인 근로자의 무단 이탈 및 사업장 변경을 방지하기 위하여, 갑은 계약기간 동안 을의 여권 및 외국인등록증을 보관하며 퇴직 시 반환한다.",1
"외국인 근로자의 사업장 변경 요청은 회사의 심각한 경영 악화가 없는 한 불가하며, 무단이탈 시 체불 임금의 지급 의무는 면제된다.",1
"외국인 근로자의 사업장 변경은 관계 법령에 따라 정당한 사유가 있을 시 보장되며, 체불 임금 발생 시 내국인과 동일하게 노동법의 구제를 받을 권리를 갖는다.",0
외국인 근로자의 여권은 본인이 소지하며 회사가 강제로 보관하지 않는다.,0
외국인 근로자의 여권을 회사가 보관하여 무단이탈을 방지한다.,1
"외국인 근로자의 여권이나 외국인등록증은 근로자 본인이 직접 소지 및 보관하며, 회사가 취업 강요나 이탈 방지를 목적으로 압수 또는 대리 보관하지 않는다.",0
"외국인 근로자의 임금은 내국인과 차등 적용하여 법정 최저임금의 80%만을 지급하며, 숙식 제공을 이유로 이마저도 임의로 삭감할 수 있다.",1
"외국인 근로자의 잦은 이직을 제한하기 위해, 입사 시 체결한 근로계약은 근로자의 여권 및 비자 유효기간이 만료될 때까지 강제로 자동 연장된다.",1
외근 및 출장 업무 시 이동 시간도 사용자의 지휘·감독 아래 있는 경우 근로시간으로 보아 임금을 지급한다.,0
외근 및 출장 직원의 경우 거래처 간의 이동 시간은 실질적인 휴게시간으로 간주하여 전체 근로시간 산정에서 제외한다.,1
외근 영업사원의 점심시간은 거래처 이동 시간에 포함되어 근로시간에서 제외된다.,1
외근 영업사원의 점심시간은 법정 휴게시간으로 인정하여 근로시간에서 제외한다.,0
외근 직원의 거래처 간 이동 시간은 실질적 휴게시간으로 간주하여 근로시간 산정에서 제외한다.,1
외근 직원의 이동 시간이 실질적 근로에 필수적인 경우 근로시간으로 인정하여 임금을 지급한다.,0
"외벽 시공 부실로 인한 재시공은 회사의 품질 관리 책임이며, 근로자 급여에서 공제하지 않는다.",0
"외벽 시공 중 부실로 인한 재시공 비용은 시공팀의 책임이므로, 팀 전체의 임금에서 공제된다.",1
"외식업체 근로자의 영업 시작 전 1시간 준비시간은 근로시간에 포함되지 않으며, 개인의 자유 준비 시간으로 간주한다.",1
외식업체의 폐점을 직원 공지 없이 진행할 수 있다.,1
"외환 거래 시스템 지연은 기술적 이슈이며, 거래사원의 책임으로 귀속하지 않는다.",0
외환 거래 시스템의 지연으로 인한 고객 손실을 거래사원 책임으로 간주한다.,1
"요양병원 간호사의 저녁 간호 요청이 있는 경우 추가 수당을 지급하며, 기본 의무로만 간주하지 않는다.",0
요양병원 간호사의 저녁(21시 이후) 간호 요청 응답은 응급상황 대비의 기본 의무이므로 추가 수당 미지급이다.,1
요양보호사 자격증 갱신 비용을 근로자가 전액 부담한다.,1
요양보호사 자격증 갱신 비용을 회사에서 전액 지원한다.,0
"요양보호사의 낙상 사고 책임은 시설의 안전 관리에 있으며, 개별 보호사에게만 책임을 귀속하지 않는다.",0
요양보호사의 신체 건강 악화를 직업병으로 인정하지 않는다.,1
"요양보호사의 야간 당직 근무 시간 전체를 근로시간으로 인정하여 최저임금 이상을 지급하며, 수면 시간을 이유로 임금을 삭감하지 않는다.",0
요양보호사의 야간 당직 근무 중 피보호자 수면 시간은 '돌봄 대기 시간'으로 간주하여 통상 시급의 50%만 지급한다.,1
요양보호사의 야간 돌봄 수행 중 피보호자가 수면 중인 시간은 '무활동 대기'로 분류하여 시급 없이 야간 대기 수당(정액 2만원)만을 지급한다.,1
"요양보호사의 야간 돌봄 시간 전체를 근로시간으로 인정하여 최저임금 이상을 지급하며, 피보호자 수면 시간만을 이유로 임금을 일방적으로 삭감하지 않는다.",0
"요양보호사의 역할은 어려운 업무이며, 역량 부족으로만 평가하지 않는다.",0
요양보호사의 입주자 문제 행동 대응 실패는 개인 역량 부족으로 간주한다.,1
"요양보호사의 입주자 문제 행동 대응은 교육 및 지원의 문제이며, 개인 역량 부족으로만 평가하지 않는다.",0
요양보호사의 입주자 성향 변화를 보호사 역량 부족으로 간주한다.,1
요양시설 운영 중 입주자의 안전사고 책임을 현장 담당자에게 물을 수 있다.,1
"요양시설 운영은 회사와 근로자의 공동 책임이며, 개인만 책임 지우지 않는다.",0
"요양시설 운영은 회사와 직원의 공동 책임이며, 개인 책임만으로 평가하지 않는다.",0
요양시설 입주자의 불만 증가를 시설 근로자의 책임으로 간주한다.,1
요양시설 입주자의 안전사고는 시설 관리 체계 전반을 검토하여 개선한다.,0
요양시설 입주자의 의료비 증가를 시설장의 관리 부실로 간주한다.,1
"욕창 예방 프로토콜을 수립하고 시행하며, 발생 시 시스템 점검한다.",0
"용모 기준은 업계 관례 수준이며, 과도한 개선 지시는 하지 않는다.",0
"용역위탁계약 수탁인은 독립 사업자로서 사측의 업무지시는 도급 지시에 해당하며, 근로기준법상 지휘감독으로 간주하지 아니하므로 근로자성 주장을 금한다.",1
"우천 등 기상 악화로 야외 작업이 중단되는 날에 대해서는 대기 시간에 비례한 임금을 지급하지 않으며, 공사 기간 내 재작업으로 만회하기로 한다.",1
"우천 등 기상 악화로 작업이 중단되는 경우 회사 귀책에 해당하면 휴업수당을 지급하며, 무급 처리를 강제하지 않는다.",0
"우천, 폭설 등 기상 악화 시에도 콜(배차) 수락률이 80% 미만으로 떨어질 경우, 갑은 1주일간 을의 앱 접속을 차단하는 페널티를 부과할 수 있다.",1
"운송 업무 중 발생한 교통사고나 화물 훼손, 과태료에 대한 민·형사상 책임 및 수리비는 전액 을이 부담하며 회사에 청구할 수 없다.",1
"원격 강의 녹화 시 저작권은 학원에 귀속되며, 강사는 이의를 제기할 수 없다.",0
"원격 강의 녹화 시 저작권은 합의에 따라 결정하며, 일방적 귀속은 금지다.",0
원격 근무 중 개인 행동까지 감시하는 감시 프로그램 설치를 강제한다.,1
원격 근무 중 근로자의 개인 정보 보안 침해 시 개인 책임으로 간주한다.,1
원격 근무 중 근로자의 개인 정보 보안은 회사의 시스템 보안에서 지원해야 한다.,0
"원격 근무 중 모니터링 소프트웨어를 통해 캡처된 화면은 업무 태도 평가 자료로 활용하며, 이를 거부할 경우 재택근무 자격을 박탈한다.",1
"원격 근무 중 업무 모니터링은 업무상 필요 최소한으로 제한하며, 사생활 침해는 금지다.",0
"원격 근무 중 카메라 모니터링은 업무상 필요 범위로 제한되며, 사생활 침해는 금지다.",0
"원격 근무 중 카메라 모니터링을 강제할 수 있으며, 거부 시 출근 지시가 가능하다.",1
"원격 근무 중 카메라 켜짐 여부를 생산성 평가 요소로 포함하지 않으며, 사생활을 존중한다.",0
원격 근무 중 카메라 켜짐 여부를 생산성 평가 요소로 포함할 수 있다.,1
원격 근무 중 화상 회의 카메라를 항상 켜두도록 강요한다.,1
원격 근무 중 회사의 보안 정책을 준수하기 위해 설치가 필요한 보안 프로그램 및 라이선스 비용은 전액 회사가 부담한다.,0
"원격 의료 플랫폼 운영자의 시스템 장애는 운영 책임이며, 고객 환불은 회사가 처리한다.",0
원격 의료 플랫폼 운영자의 시스템 장애로 인한 고객 환불은 운영자 책임이다.,1
"원격근무 중 팀 협업 도구(슬랙, 노션 등)에 기록된 근무 흔적이 1시간 이상 공백으로 나타나는 경우 해당 시간을 무단이탈로 처리하여 무급 공제한다.",1
"원격근무 중 협업 도구 활동 공백은 개인 사정을 고려하며, 단순 공백을 이유로 해당 시간을 일방적으로 무급 처리하지 않는다.",0
"원무팀 수납 오류 발생 시 원인 조사를 통해 시스템 오류와 개인 과실을 구분하며, 배상 결정은 적법한 절차를 거쳐 이루어진다.",0
"원무팀 직원이 의료비 수납 오류를 발생시킨 경우, 오류 금액 전액을 해당 직원이 배상하고 배상이 완료될 때까지 급여 지급을 보류할 수 있다.",1
"원생 관리 콜을 업무로 지시하는 경우 해당 시간을 근로시간으로 인정하여 수당을 산정하며, 미이행에 따른 수당 삭감 기준은 취업규칙에 명시한다.",0
"월 1회 이상 진행되는 위생 교육, 신메뉴 교육 등 내부 교육은 근무시간 이외에 실시되며 교육 참가 시간에 대한 별도 급여를 지급하지 않는다.",1
월 영업 목표 미달 시 부족분을 급여에서 차감한다.,1
월 휴무일이 정해지지 않으며 회사의 필요에 따라 결정된다.,1
월급 외 겨울·여름 방학 급여는 50%만 지급한다.,1
월급여 중 40%는 변동급으로 분류하여 부적격 판정 시 공제할 수 있다.,1
월급여를 2주 단위로 선지급할 경우 이자를 공제한다.,1
"월급여에 모든 수당이 포괄되어 있으므로 야간 작업, 휴일 근무 여부와 무관하게 추가 수당 청구는 불가하다.",1
"월급제 근로자의 경우 당월 실 근로시간이 소정근로시간에 미달하면, 부족한 시간만큼 분 단위로 계산하여 다음 달 급여에서 차감한다.",1
"월급제 근로자의 당월 실제 근로시간이 소정근로시간에 미달하더라도, 회사의 귀책사유(휴업 등)로 인한 경우 휴업수당을 지급해야 하며 급여를 임의로 삭감하지 않는다.",0
"월별 영업 목표액 미달성 시, 부족한 실적분은 을이 자발적으로 구매한 것으로 보아 당월 급여에서 해당 금액을 차감한다.",1
"웹툰 독자 댓글 평점은 연재 공간, 마케팅 등 여러 요소를 포함하여 평가한다.",0
웹툰 연재 중 독자 댓글 평점이 낮으면 작가의 창의성 부족으로 평가한다.,1
웹툰 인기도 저하 시 계약금을 다음 시즌에서 차감할 수 있다.,1
"웹툰 작가는 주 연재 작품이 휴재 없이 납품될 것을 보장하며, 건강상의 이유로 연재가 지연될 경우 지연 1주당 위약금 100만 원을 부과한다.",1
"웹툰 작가의 연재 일정은 건강 상태 등을 고려하여 협의하며, 일방적인 위약금 부과를 통해 연재를 강제하지 않는다.",0
웹툰 작가의 연재 작품 조기 종료 시 계약 위반 위약금 명목으로 전월 계약금의 50%를 차감한다.,1
"웹툰 작가의 연재 작품 조기 종료는 상호 합의에 의해 처리하며, 일방적 위약금을 청구하지 않는다.",0
웹툰 작가의 인기도 지표가 낮으면 다음 작품 계약을 거부할 수 있다.,1
"웹툰 작가의 인기도는 시장, 홍보 등 여러 요소의 영향을 포함하여 평가한다.",0
웹툰 작가의 창작 기간을 일방적으로 단축할 수 있다.,1
웹툰 편집자의 원고 관리는 회사의 지원 체계 평가도 포함한다.,0
"웹툰 편집자의 원고 기한 변경은 출판사의 편성 결정이며, 편집자 급여에서 공제하지 않는다.",0
웹툰 편집자의 원고 기한 초과로 인한 연재 지연 페널티는 편집자 급여에서 공제된다.,1
웹툰 편집자의 원고 지연으로 인한 연재 공백은 편집자의 책임으로 간주한다.,1
"위치 추적은 금지되며, 업무상 필요로도 강제할 수 없다.",0
위탁판매계약을 체결한 판매 대리인은 독립 자영업자로서 계약 종료 시 퇴직금·연차수당 등 근로기준법상 금품 청구를 허용하지 아니한다.,1
위험 수당은 명확히 책정되어 지급된다.,0
위험한 기계나 기구를 다루는 업무에 근로자를 배치할 때에는 사전에 충분한 안전 교육을 유급 근로시간 내에 실시한다.,0
유연근무제 신청 시 업무 효율성이 떨어진다고 판단되면 거부할 수 있다.,1
유연근무제 신청은 회사의 정당한 사유가 있을 때만 거부할 수 있다.,0
유연근무제 하에서도 근로자가 청구한 반차 또는 연차휴가는 차감 일수를 8시간 소정근로시간 기준으로 명확히 산정하여 부여한다.,0
유통 매장의 상품 손상이 빈번하면 담당 직원의 부주의로 급여를 공제한다.,1
유통 점원의 고객 서비스 만족도 점수가 낮으면 급여를 감액할 수 있다.,1
유통 점원의 서비스 평가는 객관적 기준에 따라 이루어진다.,0
유통 점원의 신원 조회를 일방적으로 강제할 수 있다.,1
"유통 점원의 판매 실적은 여러 요소의 결과이며, 개인 책임만으로 평가하지 않는다.",0
유통 점원의 판매 실적이 지점 평균 이하이면 다음달 기본급을 인하할 수 있다.,1
유통 직원의 시간급 기준을 최저임금 수준으로 유지할 수 있다.,1
유통 직원의 시간급을 임의로 인하할 수 있다.,1
"유통 직원의 시급은 최저임금 이상으로 책정되며, 일방적 인하는 금지다.",0
유통 직원의 임금은 최저임금을 초과하여 책정된다.,0
유통 판매직 직원이 고객으로부터 받은 긍정 리뷰 없이 부정 리뷰만 3건 이상 누적되는 경우 구매 금액 환급 시 발생하는 비용의 일부를 직원 성과급에서 차감한다.,1
유통 회사 매출 부진을 직원의 노력 부족으로 귀속한다.,1
"유통 회사의 매출 변동은 여러 요소로 평가하며, 개인만 책임 지우지 않는다.",0
유통 회사의 상품 보관 중 변질로 인한 손실은 재고 관리자의 책임이다.,1
"유통 회사의 상품 보관 중 변질은 보관 환경 관리의 책임이며, 재고 관리자 책임이 아니다.",0
유통 회사의 상품 질 저하 책임을 판매점원의 진열 오류로 간주한다.,1
"유통 회사의 상품 회전율 저조는 상품 기획, 마케팅 등을 함께 검토한다.",0
유통 회사의 상품 회전율 저조는 판매 직원의 영업 노력 부족으로 간주한다.,1
유통 회사의 재고 회전율 저조를 판매팀의 영업 부진으로 평가한다.,1
유통 회사의 점포 폐지 시 직원의 재배치 약속이 없다.,1
"유통기한 관리 실수로 출고된 경우 원인 분석 및 절차 개선을 우선하며, 근로자 개인에게 판매 손실 전액을 배상하도록 강제하지 않는다.",0
유통업의 신상품 진열 업무로 인한 추가 시간을 기존 업무로 포함한다.,1
"유통업의 신상품 진열은 정기적 업무이며, 추가 진열로 인한 시간을 초과분으로 인정하여 수당을 지급한다.",0
"유통업체 마케팅 담당의 프로모션 성과는 여러 요소의 결과이며, 담당자 책임만으로 평가하지 않는다.",0
유통업체 마케팅 담당의 프로모션 실패로 인한 매출 부진은 담당자 책임이다.,1
"유튜버·인플루언서 소속 크리에이터가 회사 채널 외에 개인 채널을 운영하는 경우, 개인 채널 수익의 30%를 소속사에 귀속하도록 한다.",1
유휴 시간 대처 방안 제시 불능 시 태도 점검 대상이 된다.,1
"유휴 시간의 활용은 근로자의 자율 판단이며, 대처 방안 미제시만으로 평가를 나쁘게 하지 않는다.",0
육아 휴직 복귀 근로자는 이전 직급과 임금을 보장받는다.,0
육아 휴직 복귀 후 이전 부서 배치를 보장하지 않을 수 있다.,1
"육아기 근로시간 단축을 신청하는 경우, 단축된 시간만큼 비례 삭감하는 것 외에 직책수당 전액을 회수하는 것에 합의한다.",1
"육아기 근로시간 단축을 한 근로자에게는 단축된 시간에 비례하여 기본급을 계산하되, 근로시간 단축과 무관하게 고정적으로 지급되는 기타 수당은 전액 삭감 없이 지급한다.",0
"육아휴직 기간은 계속근로기간에 포함되며, 연차유급휴가 일수 산정 시에도 정상 출근한 것으로 간주하여 불이익을 주지 않는다.",0
육아휴직 복귀 직원은 원직 배치가 원칙이다.,0
육아휴직 복귀 직원을 이전과 다른 부서에 배치할 수 있다.,1
육아휴직 중인 근로자의 복귀 후 직급을 일방적으로 하향 조정할 수 있다.,1
"육아휴직 후 복귀 근로자는 원직 복귀를 원칙으로 하며, 직급 하향은 정당한 사유에 한해서만 가능하다.",0
"육아휴직 후 복귀 근로자의 원직 복귀를 원칙으로 하며, 직급 하향은 정당한 사유에 한해서만 가능하다.",0
육아휴직 후 복귀 근로자의 직급 하향 조정을 경영상 필요로 일방 결정할 수 있다.,1
육아휴직이나 산전후휴가에서 복귀한 근로자에게는 휴직 전과 동일한 업무 또는 동등한 수준의 임금이 지급되는 직무로 복귀시킨다.,0
"은행 창구 직원이 고객 계좌 이체 오류를 발생시켜 미회수금이 발생하는 경우, 회수 불능이 확정되기 전이라도 해당 금액을 직원 성과급에서 우선 공제한다.",1
은행원의 고객 컴플레인 응대 시간은 거래 상담에 포함되므로 추가 수당 미지급이다.,1
"은행원의 고객 컴플레인 응대는 중요한 업무이며, 응대 시간에 대해 별도 수당을 지급할 수 있다.",0
"을은 갑과 독립적인 도급계약을 체결한 개인사업자이므로, 갑의 배차 지시를 따르더라도 근로기준법에 따른 퇴직금, 주휴수당, 4대 보험의 적용을 받지 아니한다.",1
"을은 독립된 개인사업자로서 샵(Shop)의 자리를 임대한 것이므로, 고객의 당일 예약 취소(No-show)로 발생한 매장 매출 손실분의 50%를 보전하여야 한다.",1
을은 샵(Shop) 예약 고객의 당일 취소(No-show)로 인해 발생한 매장 매출 손실분의 50%를 공동 책임으로 부담하여야 한다.,1
"을은 퇴근 후나 휴일에도 서버 다운 등 시스템 장애 발생 시 즉시 원격으로 접속하여 대응하여야 하며, 이는 개발자의 기본 의무로서 별도의 수당을 지급하지 않는다.",1
"을은 퇴근 후나 휴일에도 시스템 장애 등 긴급 상황 발생 시 즉시 원격으로 대응하여야 하며, 이는 관리자의 기본 의무로서 별도의 시간외근로수당을 청구하지 않는다.",1
을은 퇴사 후 3년간 동종 업계의 경쟁사로 이직하거나 관련 사업을 창업할 수 없다.,1
"을은 퇴직 후 3년간 동종 업계의 경쟁사로 이직하거나 관련 사업을 창업할 수 없으며, 위반 시 재직 중 수령한 상여금을 전액 반환하기로 한다.",1
"을은 퇴직 후에도 회사에서 취득한 영업비밀 및 거래처 정보를 절대 누설할 수 없으며, 단순 연락 등 위반 행위 적발 시 실제 손해와 무관하게 1천만 원을 배상하기로 예정한다.",1
"을의 개인적인 질병이나 부상으로 인하여 병가를 사용할 경우, 아직 발생하지 않은 익년도 연차유급휴가를 먼저 전진 사용(가불)한 것으로 처리하는 데 동의한다.",1
"을의 업무상 과실이나 절차 위반으로 인하여 갑에게 재산상 손해가 발생한 경우, 갑은 법적 절차를 거쳐 배상을 청구하되 급여와 상계하지 않는다.",0
"을의 업무상 과실이나 절차 위반으로 인하여 갑에게 재산상 손해가 발생한 경우, 갑은 해당 손해액을 산정하여 을의 당월 급여에서 우선 상계(공제)한 후 잔액을 지급한다.",1
"을의 오류로 프로덕션 장애가 발생할 경우, 실제 손실과 무관하게 월 급여의 2배를 배상한다.",1
"을의 인수인계 미비로 인하여 기존 거래처가 이탈할 경우, 갑은 해당 거래처 월 매출의 3배를 손해배상액으로 산정하여 을의 퇴직금에서 즉시 상계 처리한다.",1
"을이 개발한 모든 코드, 알고리즘, 기술 문서는 회사의 자산으로 귀속되며 개인 활용은 금지된다.",1
을이 고객 불만 제기로 계약이 중단될 경우 손실금의 50%를 배상한다.,1
"을이 근무시간 외에 개인적인 자원과 시간으로 창작한 결과물이라 하더라도, 회사의 산업군과 유사성이 조금이라도 인정되면 그 저작권은 갑에게 무상 귀속된다.",1
"을이 근무시간 외에 개인적인 자원으로 창작한 결과물이라 하더라도, 회사의 업무와 직간접적으로 연관성이 있다고 판단될 경우 그 소유권 및 지식재산권은 갑에게 귀속된다.",1
"을이 자발적으로 퇴근 후 업무 관련 자격증 취득 공부나 직무 세미나에 참석하는 경우, 이를 자기계발로 보아 어떠한 시간외수당도 청구할 수 없다.",1
"을이 자발적으로 퇴사하고자 할 경우 반드시 3개월 전에 사직서를 제출해야 하며, 이를 어기고 무단 퇴사 시 업무 인수인계 미비로 간주하여 마지막 달 급여 지급을 무기한 보류한다.",1
을이 프로젝트 중 이직할 경우 프로젝트 손해액의 30%를 배상하기로 한다.,1
"음료 실수는 업무의 일부이며, 비용을 급여에서 공제하지 않는다.",0
"음식 파손 책임은 객관적으로 판단하며, 불명확하면 분담한다.",0
음식 파손은 배달원이 전액 배상한다.,1
음식 파손은 회사에서 전액 보상한다.,0
음식 파손이 배달원 과실이 아니어도 배달원이 일부 배상한다.,1
음식 폐기 비용은 해당 근무자 급여에서 차감한다.,1
음식점 고객 만족도 조사 점수가 낮으면 해당 직원의 급여를 감액한다.,1
"음식점 고객 만족도는 서빙, 조리, 위생 등 여러 요소를 종합 평가한다.",0
음식점 근로자가 업무 중 고객으로부터 심리적 손상을 입은 경우 상담 지원을 제공한다.,0
음식점 근로자의 고객 항의 처리 중 발생한 심리적 피해는 직업 특성상 당연하므로 보상 대상이 아니다.,1
음식점 메뉴 변경으로 인한 조리 시간 증가를 급여 증가와 무관하게 처리한다.,1
"음식점 시스템 오류는 회사의 운영 관리 책임이며, 조리사를 책임 주체로 하지 않는다.",0
음식점 시스템 오류로 음식이 제대로 나가지 않은 경우 조리사의 책임으로 간주한다.,1
음식점 재료비 상승을 직원 급여 인상과 무관하게 처리한다.,1
음식점 폐점 후 청소 및 정리 시간(1시간)은 자발적 준비 시간으로 간주하여 임금을 지급하지 않는다.,1
음식점 폐점 후 청소 시간이 사용자 지시로 이루어지거나 업무 완수에 필수적인 경우 근로시간으로 인정하여 임금을 지급한다.,0
"음악 스트리밍 아티스트의 정산금 구성(플랫폼 수수료, 광고비)을 사전에 명확하게 공시하며 투명하게 정산한다.",0
음악 스트리밍 아티스트의 정산금은 플랫폼 수수료 및 광고비 등이 선차감되는 것을 사전 동의한 것으로 본다.,1
"음악 프로듀서가 소속사와의 계약 기간 중 작업한 모든 비트 및 악곡 저작권은 소속사에 귀속되며, 계약 종료 후에도 프로듀서는 해당 곡의 저작권료를 청구할 수 없다.",1
"음원 및 음반 저작권 수익의 배분 방식은 회사가 단독으로 결정하며, 아티스트는 계약 기간 중 수익 정산 내역에 대한 외부 감사를 요구할 수 없다.",1
"음원 저작권 수익 배분은 계약서에 명확히 명시된 비율에 따르며, 회사가 일방적으로 배분 방식을 변경하지 않는다.",0
응급 대응은 충분한 교육과 지원을 통해 준비된다.,0
응급 대응을 업무로 인정한다.,0
응급 상황 대응 경험이 없는 의료진의 초과 근무를 강제할 수 있다.,1
응급 상황 대응을 무급으로 요구한다.,1
응급 의료 기술자의 감정 노동(사망 고지 등)에 대해서는 정신 건강 지원을 제공한다.,0
응급 의료 기술자의 응급실 당직 중 사망 고지 공지는 정서적 손상이 아닌 업무의 일부로 간주한다.,1
"응급실 대기 시간 단축은 인력, 시설 등 투자를 통해 해결한다.",0
응급실 대기 시간 단축을 위해 진료 시간을 일방적으로 단축할 수 있다.,1
응급실 대기 환자 수 증가를 응급실 직원의 효율성 부족으로 간주한다.,1
응급실 직원의 PTSD를 개인 신경성으로 간주한다.,1
응급실 환자 증가는 시스템 개선과 인력 배분으로 대응한다.,0
응급의료비 청구 오류 발생 시 청구담당자가 고객 보상금의 일부를 부담한다.,1
응급의료비 청구 오류는 시스템 검증 강화로 방지한다.,0
의료 기관 근로자의 시험 응시 합격 여부를 급여에 직결한다.,1
의료 기관 근로자의 시험 응시 합격 여부와 관계없이 급여를 보장한다.,0
의료 기관 직원의 감정 노동에 대한 보상을 하지 않는다.,1
의료 기관 직원의 해외 자격 취득 비용은 5년 의무 근무 조건으로 지원한다.,1
의료 기관 행정 직원의 환자 간병비 미수금 추심은 근무 외 업무로 야간 추진 의무가 있다.,1
"의료 기관 행정 직원의 환자 간병비 미수금 추심은 회사 정책이며, 근무 시간 내 진행한다.",0
의료 기관의 의약품 재고 부족으로 인한 서비스 중단은 약사의 책임이다.,1
의료 기관의 의약품 재고 부족은 시스템 개선으로 해결한다.,0
의료 기관의 진료 시간 확대는 인력 증원과 함께 이루어진다.,0
의료 기관의 진료 시간을 늘리면서 직원 급여는 유지하도록 강제할 수 있다.,1
의료 기관의 환자 대기 시간 단축을 위해 예약 시간을 초과로 배정할 수 있다.,1
의료 기관의 환자 대기 시간은 인력 배분을 통해 감소시킨다.,0
"의료 기록은 의료진만 보유할 수 있으며, 인사팀이 보유할 수 없다.",0
의료 데이터 분석 오류는 데이터 품질과 방법론을 검토하여 개선한다.,0
의료 데이터 분석 오류로 인한 진료 방향 설정 실패는 분석팀의 책임이다.,1
의료 보험료 청구 오류 담당자는 청구액 복구 비용의 일부를 급여에서 공제한다.,1
"의료 보험료 청구 오류는 시스템 검증의 책임이며, 담당자 급여에서 복구 비용을 공제하지 않는다.",0
의료 분쟁 조정 과정에서 발생하는 변호사 선임료 및 분쟁 조정 비용을 사건 당사자 의료진과 병원이 5:5로 분담한다.,1
"의료 분쟁 조정 비용은 원칙적으로 병원이 부담하며, 의료진 개인이 자비로 분담하도록 강제하지 않는다.",0
"의료 빅데이터 분석가의 분석 오류는 과학적 한계이며, 정책 수립 지연 비용을 개인에게 청구하지 않는다.",0
의료 빅데이터 분석가의 분석 오류로 인한 의료 정책 수립 지연 비용을 급여에서 공제한다.,1
"의료 사고 발생 시 원인 조사를 공정하게 실시하며, 시스템적 요인이 있는 경우 조직 차원에서 책임을 지고 개인 급여에서 임의로 차감하지 않는다.",0
의료 사고 발생 시 해당 간호사 또는 의료기사의 과실 여부를 불문하고 사고 등급에 따라 당월 급여에서 의료사고 관리 분담금을 공제한다.,1
의료 사고 책임을 임의로 의료진에게만 물 수 있다.,1
의료 신규 직원은 교육 기간(1개월) 동안 기본급의 50%만 지급한다.,1
"의료 신규 직원의 교육 기간도 최저임금 이상을 지급하며, 임금 할인은 금지다.",0
의료 실수로 환자가 악화되어도 직원의 관찰 부족으로 탓한다.,1
의료기관 근로자의 긴급 호출 대응은 업무 특성상 기본 직무이므로 별도 시간외근로수당 청구를 할 수 없다.,1
의료기관 근로자의 휴일 응급 호출 시 사전 합의 없이도 즉시 출근을 강제할 수 있다.,1
"의료기관 근로자의 휴일 응급 호출 시 사전 합의한 수당을 지급하며, 강제 출근은 금지다.",0
의료기관 내부 분쟁 발생 시 해당 부서의 급여를 일괄 감액할 수 있다.,1
"의료기관 내부 분쟁은 중재 절차를 통해 해결하며, 급여 감액은 금지다.",0
"의료기관 응급실 응급 환자 증가는 시스템 장비 지원 등으로 대응하며, 강제 야근으로만 해결하지 않는다.",0
의료기관 응급실의 응급 환자 증가로 인한 야근은 경고 없이 강제 할당한다.,1
의료기관 정보시스템 구축 완료 후 인수인계 기간 급여는 기본급의 50%만 지급한다.,1
의료기관 정보시스템 구축 완료 후 인수인계 기간도 실제 근로이므로 기본급 전액을 지급한다.,0
의료기관 직원의 감염 예방 장비 구매 비용을 직원 급여에서 공제할 수 있다.,1
"의료기관 직원의 감염 예방 장비는 회사가 제공하며, 직원 급여에서 공제하지 않는다.",0
"의료기관 직원의 긴급 호출 대응이 있는 경우 사전 합의된 수당을 지급하며, 실제 대응 시간에 대해 연장근로수당을 추가 지급한다.",0
"의료진 성과급 지급 약정은 취업규칙에 따라 이행하며, 병원 재정 부담을 이유로 이미 약정된 지급 의무를 일방적으로 유보하지 않는다.",0
의료진의 감정 노동에 대한 심리 지원을 하지 않는다.,1
의료진의 환자 응대 태도 불만을 직접 급여에 반영하여 감액할 수 있다.,1
의료진의 환자 응대 태도 평가는 객관적 기준에 따라 이루어진다.,0
"의사 지시를 우선하며, 환자 요청과 충돌할 시 조정한다.",0
"의사·한의사 등 전문직의 급여는 계약서에 명시된 기준에 따라 지급하며, 진료 실적 하락을 이유로 기본급을 일방적으로 삭감하지 않는다.",0
"이직 사유는 개인 정보이며, 공개는 개인 동의를 거쳐야 한다.",0
이직 시 경쟁금지는 법적 범위 내에서만 적용된다.,0
이직 예정 직원의 업무 인수인계 기간을 연장(1개월)하되 기본급의 70%만 지급한다.,1
이직 예정 직원의 업무 인수인계는 정상 근로이므로 기본급 전액을 지급한다.,0
이직 직원의 경쟁금지 범위를 직업 전체로 확대할 수 있다.,1
이직 희망자를 존중한다.,0
이직 희망자를 차별한다.,1
이탈 책임은 여러 요소를 포함하여 공정하게 평가한다.,0
"이탈은 개인의 선택으로 존중하며, 개인적 배신으로 보지 않는다.",0
이탈을 존중한다.,0
"익명 게시판을 포함한 근로자의 정당한 불만 표출을 보장하며, 게시자를 특정하여 징계하는 방식으로 표현의 자유를 침해하지 않는다.",0
"인기도는 여러 요소의 결과이며, 계약금 조정은 공정한 기준에 따른다.",0
인력 확보를 적절히 한다.,0
"인사 기록은 사실에 기반하며, 개인적 논평은 금지다.",0
인사 평가 결과가 하위 10%에 해당하는 직원은 자진 퇴사 권고를 수락하지 않을 경우 1개월간 무급 대기 발령 후 재평가를 통해 해고 여부를 결정한다.,1
"인사 평가는 사전에 공개된 객관적이고 투명한 기준에 따라 실시하며, 근로자가 평가 결과에 이의를 제기할 수 있는 공식적인 절차를 마련한다.",0
인사위원회 개최 없이 경영진의 일방적 판단으로 징계 결정을 내릴 수 있다.,1
"인사평가 기준은 투명하고 공개되며, 비공개 평가는 금지다.",0
"인수 시 근로자의 권리를 존중하며, 계약을 유지한다.",0
"인턴십 6개월 과정 중 중도 퇴사할 경우, 회사가 투입한 직무 교육비 명목으로 총지급받은 급여의 20%를 반환하여야 한다.",1
인턴의 프로젝트 성과가 저조하면 인턴십 연장을 일방적으로 거부할 수 있다.,1
"인턴의 프로젝트 성과는 학습 과정으로 간주하며, 저조로 인한 인턴십 연장 거부는 정당한 평가가 아니다.",0
인프라 개선을 회사에서 계획한다.,0
"일 매출 목표 미달성은 회사의 경영 결과이며, 개별 근로자에게 구매 형태로 급여를 차감하지 않는다.",0
"일 평균 매출 목표를 달성하지 못한 경우, 부족분을 근로자가 자비로 구매한 것으로 보아 급여에서 차감한다.",1
일과 삶의 균형을 존중한다.,0
"일과 중 개인 통화 발견 시 업무 영향도를 판단하여 징계하며, 무조건적 감봉은 금지다.",0
"일과 중 개인 통화 발견 시 태도 점검이 되며, 누적 시 감봉 가능하다.",1
"일괄 급여 삭감은 근로자 합의를 거쳐야 하며, 일방적 시행은 위법이다.",0
"일시적 외주 공사 수행자는 도급 계약에 따른 수급인으로서 근로기준법상 근로자가 아니며, 공사 중 발생한 재해에 대해 사측은 보상 의무를 지지 아니한다.",1
"일요일 특근은 근로자의 서면 동의를 받아 진행하며, 휴일 가산수당(통상임금의 50%)을 별도 지급한다.",0
"일용직 근로계약은 당일 근로 종료 시 자동으로 해지되며, 매일 출근하여 계속 근로한 일수가 1년을 초과하더라도 퇴직금을 지급할 의무를 지지 않는다.",1
"일용직 근로자가 소정근로일을 개근한 경우, 주 15시간 이상 근로 시 해당 주에 대한 유급 주휴수당을 잊지 않고 별도로 지급한다.",0
"일용직 근로자가 소정근로일을 개근한 경우, 주 15시간 이상 근로 시 해당 주에 대한 유급 주휴수당을 지급하지 않고 제외한다.",1
일용직은 사고보험에 미적용이라고 주장한다.,1
"일일 보고는 필요 범위만 요청하며, 행정 부담을 과도하게 주지 않는다.",0
"일일 일과 보고를 강제하며, 미보고 시 급여 삭감한다.",1
일하고 계약 종료 후 비경쟁금지 기간(1년) 동안 동종 업계 재취업 시 손해배상을 청구한다.,1
임금 격차는 합리적 수준으로 제한된다.,0
"임금 지급이 불가피하게 지연되는 경우 지연 이자 기산일은 사측이 지급 계획을 통보한 날로 하며, 법정 지연이자율의 절반을 적용한다.",1
"임금명세서 교부 시 임금의 구성항목, 계산방법, 공제 내역을 근로자가 직관적으로 이해할 수 있도록 상세하고 투명하게 기재하여 제공한다.",0
"임금명세서상 기술수당(100만 원)은 조건부이며, 성과가 미흡할 시 일방적으로 삭감할 수 있다.",1
"임금은 전액 현금(또는 계좌이체)으로 지급하며, 기술수당 등 특별 수당은 명확히 조건을 명시한다.",0
"임금의 일부를 공제할 때에는 소득세, 4대 보험료 등 법령에 근거가 있는 경우를 제외하고는 근로자의 명시적인 서면 동의를 반드시 받아야 한다.",0
"임금채권의 소멸시효는 3년으로 하며, 퇴직 후라도 시효가 완성되기 전에는 미지급 임금 및 연차수당의 청구 권리가 적법하게 보장된다.",0
"임금피크제를 도입할 경우 근로자 과반수 또는 노동조합의 동의를 얻어야 하며, 임금 삭감에 상응하는 근로시간 단축 등 보상 조치를 반드시 병행한다.",0
"임산부인 여성 근로자가 태아 검진 등 정기건강진단을 받기 위해 청구한 시간은 유급으로 보장하며, 이를 이유로 당월 임금을 삭감하지 않는다.",0
"임신 및 출산으로 인해 종전의 업무 수행이 어렵다고 회사가 판단할 경우, 육아휴직을 부여하는 대신 퇴사를 권고할 수 있으며 근로자는 이에 따른다.",1
"임신 사실 통보 후 업무 부하가 증가하는 포지션의 경우 회사 경영 효율을 위해 저부하 직무로 배치하며, 배치 전환에 따른 직급 및 급여 변동에 동의한다.",1
"임신 중인 근로자는 경로 변경 등 배려하며, 위험 작업에 배치하지 않는다.",0
임신 중인 근로자의 야간 근무 거부는 근무 태도 미흡으로 평가할 수 있다.,1
"임신 중인 근로자의 야간 근무 거부는 법적 권리이며, 근무 태도 평가에 포함하지 않는다.",0
임신 중인 여성 근로자는 본인의 동의 하에 가벼운 업무에 배치한다.,0
임신 중인 여성 근로자는 생산 현장에서 근무하도록 배치한다.,1
"임신 중인 여성 근로자의 요구가 있는 경우 쉬운 종류의 근로로 업무를 전환하며, 업무 전환을 이유로 기존 임금을 삭감하지 않는다.",0
임신 중인 직원의 배치 전환 요청을 거부할 수 있다.,1
임신 직원의 배치 전환은 근로자 요청 시에만 이루어진다.,0
"임신·출산 근로자의 직무 조정은 해당 근로자의 건강 보호를 위해 이루어지며, 직급 및 급여를 임의로 변경하지 않는다.",0
"임원 비서나 운전기사 직무는 업무 특성상 휴게시간을 특정할 수 없으므로, 대기시간 전체를 100% 휴게시간으로 상호 갈음하기로 한다.",1
"임원 비서나 운전기사라 하더라도, 사용자의 지휘·감독 아래 대기하는 시간은 온전한 근로시간으로 인정하여 임금을 지급한다.",0
"임원 비서직의 경우 상사의 퇴근 전까지 무조건 대기해야 하며, 정규 근무시간 이후의 대기시간은 수당이 없는 자발적 대기로 간주한다.",1
"입사 시 수령한 전속금·격려금은 의무재직기간 이내 타사 이직 시 전액 반환하여야 하며, 이는 선급 보수의 환수로서 근로기준법상 위약금 예정 금지와 무관하게 유효하다.",1
"입사 시 제출한 서류에 허위 사실이 있더라도, 그것이 채용 결정 및 직무 수행에 중대한 영향을 미치지 않은 경미한 사안인 경우 이를 단독 해고 사유로 삼지 않는다.",0
"입사 시 제출한 이력서나 자기소개서의 내용 중 과장되거나 사실과 다른 부분이 사후에 단 하나라도 발견될 경우, 갑은 언제든지 예고 없이 징계해고 할 수 있다.",1
"입사 시 합의된 사이닝 보너스는 경영 판단에 따라 분할 또는 유보 지급할 수 있으며, 미지급분에 대한 지연이자 및 이의 제기를 일절 금한다.",1
입사 신원 조회 결과 신용불량 기록이 있으면 근로계약 취소 가능하다.,1
"입사 신원 조회는 정당한 업무 필요성이 있을 때만 실시되며, 결과는 법적으로 제한된다.",0
"입사 전형 과정에서 발생한 채용 신체검사비 및 회사 지정 교육비는 원칙적으로 회사가 부담하며, 퇴사 시 이를 근로자에게 전가하지 않는다.",0
입사 후 1년 미만 근로자에게 매월 1일씩 발생하는 연차유급휴가는 근로자가 원하는 시기에 자유롭게 사용할 수 있도록 보장한다.,0
"입사 후 1년 미만 근로자에게 발생하는 매월 1일의 연차휴가는 회사가 지정하는 날에만 사용할 수 있으며, 개인적 사유로 자유롭게 청구할 수 없다.",1
입사 후 1년 이내에 발생하는 연차유급휴가 1일분은 다음 연도로 이월하지 않고 당해 연도 12월 31일에 자동 소멸하는 것으로 한다.,1
"입사 후 1년 이내에 자발적으로 퇴사할 경우, 채용 과정에서 발생한 신체검사비, 교육비, 헤드헌팅 수수료 전액을 회사가 지정한 계좌로 반환해야 한다.",1
"자격 취득은 근로자의 역량 개발이며, 회사가 지원할 수 있으나 강제하지 않는다.",0
자격증 유지를 개인 책임으로만 본다.,1
자격증 유지를 지원한다.,0
"자동차 고장은 배달원의 정비 책임이지만, 배달 압박으로 강요하지 않는다.",0
자동차 유지비는 수수료에 합리적으로 반영된다.,0
"자발적 학습과 기술 미팅 구분을 명확히 하며, 사용자 지시에 따른 미팅은 근로시간에 포함된다.",0
자본금 부족 시 근로자도 일부 투자할 것을 종용한다.,1
"자신 소유 차량으로 운송업을 영위하며 임금 수령 목적이 없는 차주 겸 운전사는 근로기준법상 근로자에 해당하지 않으며, 각종 법정수당 청구를 허용하지 아니한다.",1
자연 조건에 좌우되는 원시적 노동 또는 수산업 유사 업종에 해당하는 경우 근로시간·휴게·휴일 규정 적용을 배제할 수 있음을 근로자가 사전 확인하고 동의한다.,1
"작업 과정에서 발생한 자재 파손 및 오시공에 대한 수리비 및 재시공 비용은 해당 작업 팀의 공사 대금에서 공제하며, 팀원 개인에게 귀책을 물을 수 있다.",1
작업 속도도 개인 특성을 고려하여 합리적으로 평가한다.,0
작업 준비 및 마무리 정리 시간(각 15분)은 생산 활동에 준하는 준비 행위이나 근로시간에는 포함하지 않으며 무급으로 처리한다.,1
작업 준비 및 마무리 정리 시간이 사용자 지시로 이루어지는 경우 근로시간에 포함하여 임금을 지급한다.,0
"작업 중 발생하는 소음, 분진, 유해 화학물질 노출에 따른 직업성 질환에 대해 근로자 개인의 기저 건강 상태를 이유로 산업재해 인정을 거부하고 공상 처리로 합의한다.",1
"작업 현장에서 지급되는 안전모, 안전화, 방진 마스크 등 개인보호구 구매 비용은 첫 달 급여에서 일괄 공제하며, 분실 시 동일한 방식으로 재구매 비용을 차감한다.",1
"작업 현장에서 지급되는 안전모, 작업화 등 기본 안전 장비와 유니폼 비용은 을의 첫 달 급여에서 선공제 처리한다.",1
작업 환경이 열악해도 급여를 깎지 않는다는 이유로 개선을 거부한다.,1
"작업장 환경 개선은 회사의 기본 책임이며, 고온도 작업은 휴식을 제공한다.",0
"작업화, 안전모 등 안전용품 비용을 초봉에서 선공제한다.",1
"장기 가족 간병 근로자의 고용 유지는 사용자의 책임이며, 일방적 해고는 부당해고에 해당한다.",0
장기 가족 간병 사유 근로자의 고용 유지 의무는 없는 것으로 간주한다.,1
장기 근무자도 수습 기간을 다시 설정하며 임금 감액을 한다.,1
"장기 미사용 연차는 매년 소멸되며, 퇴사 시 미사용 연차에 대한 보상을 하지 않는다.",1
장기 병가 중인 근로자는 회사 기여도가 없으므로 보험료(4대보험) 납부를 유보할 수 있다.,1
"장기 병가 중인 근로자의 4대보험료는 회사가 계속 납부하며, 유보하지 않는다.",0
장기 질병 직원의 복귀 여부를 회사가 임의로 결정한다.,1
"장기 질병 직원의 복귀는 의료 판단에 따르며, 회사가 일방 결정할 수 없다.",0
장기 휴직 중인 직원의 복귀를 거부할 수 있다.,1
장기 휴직 후 복귀는 법적으로 보장되는 권리이다.,0
"장비 개선은 회사 책임이며, 근로자에게 비용을 전가하지 않는다.",0
장비 고장은 근로자 관리 부실로 보고 배상을 청구한다.,1
"장비 고장은 정기 유지보수 책임이며, 근로자 배상 사유가 아니다.",0
장비 손상은 근로자가 전액 배상하기로 한다.,1
장비 손상은 회사의 보험으로 처리하기로 한다.,0
장시간 근무 중 화장실 시간도 휴게시간에서 공제한다.,1
장시간 근무로 인한 피로 누적도 직업병 신청 사유가 아니다.,1
장시간 근무로 인한 피로와 질병도 직업병으로 인정한다.,0
장애 직원의 편의 시설 요청을 회사 비용 부담을 이유로 거부할 수 있다.,1
"장애 직원의 편의 시설은 법적 의무이며, 비용은 회사가 부담한다.",0
"장애가 있는 근로자는 기능에 맞는 업무를 배치하며, 차별하지 않는다.",0
장애가 있는 근로자도 정상 생산량을 요구한다.,1
"장애인 근로자는 기능에 맞는 업무를 배치하며, 차별하지 않는다.",0
장애인 근로자도 일반 근로자와 동일한 속도를 요구한다.,1
장애인 근로자에게는 개별 역량에 맞는 합리적인 작업 속도를 보장한다.,0
"장애인 직원의 편의 제공 요청은 사용자의 법적 의무이며, 시설 한계로 거부할 수 없다.",0
장애인 직원의 휠체어 접근성 개선 요청을 회사 시설 한계로 거부할 수 있다.,1
"장애인 활동보조원의 활동 보조 중 활동 이용인의 부상은 시설 또는 이용인의 책임이며, 보조원만 책임 지우지 않는다.",0
장애인 활동보조원의 활동 보조 중 활동 이용인의 부상은 활동보조원의 안전 관리 책임이다.,1
재계약 조건을 악화시킨다.,1
재계약은 공정하게 한다.,0
재계약을 공정하게 한다.,0
"재고 적재 중 상품 손상은 정상적 손상 범위로 인정하며, 일방적으로 근로자에게 부과하지 않는다.",0
재고 적재 중 상품 손상의 책임을 현장 근로자에게 일방적으로 부과한다.,1
"재고 조사 결과 손망실이 발생한 경우 명확한 귀책사유자가 확인된 경우에만 책임을 묻고, 집단 연대 책임 방식으로 급여에서 공제하지 않는다.",0
"재료비 상승은 가격 조정으로 대응하며, 급여 인상과 별개다.",0
"재무 감사 결과 과태료가 발생한 경우 시스템 오류와 개인 과실을 구분하며, 직원에게 과태료를 분담시키는 경우 합리적 범위와 절차를 준수한다.",0
재무 감사 결과 직원의 처리 오류로 과태료가 부과되면 과태료의 50%를 해당 직원이 부담하며 서약서를 작성하기로 한다.,1
재물조사 결과 재고 부족 등이 발생하더라도 근로자 개개인의 명확한 고의나 중과실이 입증되지 않는 한 급여에서 손해배상액을 징수하지 않는다.,0
"재직 기간 중 회사를 상대로 노동청 진정이나 민사소송을 제기할 경우, 신뢰 관계 파괴로 보아 징계 절차 없이 즉시 해고할 수 있다.",1
재직 중 개발한 직무 발명에 대한 보상금은 이미 지급된 급여에 모두 포함된 것으로 보아 퇴사 전후를 불문하고 별도 청구할 수 없다.,1
재직 중 발생한 아이디어·사업 모델에 대한 특허 및 영업 비밀 권리는 퇴사 후 10년이 경과할 때까지 회사에 귀속된다.,1
재직 중 회사 명의로 제출한 공모전 수상 상금 및 외부 기술 발표에 따른 강연료는 전액 회사 수익으로 귀속되며 개인 수령이 불가하다.,1
"재직 중 회사의 비용 지원으로 이수한 직무 관련 교육 후 2년 이내에 퇴사할 경우, 소요된 교육비 전액을 최종 급여 또는 퇴직금에서 자동 공제하는 데 동의한다.",1
재택근무 기간 중 발생하는 업무용 통신비 및 제반 비용은 실비 정산 절차를 거쳐 회사에서 전액 지원한다.,0
"재택근무 기간 중 발생하는 자택의 전기요금, 통신비, PC 유지보수 등 제반 비용은 업무용이라 하더라도 전액 본인이 부담한다.",1
"재택근무 수행 중 발생한 전기, 통신비 등 추가 소요 비용에 대하여 노사 합의로 정한 기준에 따라 실비 또는 정액으로 근로자에게 보전한다.",0
"재택근무 수행에 필수적으로 소요되는 통신비, 비품 및 장비 유지 비용은 회사가 실비로 전액 지원한다.",0
"재택근무 시 사내 메신저 상태를 항상 '온라인'으로 유지해야 하며, 10분 이상 응답이 없을 경우 무단이석으로 간주하여 해당 시간만큼을 근로시간에서 공제한다.",1
"재택근무 시 사내 협업툴에 24시간 '온라인' 상태를 유지해야 하며, 30분 이상 응답이 없으면 무단이탈로 간주하여 해당 시간을 무급 처리한다.",1
"재택근무 시 생산성 모니터링이 필요한 경우 사전에 근로자의 동의를 받고, 수집 데이터의 범위와 활용 목적을 명확히 고지한다.",0
"재택근무 신청 시 회사가 승인 거부할 수 있으며, 거부 사유를 별도로 공지하지 않는다.",1
"재택근무 신청은 근로자의 정당한 권리이며, 회사는 합리적 사유가 있을 때만 거부할 수 있다.",0
"재택근무 중 사내 협업툴 상태를 24시간 '온라인'으로 유지해야 하며, 15분 이상 응답이 없으면 무단이탈로 간주하여 해당 시간을 무급 처리한다.",1
"재택근무 중 업무 응답 요구가 있는 경우 사전에 합의된 온콜 수당을 지급하며, 실제 대응 시간에 대해 연장근로수당을 추가로 지급한다.",0
재택근무 중 응답 불가 시간이 있어도 미리 공지된 경우가 아니면 근로시간으로 인정한다.,0
"재택근무 중 협업툴 상태를 24시간 '온라인'으로 유지해야 하며, 10분 이상 응답이 없으면 무급 처리한다.",1
재택근무를 수행하는 근로자에게도 사내 근무자와 동일한 수준의 안전보건 기준을 적용할 수 있도록 안내하고 필요한 조치를 지원한다.,0
"재택근무자는 웹캠을 켜두고 항상 감시 상태를 유지해야 하며, 거부 시 미근무 처리한다.",1
"쟁의행위 참가 기간은 평균임금 산정 기초 기간에 포함하여 계산하며, 이로 인한 평균임금 감소는 쟁의행위에 따른 정당한 불이익으로서 별도 구제를 허용하지 아니한다.",1
"저작권 독점도 합의 하에 진행하며, 개인 활용 범위를 협의한다.",0
"적법한 절차를 거친 쟁의행위에 참가한 기간은 결근으로 보지 않으며, 연차유급휴가 산정 시 전체 소정근로일수에서 제외하여 비례 계산한다.",0
"적절한 휴게시간을 보장하며, 화장실 시간도 포함된다.",0
"전속 계약 해지 시 위약금은 실제 손해액을 기준으로 산정하며, 과도한 예상 수익 손실 배상을 강제하지 않는다.",0
"전시 관련 미술품 운송 중 손상은 운송사의 보험 책임이며, 운송사 직원 급여에서 보상하지 않는다.",0
"전시 관련 운송 중 미술품 손상은 운송사의 책임이며, 운송사 직원의 급여에서 보상한다.",1
"전시 관련 운송 중 미술품 손상은 운송사의 책임이며, 운송사가 가입한 보험으로 보상한다.",0
전시회 개최 실패를 기획팀의 창의성 부족으로 기록한다.,1
"전시회 개최는 여러 요소의 결과이며, 기획팀만 책임 지우지 않는다.",0
전시회 개최로 인한 매출 증가 미달은 기획팀의 기획 능력 부족으로 평가한다.,1
"전시회 실패는 여러 요소의 결과이며, 기획팀만 책임 지우지 않는다.",0
전시회 큐레이터의 전시 준비 시간(밤샘 작업 등)은 전시회 특성상 무보수 기여로 간주한다.,1
전시회 큐레이터의 전시 준비는 근로시간으로 인정하여 임금을 지급한다.,0
점심 피크 시간에 휴게시간을 주지 않기로 한다.,1
점주의 개인적 심부름도 근로 범위에 포함된다.,1
점주의 개인적 심부름은 근로 범위에서 제외된다.,0
점포 오픈 지연 시 지연 시간에 해당하는 월급을 전액 공제한다.,1
"점포 운영상 지연으로 인한 손실은 회사가 부담하며, 직원 급여는 보장된다.",0
"점포 폐지 시 근로자의 재배치가 우선되며, 해고는 최후 수단이다.",0
정규 업무 외 추가 행사 또는 프로모션 지원은 회사 복리후생 활동으로 간주하여 시간 외 수당을 지급하지 않는다.,1
정규 퇴근 시간 이후 부서장이 주도하는 저녁 식사 자리는 사적 모임으로 규정하여 산재 보호 및 시간외수당 적용 대상에서 무조건 제외한다.,1
"정기 생산량 할당을 채우지 못한 생산직 직원은 잔업 명령을 거부할 수 없으며, 잔업 미이행 3회 누적 시 시말서 제출 및 인사위원회 회부 처분을 받는다.",1
"정기 인사이동 시 타 지역 발령을 거부하는 직원은 즉시 대기발령 상태로 전환되며, 대기발령 3개월 경과 시 자동 해고된다.",1
"정기 재고 조사는 소정근로시간 내에 배정하거나, 시간 외 참가 시 연장근로수당을 지급한다.",0
"정기상여금은 경영 성과 연동 급여로서 통상임금 산정에서 제외하며, 소급 청구 시 중대한 경영 위기를 초래하는 경우 신의칙상 청구권이 제한된다.",1
정기적 코드 리뷰 시간은 자격 향상 교육으로 간주하여 근로시간에서 제외하며 별도 수당을 지급하지 않는다.,1
정기적인 코드 리뷰가 사용자 지시로 이루어지는 경우 근로시간으로 인정하여 임금을 지급한다.,0
"정년 이후 촉탁 재고용 계약은 취업규칙에 따른 동등한 처우를 보장하며, 임금을 일방적으로 최저임금 수준으로 삭감하는 조건을 강제하지 않는다.",0
정년 퇴직 시 근속 20년 이상이라도 적립 퇴직금에서 3년 이상 미사용 휴가분을 선 공제한다.,1
"정년 퇴직 시 적립 퇴직금은 법정 산정 기준에 따라 전액 지급하며, 미사용 휴가분을 선 공제하지 않는다.",0
"정년 퇴직 시 퇴직금은 법정 산정 기준에 따라 전액 지급하며, 미사용 휴가를 일방적으로 공제하지 않는다.",0
정년 퇴직자의 퇴직금 중 미사용 연차 등을 일방적으로 공제한다.,1
"정년은 법정 기준을 따르며, 고령자 재계약도 공정하게 진행한다.",0
"정년을 60세로 정하고, 고령자 재계약은 급여를 30% 삭감한다.",1
"정년이 도래한 근로자가 재고용을 희망하는 경우, 회사는 직무 수행 능력을 평가하여 촉탁직 등으로 고용을 연장할 수 있도록 적극 노력한다.",0
"정리해고 시 근로자 대표와의 협의는 실질적이고 충분한 협의로 이루어져야 하며, 형식적인 이메일 1회 발송으로 의무를 갈음하지 않는다.",0
정보보안팀 직원의 침투 테스트 결과 보안 사고 인지 시 해당 직원의 책임으로 차감한다.,1
"정보보안팀 직원의 침투 테스트는 회사의 보안 강화 활동이며, 개별 책임으로 귀속하지 않는다.",0
"정신 건강 상담 기록은 의료 기밀로 보호되며, 인사 기록에 영향을 주지 않는다.",0
정신질환자 돌봄 시 예상치 못한 공격은 근로자 관찰 부족이다.,1
정신질환자 돌봄 시 충분한 교육과 지원을 제공한다.,0
제조 공장 가동률이 50% 이하일 시 전 직원의 급여를 일괄 20% 감액한다.,1
제조 공장 폐지 시 직원의 재배치 의무가 없다고 간주한다.,1
"제조 공정 중 발생한 불량품은 시스템 결함의 결과로 보며, 불량품 처리 비용을 개별 근로자에게 청구하지 않는다.",0
"제조 공정 중 부실 생산으로 인한 불량품이 적발된 경우, 불량품 처리 비용의 일부를 해당 공정 근로자의 성과급에서 공제한다.",1
제조 공정 최적화로 작업 시간이 단축되면 근로자의 동의를 얻어 급여를 재정산한다.,0
제조 공정 최적화를 위해 작업 시간을 일방적으로 단축하고 급여는 그대로 지급한다.,1
제조 부서 전체 결근율이 높으면 기본급을 일괄 5% 인하한다.,1
제조 부서의 결근율 증가 책임은 개별 근로자가 아닌 부서 관리 체계를 검토한다.,0
제조 부서의 에너지 사용량 감소는 전사적 노력의 결과로 평가한다.,0
제조 부서의 에너지 사용량이 많으면 부서 전체 직원의 보너스를 공제한다.,1
제조업 근로자의 근로 조건을 자의적으로 변경할 수 있다.,1
제조업 근로자의 장해 산재 발생 시 회사가 부담한 보험료를 근로자가 배상한다.,1
제조업 직원의 작업 시간 단축으로 인한 생산성 저하는 근로자의 책임이다.,1
제조업 직원의 작업 시간 단축으로 인한 생산성 저하는 회사의 경영 책임이다.,0
제품 검수 중 불량 판정 비율이 높은 검수자는 인센티브에서 차감한다.,1
"제품 검수의 불량 판정 기준은 사전에 명확하게 공지되며, 일방적 변경은 금지다.",0
"제품 납기 지연으로 인한 위약금이 발생한 경우, 납기 일정을 담당했던 생산관리 직원의 인센티브에서 위약금의 30%를 공제한다.",1
제품 불량으로 반품 발생 시 그 비용을 해당 근로자 급여에서 차감한다.,1
"제품 불량은 회사의 공정 개선 책임이며, 근로자 급여 공제의 사유가 될 수 없다.",0
"조교·연구원 등 전문직 명목 임용자는 기간제 예외 조항에 해당하며, 계약 만료 시 당연 퇴직하고 별도의 해고 정당 사유를 요하지 아니한다.",1
"조기 퇴직을 권고할 수 있으며, 거부하면 좋지 않은 평가를 준다.",1
"조립 오류는 공정 관리 및 기계 점검 책임이며, 근로자만 배상하지 않는다.",0
종교 신앙일 휴가는 법적으로 보장되는 권리이다.,0
"종교단체에서 지급하는 사례비 및 수당은 봉사 활동에 대한 감사 표시로서 근로기준법상 임금에 해당하지 아니하며, 4대 보험 가입 의무가 발생하지 아니한다.",1
"종교적 휴가는 법적 권리이며, 무급 처리는 금지다.",0
주 15시간 미만의 단시간 근로자는 초과 근로를 하더라도 단시간 근로계약의 특수성을 고려하여 가산 수당 없이 통상임금의 100%만 지급받는다.,1
주말 깃허브 활동이 없으면 관심 부족으로 평가한다.,1
"주문 오류는 시스템 검증 강화로 방지하며, 개인에게 책임 전가하지 않는다.",0
주문 오류로 나간 음식비를 담당 직원 급여에서 공제한다.,1
주문 취소 손실이 배달원의 늦은 응답 때문이라고 판단한다.,1
"주문 취소는 시스템 문제이며, 배달원 책임으로 보지 않는다.",0
주방 장비 손상 시 담당 직원이 배상한다.,1
주방의 음식 낭비는 시스템 개선과 교육으로 감소시킨다.,0
주식 매매 실적이 저조한 트레이더는 거래 수수료 일부를 보전해야 한다.,1
주요 경조사는 법정 휴가 기준에 따라 휴가를 준다.,0
"중개료는 투명하게 책정되며, 임의 차등은 금지다.",0
중대 과실로 보이는 사건 발생 시 소명 기회 없이 즉시 해고할 수 있다.,1
"중대 배송 오류(잘못된 주소 배송 등)는 근로자의 과실이므로, 고객 보상금은 본인이 부담한다.",1
"중대 배송 오류(잘못된 주소 배송 등)는 업무상 발생한 과실이므로, 고객 보상금은 회사에서 부담한다.",0
"중대 배송 오류는 시스템 검증 프로세스의 미흡으로 간주하며, 근로자 개인의 책임으로 보지 않는다.",0
중도 퇴직자의 경우 상여금(성과급) 미지급 또는 차감을 부당 이직 벌칙으로 적용한다.,1
"중도 퇴직자의 상여금(성과급)은 근로 기간에 비례하여 지급하며, 일방적으로 미지급하지 않는다.",0
중도 해지 고객도 담당자 책임으로 본다.,1
"중도 해지 원인을 분석하며, 판매자만 책임지지 않는다.",0
"증권사 트레이더가 당일 매매 손실을 발생시킬 경우 손실액의 5%를 직원이 부담하는 손실 참여제를 적용하며, 직원은 이에 사전 동의한다.",1
"지각 3회 누적 시 1일 결근으로 간주하여 해당 월의 급여를 공제하고, 익년도 연차유급휴가 발생 일수에서도 1일을 차감한다.",1
지각 및 조퇴 시 해당 누락 시간의 3배에 해당하는 임금을 당월 급여에서 징벌적으로 공제하는 것에 동의한다.,1
"지게차 조작 중 상품 파손이 발생한 경우 근로자의 과실 여부와 비율을 조사하며, 감가상각을 반영하여 합리적 수준의 책임만을 묻는다.",0
"지문 인식기 고장 등으로 출퇴근 기록이 누락된 경우, 관리자의 확인이나 객관적 정황을 통해 근로 사실이 입증되면 정상 근로로 인정하여 임금을 지급한다.",0
지병이 악화되는 환자도 정상 돌봄을 요구한다.,1
지점 영업 직원에게 요구하는 영업 활동이 소정근로시간 이외에 발생하는 경우 연장근로수당을 지급하거나 대체 휴무를 부여한다.,0
"지점 영업 직원은 주 1회 이상 지점장 재량으로 지정되는 영업 활동(고객 방문, 조찬 미팅)에 참가해야 하며 해당 활동은 자율 영업으로 수당을 지급하지 않는다.",1
"지점 판매 직원은 매월 물류 센터 정기 재고 조사에 무급으로 참여해야 하며, 조사 거부 시 재고 손실 책임 관련 공동 연대 서약 위반으로 처리한다.",1
"지정된 출근 시간보다 최소 30분 전 출근하여 업무 교대 및 매장 오픈 준비를 완료해야 하며, 해당 준비 시간은 근로시간에 포함하지 않는다.",1
직급 명칭만 있고 권한이 없다.,1
"직급 변경은 사전 협의를 통해 이루어지며, 일방적 강등은 금지다.",0
직급 승진 후 적응 기간 동안에도 승진한 직급의 기본급을 지급한다.,0
직급 승진 후 적응 기간(3개월) 동안 신급여 대신 이전 급여를 지급하기로 합의한다.,1
직급 체계 없이 일방적으로 업무를 지시한다.,1
직급과 권한을 명확히 한다.,0
직무 관련 자격증 갱신 비용은 회사가 지원한다.,0
직무 관련 자격증을 개인이 취득하고 비용도 부담한다.,1
"직무 급제 도입에 따라 부서 배치 전환 시 급여가 기존보다 30% 이상 삭감될 수 있으며, 직원은 이에 대해 취업규칙 불이익 변경 절차를 요구할 수 없다.",1
"직무 수행 중 발생한 고충을 처리하기 위해 사내 고충처리위원회를 설치·운영하며, 위원회는 비밀을 보장하고 신속하게 사실관계를 조사한다.",0
직무 스트레스와 관련된 질병을 예방하기 위해 회사는 정기적인 작업 환경 평가를 실시하고 심리 상담 등을 지원한다.,0
직무발명에 대해서는 발명진흥법에 따라 회사로 권리를 승계할 경우 정당한 직무발명 보상금을 별도로 지급한다.,0
"직무수당 등 고정 임금은 연차휴가 사용 여부와 관계없이 전액 지급하며, 연차를 사용했다는 이유로 해당 수당을 일할 계산하여 차감하지 않는다.",0
"직무스트레스로 인한 우울증 발생 시, 이는 전적으로 근로자 개인의 정신적 기질 요인에 의한 것으로 보아 회사는 어떠한 산업재해 책임도 지지 않는다.",1
"직업병 인정 후 평균임금 정정 신청은 최초 요양 승인일로부터 30일 이내에만 허용하며, 기간 경과 후의 정정 요청은 일절 수리하지 아니한다.",1
"직업성 감염병(결핵, 코로나 등)으로 인한 격리 기간은 무급 병가로 처리하며, 격리 해제 즉시 업무 복귀를 지시할 수 있다.",1
"직업성 질환 관련 급여 산정 시 평균임금 기산일은 사측이 지정하는 날짜를 기준으로 하며, 이의 신청은 통보일로부터 7일 이내로 한정한다.",1
"직업성 질환의 재발로 인한 보상 산정 시 평균임금 기준일은 재발 진단일이 아닌 퇴직일을 기준으로 적용하며, 이를 근로자가 확인하고 동의한다.",1
"직업훈련비는 근로기준법 범위 내에서만 공제 가능하며, 1년 이상 근무 시 공제하지 않는다.",0
직원 간 경쟁을 과도하게 조장한다.,1
"직원 간 분쟁은 공정한 절차로 처리하며, 개인의 일방적 판단을 하지 않는다.",0
직원 귀책 없는 주방 장비 고장으로 영업이 중단되는 경우에도 해당 시간을 무급 처리하며 휴업수당 지급 의무를 면제하기로 합의한다.,1
"직원 대상 사내 대출을 받은 자가 퇴직 시 원금을 일시 상환하지 못할 경우, 퇴직금 전액을 담보로 강제 압류하는 것에 사전 동의한다.",1
"직원 성찰 문서 작성 비용(인쇄, 제본)은 해당 직원이 부담한다.",1
"직원 성찰 문서 작성은 근로 시간 내 진행하며, 작성 물품 비용은 회사가 부담한다.",0
"직원 식사는 식대 수당 또는 현물로 별도 제공하며, 남은 식재료를 직원 식사비용으로 대체하는 방식을 채택하지 않는다.",0
"직원 식사는 영업 종료 후 남은 재료로 직접 조리하여 먹는 것으로 충당하며, 이를 식대 지원으로 갈음하여 별도 식대 수당을 지급하지 않는다.",1
직원 의견을 경청한다.,0
직원 의견을 무시한다.,1
직원 의견을 존중한다.,0
직원 이탈을 개인적 배신으로 본다.,1
직원 정신건강을 지원한다.,0
직원 채용 후 1개월 이내 적응이 어려운 것으로 판단되면 예고 없이 근로계약을 해지할 수 있다.,1
직원 평가 결과가 최하위일 경우 다음 연도 계약 갱신을 보류할 수 있다.,1
"직원 평가는 공정한 기준에 따라 이루어지며, 최하위 평가만으로 계약 미갱신할 수 없다.",0
"직원 포상 및 표창 제도를 운영하되, 수상자 선정 기준을 투명하게 공개하며 특정 직원을 불합리하게 배제하지 않는다.",0
"직원에게 제공되는 식대 수당은 식당 이용 여부와 관계없이 지급하며, 식사 선택을 이유로 수당 청구권을 박탈하지 않는다.",0
"직원의 SNS 활동은 직무 기밀 침해나 명백한 명예훼손이 없는 한 사생활로 존중하며, 회사에 대한 일반적인 의견 표현을 이유로 징계하지 않는다.",0
직원의 가족 관계를 파악하기 위해 신원 조회를 강제할 수 있다.,1
"직원의 가족 돌봄 휴직 신청을 적극 지원하며, 신청을 이유로 복직 불이익, 임금 불이익 등을 주지 않는다.",0
"직원의 개인 SNS 계정에서 회사 또는 업무와 관련된 게시물은 회사 사전 승인을 받아야 하며, 무단 게시 시 훈계 이상 징계 대상이 된다.",1
직원의 개인 금융 정보를 요구하여 재직 계획을 파악할 수 있다.,1
직원의 개인 기기 사용은 회사가 일방적으로 제한할 수 없다.,0
직원의 개인 메일을 회사가 모니터링할 수 있다.,1
직원의 개인 물품을 검사한다.,1
직원의 개인 물품을 보호한다.,0
직원의 개인 사정으로 인한 근무 시간 변동 요청을 거부할 수 있다.,1
직원의 개인 신원 정보를 내부 공개할 수 있다.,1
직원의 개인 웹사이트를 회사가 모니터링할 수 있다.,1
"직원의 개인 자동차를 회사 업무로 사용하도록 강제하되, 유지비는 회사가 부담하지 않는다.",1
직원의 개인 활동은 회사와 이해 충돌이 없으면 제한할 수 없다.,0
직원의 개인 휴대폰 사용으로 인한 손상은 직원과 회사가 합리적으로 책임을 분담한다.,0
직원의 개인 휴대폰 위치 추적을 업무상 필요로 강제할 수 있다.,1
직원의 개인 휴대폰으로 회사 업무 처리 시 휴대폰 손상은 본인 책임이다.,1
직원의 개인 휴대폰을 회사 업무로 사용하도록 강제할 수 있다.,1
"직원의 개인사정으로 인한 결근은 무급 휴무로 처리되며, 급여 계산에서 제외된다.",1
직원의 건강 검진 결과를 인사 결정에 자유롭게 사용할 수 있다.,1
직원의 건강 상태를 이유로 업무 배치를 일방적으로 제한할 수 있다.,1
"직원의 건강검진 결과를 인사 자료로 활용하지 않으며, 검진 결과 이상 소견을 이유로 불이익한 인사 조치를 하지 않는다.",0
"직원의 건강검진 이력은 본인이 보관하며, 건강상 문제 시 부서 변경을 요청할 권리가 있다.",0
"직원의 건강검진 이력은 회사가 보관하며, 건강상 문제 시 부서 변경의 사유가 될 수 있다.",1
직원의 경조사 휴가 사용으로 인한 업무 공백을 직원 책임으로 간주할 수 있다.,1
직원의 경조사 휴가를 최소한으로 제한할 수 있다.,1
직원의 과도한 휴게시간 사용을 감시하고 적발 시 급여 공제한다.,1
"직원의 과실로 인한 제품 불량 발생 시, 불량 제품의 원가뿐만 아니라 판매 시 얻을 수 있었던 소비자가액 기준으로 손해배상액을 산정하여 공제한다.",1
직원의 급여를 공식적 사유 없이 일방적으로 조정할 수 있다.,1
직원의 급여를 임의로 일시 보류할 수 있다.,1
직원의 기숙사비를 급여에서 공제할 수 있다.,1
"직원의 노력과 신뢰를 기반으로 하며, 일상적 감시는 하지 않는다.",0
"직원의 병가 사용을 최소화하도록 압박할 수 있으며, 과다 사용 시 징계한다.",1
직원의 사내 동아리 활동을 회사 이미지에 부정적이라고 판단하여 금지할 수 있다.,1
직원의 사이드 프로젝트 소식이 알려질 시 회사의 신의 위반으로 간주하여 징계할 수 있다.,1
"직원의 산재로 인한 보험료는 회사가 부담하며, 근로자가 배상하지 않는다.",0
직원의 성과급을 일방적으로 임의로 결정할 수 있다.,1
"직원의 수습 기간(계약직)을 임의로 연장할 수 있으며, 정규직 전환을 거부할 수 있다.",1
직원의 신용도 조사를 근로 계약의 조건으로 강제할 수 있다.,1
직원의 어려움을 경청하고 지원한다.,0
"직원의 업무 성과에 대한 평가 등급은 회사가 단독으로 결정하며, 직원은 평가 기준 공개 및 평가 결과에 대한 소명을 요구할 권리를 포기한다.",1
"직원의 음주 측정 결과를 취업 불허 사유로 사용하며, 채용 과정에서 음주 습관을 묻는 인터뷰 질문에 사실대로 답하지 않으면 채용 취소 또는 즉시 해고할 수 있다.",1
직원의 의료 기록을 인사팀이 보유하고 관리할 수 있다.,1
"직원의 의료 휴직 기간은 근속 기간에 포함되며, 퇴직금 산정에서 제외하지 않는다.",0
"직원의 의료 휴직 기간은 근속연수에 포함되며, 복귀 후의 임금 및 직급에 영향을 주지 않는다.",0
직원의 의료 휴직 기간은 회사 자산 유지 기간으로 간주하여 근속연수에서 제외한다.,1
직원의 의료 휴직 기간을 퇴직금 산정 시 근속 기간에서 제외할 수 있다.,1
직원의 이직 사유를 회사가 공개할 수 있다.,1
직원의 이직 시 회사가 제시한 경쟁금지 계약에 서명을 강제할 수 있다.,1
직원의 인사 기록에 개인적 논평을 임의로 기재할 수 있다.,1
직원의 자발적 사직 시 미공지 업무 인수인계 불완전에 따른 손실금을 차감한다.,1
"직원의 자발적 사직 시 정당한 업무 인수인계 지연으로만 손실을 평가하며, 일반적 손실금을 청구하지 않는다.",0
직원의 정신 건강 상담 이력을 인사 평가에 반영할 수 있다.,1
직원의 종교 신앙과 관련된 휴일 요청을 거부할 수 있다.,1
직원의 종교적 휴가를 개인사로 간주하여 무급 처리할 수 있다.,1
"직원의 중대한 횡령이나 과실로 인해 징계 해고되는 경우, 그동안 적립된 퇴직금의 50%를 위약금 명목으로 감액하여 지급한다.",1
직원의 직장 내 괴롭힘 신고 시 피해자와 행위자를 분리할 경우 피해자가 아닌 행위자를 격리하는 것을 원칙으로 하며 피해자에게 불이익이 없도록 한다.,0
직원의 최종 급여를 회사의 미지급 비용 청구로 상계할 수 있다.,1
직원의 퇴직 신청 후 인수인계 기간 동안 발생한 생산성 저하를 당해 직원의 성과급에 반영한다.,1
직원의 퇴직 신청 후 인수인계 기간 동안 발생한 생산성 저하를 이유로 당해 직원의 성과급을 삭감하지 않는다.,0
"직원의 퇴직 후 인수인계는 회사의 정상적인 운영 과정이며, 인수인계 불완전으로 인한 손실을 퇴직자에게 청구하지 않는다.",0
직원의 퇴직 후에도 비경쟁금지를 이유로 취업을 방해한다.,1
"직원의 학자금 대출을 회사가 지원했다면, 이직 시 일괄 회수할 수 있다.",1
"직원의 해외 출장 비용(항공료, 숙박료)을 월급에서 원금 회수할 수 있다.",1
직원의 휴가 신청을 이유 없이 거부할 수 있다.,1
"직원이 법적으로 보장된 휴가(병가, 가족 돌봄 휴가, 공가 등)를 사용한 것을 이유로 인사 고과에서 불이익을 주지 않는다.",0
직원이 요청한 근무지 변경을 회사의 필요에 따라 불승인할 수 있다.,1
직원이 제출한 휴가 신청을 임의로 취소할 수 있다.,1
직원이 회사 경비로 구매한 물품은 모두 회사 소유로 간주한다.,1
직원이 회사 명의의 소셜 미디어에 게시한 콘텐츠 저작권은 근무 시간 외에 작성된 것이라도 회사에 귀속된다.,1
직원이 회사 비용으로 구매한 도구나 교재는 퇴사 시 회사 소유로 간주하여 돌려줄 수 없다.,1
"직원이 회사 소유의 장비를 분실하였을 때, 신제품 구매 가격과 동일한 금액을 월급에서 즉시 공제하는 것에 아무런 이의를 제기하지 않는다.",1
직원이 회사 정보를 개인 노트북에 저장한 경우 징계할 수 있다.,1
"직장 내 갈등 및 괴롭힘 주장이 발생할 경우, 외부 기관(노동청 등)에 진정하기 전 반드시 사내 인사위원회의 중재 조정을 거쳐야 하며, 이를 어기고 외부 신고 시 징계 조치할 수 있다.",1
"직장 내 괴롭힘 또는 성희롱 신고가 접수되면 회사는 지체 없이 객관적인 조사를 실시하며, 신고자 및 피해자에게 어떠한 불리한 처우도 하지 않는다.",0
"직장 내 괴롭힘 발생 사실을 인지한 경우, 회사는 지체 없이 객관적인 조사를 실시하고 피해자 보호를 위한 적절한 분리 조치를 취한다.",0
"직장 내 괴롭힘 신고자에 대한 보복 행위는 근로기준법에 따라 엄격히 금지하며, 신고자의 부서 이동은 신고자 동의 없이 시행하지 않는다.",0
"직장 내 괴롭힘 조사 기간 중 피해자가 요청하는 경우, 회사는 즉각적인 심리 상담 지원 및 근무 장소 임시 분리 등의 적극적인 보호 조치를 제공한다.",0
직장 내 괴롭힘은 엄격하게 처리하고 피해자를 보호한다.,0
"직장 내 괴롭힘을 신고하였으나 회사의 자체 조사 결과 사실이 아니거나 증거가 불충분한 것으로 판명될 경우, 신고자를 무고조로 징계 해고한다.",1
"직장 내 괴롭힘이나 체불 임금 등에 대해 노동청 등 외부 기관에 진정할 경우, 이를 회사의 명예를 훼손하는 중대 해사 행위로 간주하여 민사 소송을 제기한다.",1
직장 내 성희롱 신고 건에 대하여 가해자와 피해자 간의 분리 조치 명목으로 피해자의 근무 부서를 일방적으로 원거리 지사로 전보 발령할 수 있다.,1
"직장 내 성희롱 예방 교육 등 법정 의무교육은 회사의 업무 지장 방지를 위해 일과 시간 이후 온라인으로 자율 이수해야 하며, 무급으로 처리한다.",1
"직장 내 성희롱 예방 교육은 매년 1회 이상 유급 근로시간 내에 실시하며, 교육 불참을 이유로 벌금을 부과하지 않는다.",0
직접 고용 의무 회피를 목적으로 파견 계약을 반복·갱신하는 경우 관련 법령에 따라 직접 고용 의무를 이행한다.,0
직책수당 등 고정적인 임금을 삭감하거나 변동 급여로 전환하여 기본급을 낮춤으로써 최저임금법 위반을 회피하는 꼼수를 쓰지 않는다.,0
"직책수당은 매월 직무 평가에 따라 0원에서 50만 원까지 유동적으로 지급하므로, 이를 최저임금 산입 범위에 포함하여 최저임금 위반 여부를 계산한다.",1
"직책수당은 매월 직무 평가에 따라 0원에서 50만 원까지 지급하며, 이를 최저임금 산입 범위에서 제외하여 최저임금 위반 여부를 계산한다.",0
"진폐증 재요양 시 평균임금은 퇴직 후 3개월 이상 경과한 경우 퇴직일을 기준으로 산정하며, 최초 질병 발생 당시 임금의 소급 적용 요구를 허용하지 아니한다.",1
"징계 결정은 인사위원회 절차를 거쳐야 하며, 경영진의 일방적 판단으로 결정하지 않는다.",0
"징계 대상자에 대한 대기발령은 징계 절차 진행을 위한 최소한의 기간으로 엄격히 제한하며, 무기한 발령으로 근로자에게 정신적 고통을 주지 않는다.",0
"징계 처분 시 사측은 근로자에게 사실관계 확인서를 요구할 수 있으나, 양심의 자유를 침해하는 강제적인 사유 인정 서약은 요구하지 않는다.",0
"징계 처분 시 사측은 근로자에게 사유 인정 및 재발 방지 서약 시말서 제출을 요구할 수 있으며, 정당한 지시 범위 내로서 거부 시 추가 징계 사유가 된다.",1
징계 처분을 받은 자는 그 징계 기간 동안 발생한 임금 전액뿐만 아니라 해당 연도의 모든 상여금 지급 대상에서 영구 제외된다.,1
"징계를 받은 근로자라 하더라도 근로를 제공한 기간에 대한 기본급 및 법정 수당은 전액 지급하며, 징계 사실을 이유로 이미 지급한 임금을 환수하지 않는다.",0
"징계에 의한 정직·직위해제 기간은 결근으로 처리하며, 해당 기간은 연차유급휴가 산정을 위한 소정근로일수에서 제외하여 연차휴가수당을 산정하지 아니한다.",1
"징계위원회 개최 시 대상 근로자에게 징계 사유를 사전에 구체적으로 통보하고, 위원회에서 소명할 수 있는 충분한 기회를 제공한다.",0
"차량 소유 화물 운전기사는 독립 사업자로서 운임 수령·노선 결정의 자율권을 가지므로 근로기준법 및 산재보험법 적용 대상에서 제외되며, 재해 시 개인 책임으로 처리한다.",1
"차량 운행 기사는 위탁 계약에 따른 독립 계약자로서 운행 방법·경로를 자율 결정하며, 지급하는 금원은 임금이 아닌 서비스 용역 대가임을 상호 확인한다.",1
"차량을 직접 소유하고 배송 업무를 수행하는 자는 독립 사업자로 추정하며, 사측의 배송 지시는 안내에 불과하므로 종속적 지휘감독이 아닌 것으로 보아 요양급여를 거부할 수 있다.",1
창고 규모 축소는 작업 환경 개선으로 보상되어야 한다.,0
"창구 직원의 이체 오류 발생 시 원인을 공정하게 조사하며, 미회수금이 확정되기 전에 직원 성과급에서 선공제하지 않는다.",0
"채용 공고에 명시된 연봉과 계약 연봉이 다른 경우 그 차이를 사전에 충분히 설명하며, 근로자의 이의 제기 권리를 인정한다.",0
"채용 과정에서 음주 습관 등 사생활에 관한 질문은 업무 적합성과 직접 관련이 없는 한 하지 않으며, 이를 채용·해고 사유로 삼지 않는다.",0
"채용 기준은 공정하고 객관적이며, 학력이 전부가 아니다.",0
채용 면접에서 약속한 연봉과 실제 계약서 연봉이 상이한 경우 계약서 기준을 원칙으로 한다.,0
"채용 면접에서 약속한 연봉은 계약의 내용이며, 계약서와 상이한 경우 면접 기준으로 해석해야 한다.",0
채용 조건을 공정하게 한다.,0
채용 후 1년 이내 퇴사 시 교육비 전액(500만 원)을 최종 급여에서 공제한다.,1
채용 후 1년 이내 퇴사 시에도 교육비 공제는 법정 비율 범위 내에서만 가능하다.,0
"채용 후 근로자의 적응 여부는 회사가 충분한 교육과 지도 기간을 제공한 후 판단하며, 예고 없는 해지는 부당해고에 해당한다.",0
채용 후 실제 업무 투입 전 인수인계를 받는 2주간의 기간은 참관 및 교육 기간으로 보아 약정 급여의 50%만 지급한다.,1
첫 주 수수료로 배송 가방 구매비를 강제 공제한다.,1
"청소 표준은 합리적으로 설정되며, 과도한 강화는 금지다.",0
체력 저하를 노화로만 본다.,1
체력 저하를 무시하고 업무를 배정한다.,1
체력 저하를 업무량으로 조정한다.,0
"초과 근로 또는 특별 공헌에 대한 대가로 지급되는 수당은 소정근로의 대가가 아니므로 통상임금에 포함하지 않으며, 각종 법정수당 산정 기초에서 제외한다.",1
초과 상담 시간에는 수당을 지급한다.,0
초기 단계 직원은 낮은 급여로 시작하라고 강요한다.,1
초기 스타트업 직원은 부서 장비 구매 및 유지보수 비용을 개인이 부담하는 것을 조건으로 한다.,1
초기 스타트업 직원의 회사 사업용 장비 구매 비용은 회사가 부담한다.,0
초기 스타트업의 경우 근로계약 없이 구두 약정으로의 채용을 유효한 것으로 간주한다.,1
"초기 스타트업이라도 법정 근로시간 및 가산수당 지급 의무는 준수하며, 미지급 수당을 스톡옵션으로 일방적으로 대체하지 않는다.",0
촬영 일정은 충분한 사전 공지를 통해 결정한다.,0
"촬영 일정을 자주 변경하며, 근로자 일정은 무시한다.",1
"촬영 중 부상은 보험 미적용이라고 하며, 개인 책임이라 한다.",1
"촬영 중 식사 제공을 하지 않으며, 자비로 해결하게 한다.",1
촬영 중 식사와 기본 생활용품은 제작진이 제공한다.,0
"촬영 중 안전은 제작진의 책임이며, 보험으로 처리한다.",0
추가 행사 또는 프로모션 지원이 업무 시간 내 이루어지면 근로시간으로 인정하여 임금을 지급한다.,0
"추심 업무는 규정을 준수하여 진행되며, 근로자의 정신 건강을 보호한다.",0
축제 행사 스탭의 행사 준비(1주일 전부터)는 자발적 협력으로 임금 미지급 기준이다.,1
축제 행사 스탭의 행사 준비가 업무 지시에 의한 경우 근로시간으로 인정하여 임금을 지급한다.,0
"출근 전 방호복 착용, 위생 점검 등 사용자의 지시로 행해지는 업무 준비 시간은 근로시간에 포함하여 임금을 산정한다.",0
"출근 전 준비 시간(방호복 착용, 위생 점검 등 30분)은 회사 규정에 따른 자율 준비로 간주하며, 별도의 임금을 산정하지 않는다.",1
"출산 전후 휴가 및 육아휴직을 사용하는 경우, 해당 기간 동안 업무 기여도가 없음을 인정하여 당해 연도 인사평가에서 자동으로 최하위 등급을 부여한다.",1
"출산 전후 휴가에서 복귀한 근로자에게는 원활한 육아와 워라밸을 돕는다는 명목으로, 동의 없이 급여가 낮은 단순 보조 직무로 임의 배치 전환한다.",1
"출산 휴가 복귀 후 이전 업무로 복귀시키며, 불이익을 주지 않는다.",0
출산 휴가 복귀 후 이전과 다른 업무로 배치한다.,1
"출연료는 명확히 책정되며, 노출로 충당하지 않는다.",0
출연료는 정시에 지급한다.,0
출연료를 노출로 충당한다고 계약서에 명시한다.,1
출연자 개인정보를 보호하지 않는다.,1
"출연자의 개인 의견은 존중되며, 회사 의견과 분리한다.",0
출연자의 개인 의견을 회사 의견으로 외부에 표현하게 한다.,1
"출연자의 신체를 존중하며, 미용에 관한 지적을 하지 않는다.",0
"출자·운영에 참여하는 조합원 자격 택시 운전원은 근로기준법상 근로자가 아닌 조합원으로 처우하며, 퇴직금·연차수당 등 법정 급여 청구를 허용하지 아니한다.",1
"출퇴근 기록 누락 시 해당일은 무단결근으로 처리하며, 사후 소명이 있더라도 이미 삭감된 급여는 소급하여 지급하지 않는다.",1
"출퇴근 시간은 참고만 하며, 성과 평가의 주요 요소가 아니다.",0
"충분한 상품 교육을 제공하며, 판매 부족을 개인만 책임지지 않는다.",0
취약계층 돌봄 서비스 중 클라이언트의 민원 제기 3회 이상 누적 시 해당 담당 사회복지사의 케이스를 강제 배정 해제하고 무급 대기 발령한다.,1
"취업규칙 내용은 입사 시 및 변경 시마다 근로자에게 충분히 설명하며, 불리한 변경 사항을 숨기거나 서면 교부 없이 적용하지 않는다.",0
"취업규칙 및 급여규정 개정은 경영 환경에 따라 사측이 결정할 수 있으며, 교통비·직무수당·장기근속수당 등 수당 항목은 사전 고지 후 폐지 가능하다.",1
취업규칙 변경 후 기존 근로자가 변경 고지일로부터 3개월 이내에 이의를 제기하지 않는 경우 개정 취업규칙에 동의한 것으로 간주하며 변경된 퇴직금 규정이 소급 적용된다.,1
취업규칙 변경은 근로자 대표 협의를 거쳐야 한다.,0
"취업규칙 불이익 변경 시 동의 주체가 되는 '근로자의 과반수' 산정 시에는, 관리자급 등 사용자 지위에 있는 자를 제외하여 의사결정의 공정성을 확보한다.",0
"취업규칙 불이익 변경 절차에서 '근로자 대표'는 실질적으로 과반수를 대표하는 자이어야 하며, 회사가 임의로 지정한 자의 서명으로 절차를 갈음하지 않는다.",0
"취업규칙상 징계 규정은 단체협약 취지에 부합하는 범위에서 사측이 단독으로 제·개정할 수 있으며, 문면이 협약과 상이하더라도 사측의 해석이 우선 적용된다.",1
"취업규칙에 규정되지 않은 새로운 제재 조치를 직원에게 임의로 적용하지 않으며, 새로운 제재 기준은 적법한 절차를 통해 취업규칙에 먼저 반영한다.",0
"취업규칙에서 정한 무단결근 일수에 도달한 경우 별도 해고 통보 없이 자동 퇴직 처리되며, 이후 간헐적 출근 사실은 자동 퇴직의 효력에 영향을 미치지 아니한다.",1
취업규칙은 근로자가 언제든지 자유롭게 열람할 수 있는 장소에 게시하거나 사내 인트라넷에 상시 비치하여 법령에 따른 주지 의무를 다한다.,0
취업규칙을 근로자에게 불리하게 변경하는 경우에는 반드시 근로자 과반수로 조직된 노동조합 또는 근로자 과반수의 동의를 얻어야 한다.,0
"취업규칙을 근로자에게 불리하게 변경할 시, 노사협의회 근로자위원 1인의 서명만으로 전체 직원의 과반수 동의를 합법적으로 갈음한다.",1
"취업규칙을 제정하거나 변경할 때에는 근로자의 과반수 또는 노동조합의 의견을 청취하며, 그 내용을 사업장 내에 상시 게시하여 주지시킨다.",0
"취업규칙이나 근로계약에서 정한 유급휴일과 관공서의 공휴일이 겹치는 경우, 근로자에게 불리하지 않게 하나의 유급휴일로 보장한다.",0
"치료 목적의 결근이라도 사전 승인 없이 무단결근한 경우 취업규칙상 징계 사유에 해당하며, 단체협약의 무단결근 조항 적용 여부는 사측이 최종 판단한다.",1
치매 환자의 행동 문제로 인한 손실은 근로자 책임이다.,1
치매 환자의 행동 문제로 인한 손실은 기관의 책임이다.,0
"치매 환자의 행동은 질병 특성이며, 근로자 책임이 아니다.",0
"카드 영업 직원의 신규 발급 목표 미달 시 인센티브를 조정할 수 있으나, 기본급은 법정 기준 이상을 보장하며 일방적 삭감을 금지한다.",0
카드 영업 직원의 신규 카드 발급 목표 미달성 월에는 기본 급여에서 목표 미달 비율만큼을 차감하여 최저임금 기준 이상만 지급하기로 상호 합의한다.,1
"카지노 딜러의 야간 근무로 인한 건강 악화는 업무 관련 질환으로 인정하며, 건강 검진을 지원한다.",0
카지노 딜러의 야간 근무로 인한 수면 건강 악화는 개인 책임으로 회사 보상 대상 아님이다.,1
카페 근무 직원의 웃음 서비스가 부족하면 태도 점검 대상이 된다.,1
카페 음료 낭비율(음료 실수·폐기율)이 월 3%를 초과할 경우 해당 바리스타 직원의 성과급에서 초과분의 식재료 비용 전액을 공제한다.,1
카페 직원의 음료 실수로 인한 비용을 급여에서 공제한다.,1
"카페 직원의 음료 제조 실수로 인한 재료 비용은 회사가 부담하며, 이를 이유로 직원의 시급에서 임의로 공제하지 않는다.",0
카페·식음료 매장 직원의 음료 제조 실수로 발생한 재료 낭비 비용은 해당 직원의 당일 시급에서 공제하며 이를 '품질관리 비용 분담'이라 칭한다.,1
"카페의 고객 재방문율은 제품, 서비스, 분위기 등 여러 요소로 평가한다.",0
카페의 고객 재방문율이 낮으면 매니저의 경영 능력 부족으로 평가한다.,1
"케이블 설치·수리 위탁계약자는 독립 사업자로서 작업 일정·방법을 자율 결정하며, 작업 중 발생한 재해에 대해 위탁 회사는 산재보상 의무를 지지 아니한다.",1
"코드 리뷰 거부 의견은 기술 소통의 일부이며, 열정 부족으로 평가하지 않는다.",0
코드 리뷰 거부 의견을 개발자의 열정 부족으로 평가한다.,1
"코드 리뷰 문화는 팀 차원에서 구축하며, 개인 책임이 아니다.",0
"코드 리뷰 시간은 근로시간에 포함되며, 개인 시간으로 처리하지 않는다.",0
코드 리뷰 시간을 근무시간에 포함하지 않고 개인 시간으로 처리할 수 있다.,1
"코드 리뷰 피드백 미반영으로 인한 버그 발생 시, 작성자의 책임이 크면 급여 차감 검토 대상이다.",1
"코드 리뷰 피드백 미반영은 개발자의 판단이며, 버그 발생 시에만 책임을 논한다.",0
"코드 리뷰는 품질 향상의 과정이며, 지적사항이 개인 능력 부족만을 의미하지 않는다.",0
"코드 리뷰에서 버그가 발견되어 서비스 장애로 이어진 경우, 최초 코드 작성자의 당월 성과급에서 장애 복구 비용의 50%를 차감한다.",1
코드 병합(merge) 충돌로 인한 손실을 해당 개발자가 배상한다.,1
"코드 병합은 시스템적으로 관리하며, 손실 시 회사가 백업으로 복구한다.",0
코드 복잡도 높음도 개발자 기술 부족이라 본다.,1
"코드 복잡도는 기술부채로 보며, 점진적으로 개선 계획을 세운다.",0
"코드 품질 기준 미달에 따른 불이익은 취업규칙에 정해진 징계 절차를 거쳐 처분하며, 임의로 급여에서 금전적 패널티를 부과하지 않는다.",0
코드 품질 기준은 개발 속도와 균형을 맞춰 설정한다.,0
코드 품질 기준을 초과로 설정하여 개발 속도를 저하시킬 수 있다.,1
코딩 스타일 위반 시 코드 리뷰를 거부하고 급여 감점을 한다.,1
"콘서트 참석율은 시장, 홍보, 스케줄 등 여러 요소를 종합 평가한다.",0
콘서트 참석율이 저조하면 기획팀의 역량 부족으로 평가하여 보수를 조정한다.,1
"콘텐츠 저작권을 회사가 독점하며, 개인은 활용 불가하다.",1
콜센터 상담사의 통화 이탈(고객 끊김) 발생 시 상담사 책임으로 간주한다.,1
"콜센터 상담사의 통화 이탈은 시스템 또는 고객 측 원인이 있으므로, 상담사 책임만으로 판단하지 않는다.",0
"콜센터 상담원은 화장실 이용 시간을 1일 총 15분으로 제한하며, 이를 초과할 경우 해당 시간만큼 시급에서 차감하고 인사평가에 반영한다.",1
"콜센터 상담원의 만족도 평가는 개선 지원을 위한 참고 자료로 활용하며, 평가 점수를 이유로 성과급을 0원으로 처리하지 않는다.",0
콜센터 상담원의 상담 후 만족도 조사 점수(고객 평점)가 월 평균 3.5점 미만이면 성과급을 0원으로 처리하고 직무 개선 교육을 무급으로 이수하게 한다.,1
"콜센터 상담원의 하루 상담 건수 목표(80건) 달성 여부를 실시간으로 집계하여, 목표 미달성 일수가 월 5일을 초과하면 해당 월 수당의 20%를 차감한다.",1
"쿠팡·배달의민족 등 플랫폼 음식 배달 종사자가 교통사고를 당하더라도, 회사는 개인 계약 사업자의 자기 책임 원칙에 따라 산재 지원 의무를 지지 않는다.",1
퀵 배송 건당 수수료 중 배송 실패(수취인 부재)로 인한 반송 비용은 라이더가 부담하는 것으로 간주한다.,1
"퀵 배송 라이더의 배송 실패(수취인 부재)로 인한 반송 비용은 회사가 부담하며, 라이더에게 전가하지 않는다.",0
클라우드 마이그레이션을 개발자에게만 요구한다.,1
"클라우드 비용은 회사에서 관리하며, 개발자 책임이 아니다.",0
클라우드 서버 비용 초과를 개발자 책임이라 한다.,1
클라우드 서비스 관리자의 데이터 손실 사고 시 복구 비용을 급여에서 전액 회수한다.,1
"클라우드 서비스 관리자의 데이터 손실은 시스템 설계의 책임이며, 개인 급여에서 회수하지 않는다.",0
"클라우드 인프라 비용 초과가 발생한 경우 원인 분석 후 프로세스 개선을 우선시하며, 개인 귀책이 명확히 입증된 경우에만 합리적 범위에서 책임을 묻는다.",0
"클라이언트 민원이 접수된 경우 사실 관계를 공정하게 조사하고, 귀책 없는 복지사에게 무급 대기 발령 등의 불이익을 주지 않는다.",0
"클라이언트 요청에 의한 긴급 추가 개발은 기존 계약 범위를 벗어나더라도 별도 보상 없이 처리하며, 이는 고객 만족을 위한 서비스 정신의 일환으로 본다.",1
"타 지역의 지사나 공장으로 발령 시 이사 비용 등 체재비는 지원하지 않으며, 근무지 변경 지시 거부 시 자진 퇴사로 처리한다.",1
"탄력적 근로시간제를 도입할 경우 근로자대표와의 서면 합의를 거치며, 특정 주의 근로시간이 법정 한도를 초과하지 않도록 한다.",0
택배 기사의 개인 통신비를 업무상 필수 경비로 청구한다.,1
택배 기사의 개인 휴대폰 배송앱 사용료는 업무 수행에 필수적이므로 회사에서 전액 지원한다.,0
택배 기사의 개인 휴대폰 배송앱 사용료는 업무상 필수 경비이므로 본인이 부담한다.,1
택배 기사의 건강보험료 납부를 개인 부담으로 강제할 수 있다.,1
"택배 기사의 건강보험료는 회사가 부담하며, 개인 부담은 금지다.",0
"택배 기사의 건당 수수료 이외에 기본급을 보장하며, 순수 수수료제는 금지다.",0
택배 기사의 배송 성공률이 낮으면 기본급이 아닌 건당 수수료만 지급할 수 있다.,1
택배 기사의 배송 시간 기록이 부정확하면 임금 체불이 가능하다.,1
택배 기사의 배송앱 사용료는 회사의 필수 시스템이므로 회사가 부담한다.,0
택배 기사의 신체 건강 악화를 직업병으로 인정하지 않는다.,1
"택배 물량이 급증하는 성수기(명절, 연말)에는 주 52시간 한도 초과 근무를 지시할 수 있으며, 한도 초과분에 대해서는 대체 휴무로 갈음하고 가산 수당을 지급하지 않는다.",1
택배 배송 시간 단축 목표 달성 실패는 드라이버의 업무 능력 부족으로 평가한다.,1
"택배 배송 시간 단축 목표는 합리적 수준으로 설정되며, 달성 불가능한 목표는 금지다.",0
"택배 분류 작업 중 소량의 포장지 손상은 정상적 업무 손실로 보아 책임을 묻지 않으나, 고가 제품 파손은 즉시 급여 차감한다.",1
"택배 분류 작업 중 포장지 손상은 정상적인 업무 과정의 일부이며, 개별 근로자에게 책임을 묻지 않는다.",0
택배 분류소 근로자의 하루 분류 목표 미달 시 미달분을 차감 대상으로 한다.,1
"택배 분류소 근로자의 하루 분류 목표는 합리적 수준으로 설정하며, 초과 달성 시 추가 수당을 지급한다.",0
택배 수거 시간 단축으로 인한 근무 시간 단축을 일방적으로 적용한다.,1
"택배 수거 시간 단축은 시스템 개선의 결과이며, 일방적으로 근무 시간을 단축하지 않는다.",0
택배 수령인이 없는 경우 반송료는 배송비에 포함된 것으로 간주하여 추가 지급을 하지 않는다.,1
"택배 수령인이 없는 경우 반송료는 회사가 부담하며, 배송료로 정산하지 않는다.",0
테스트 실패를 테스트 작성자의 책임이 아니라 개발자 책임이라 한다.,1
테스트 작성은 팀 표준을 정하고 함께 진행한다.,0
테스트 코드 미작성도 팀 차원의 프로세스 개선 문제로 본다.,0
테스트 코드 미작성으로 버그가 발생하면 전액 배상 책임을 진다.,1
테스트 환경 구축 오류로 인한 프로젝트 지연을 개발팀 책임으로 한다.,1
"테스트 환경 오류는 시스템 개선으로 대응하며, 개발팀만 책임 지우지 않는다.",0
텔레메디슨 플랫폼의 매칭 오류는 알고리즘 개선으로 대응한다.,0
텔레메디슨 플랫폼의 의료진 매칭 오류로 인한 고객 불만은 매칭팀의 책임이다.,1
텔메디슨 플랫폼의 의료진 매칭 실패 시 프로덕트 매니저의 성과급을 차감한다.,1
"텔메디슨 플랫폼의 의료진 매칭 실패는 시스템 설계의 결과이며, 프로덕트 매니저 성과급을 차감하지 않는다.",0
통상임금 계산 시 상여금은 제외하고 기본급만으로 산정하기로 한다.,1
"통상임금 범위와 무관하게 사전 합의된 고정 수당으로 연장·야간·휴일근로에 대한 가산임금이 충족되었음을 확인하며, 미달분에 대한 추가 청구를 허용하지 아니한다.",1
"통상임금에 해당하는 정기 상여금 및 명절 상여금은 취업규칙이나 근로계약에 정해진 바에 따라 지급하며, 일방적으로 축소하거나 폐지할 수 없다.",0
"퇴근 시간 이후나 휴일에는 긴급한 장애 대응 등 사전 합의된 예외적인 경우가 아닌 한, 사내 메신저나 전화를 통한 업무 지시를 자제한다.",0
"퇴근 후 또는 주말의 사내 메신저 업무 지시는 긴급 상황 외에는 지양하며, 처리 시 별도의 연장 수당을 지급한다.",0
퇴근 후 보안 위협으로 보이는 상황 발생 시 즉시 회사에 보고하고 대응해야 한다.,1
퇴사 시 업무 인수인계를 완벽히 종료하지 않아 발생하는 모든 영업 손실 및 지연 손해는 해당 직원이 민사상 전적으로 책임진다.,1
"퇴사 시 인수인계 미비로 인한 손해배상은 회사가 구체적인 손해액을 입증한 경우에만 민사상 절차를 따르며, 이를 이유로 마지막 급여 지급을 보류할 수 없다.",0
"퇴사 후 3년간 현 고용주와 동종 서비스(SaaS, 앱 개발, AI 솔루션 등)를 제공하는 스타트업을 창업하거나 해당 기업에 취업하는 것을 금지하며, 위반 시 재직 중 수령한 연봉 1년 치를 위약금으로 납부한다.",1
"퇴사 후 5년 이내에는 현재의 동종 업계뿐만 아니라, 회사가 향후 진출을 계획 중이라고 공지한 신규 사업 분야의 업체로도 이직할 수 없다.",1
퇴사 후에도 재직 중 습득한 모든 기술과 지식의 외부 활용은 금지된다.,1
"퇴사한 직원이 회사의 임금 체불 사실을 외부 SNS나 인터넷 커뮤니티에 유포할 경우, 밀린 임금 전액의 지급을 포기하고 명예훼손 손해배상을 청구한다.",1
"퇴직 시 고객 정보(주소, 전화 등)를 회수하지 않고 미수금만 청구한다.",1
퇴직 시 미수금도 법적 절차에 따라 정산한다.,0
"퇴직 시 미처 인수인계된 업무는 회사의 정원 조정 책임이며, 퇴직금에서 공제하지 않는다.",0
"퇴직 시 회사의 영업비밀 보호를 위한 서약서를 작성할 수 있으나, 이를 이유로 법정 퇴직금이나 마지막 월 급여의 지급을 거절하거나 지연하지 않는다.",0
퇴직 직원의 미지급 휴가비를 차년도에 지급하기로 미룬다.,1
퇴직 후 재계약 조건을 불리하게 한다.,1
퇴직 후 재직 기간 중 비위 사실이 확인되는 경우 이미 지급된 퇴직급여의 감액분을 부당이득으로 반환 청구할 수 있으며 소멸시효 항변을 제한한다.,1
퇴직금 계산 시 회사가 제시한 퇴직금 공식을 근거로 법정 기준보다 낮게 지급할 수 있다.,1
"퇴직금 계산은 법정 기준에 따라 이루어지며, 회사의 임의 공식은 적용되지 않는다.",0
퇴직금 산정 기준급여는 기본급에 한하며 상여금을 제외한다. 이렇게 산정된 퇴직금이 법정 하한선을 초과하는 경우 추가 지급 의무는 발생하지 아니한다.,1
"퇴직금 산정 기준급여액은 기본급 및 직책수당만으로 구성하며, 각종 수당은 평균임금 산정에서 제외한다. 이에 동의하지 않는 경우 본 계약이 성립되지 아니한다.",1
"퇴직금 산정 시 평균임금 기초는 소득세법상 과세 퇴직소득을 기준으로 할 수 있으며, 비과세 항목은 평균임금 산정에서 제외한다.",1
"퇴직금 산정을 위한 평균임금 계산 시, 최근 3개월 내에 발생한 연장 및 야간근로수당은 비정기적 수당으로 보아 산입하지 않는다.",1
퇴직금 선지급 형태로 매월 급여에서 10%를 선공제한다.,1
퇴직금 중간정산은 근로자의 명시적 신청 유무와 관계없이 회사의 재무적 판단에 따라 연말에 임의로 정산하여 지급할 수 있다.,1
퇴직금 중간정산은 무주택자의 주택 구입 등 법령에서 엄격히 정한 사유에 한하여 근로자의 자발적 신청이 있을 때만 실시한다.,0
"퇴직금 지급 책임은 퇴직 시점의 형식상 대표이사에게만 귀속하며, 실질적 경영권자라 하더라도 등기 임원이 아닌 경우 퇴직금 미지급에 따른 형사책임을 지지 아니한다.",1
"퇴직금은 1년 이상 계속 근로한 근로자가 퇴직할 때 지급하며, 매월 급여에 퇴직금을 포함하여 선지급하는 형태의 포괄위장계약은 체결하지 않는다.",0
"퇴직금은 근로기준법에 따라 계산되며, 선납은 법정 요건에 따라 별도로 처리한다.",0
"퇴직금은 근로자가 퇴직한 날로부터 14일 이내에 지급함을 원칙으로 하며, 법적 요건을 갖춘 근로자의 명시적 신청이 있을 때만 법령에 따라 중간정산을 실시한다.",0
"퇴직금은 매년 연말정산 시점마다 강제로 중간정산하여 지급하며, 1년 미만 근무 후 퇴사하는 경우에는 이미 지급한 중간정산금을 전액 반환한다.",1
"퇴직금은 매월 지급하는 급여에 포함하여 선지급한 것으로 하며, 퇴사 시 어떠한 명목으로도 퇴직금을 별도 청구하지 않는다.",1
"퇴직금은 명확한 기준에 따라 정산되며, 임의 공제는 하지 않는다.",0
"퇴직금은 법정 기준에 따라 전액 지급되며, 미지급은 위법이다.",0
퇴직금을 계산하지 않는다.,1
퇴직금을 정확히 계산한다.,0
"퇴직연금제도(DC/DB)를 설정한 회사는 법정 기한 내에 부담금을 완납하며, 매년 1회 이상 근로자에게 제도 운영 상황 등에 관한 교육을 실시한다.",0
투자 상담사의 개인 고객 상실로 인한 자산 관리 수수료 감소는 월급에서 차감된다.,1
"투자 상담사의 고객 상실은 마켓 변동의 결과이며, 수수료 감소를 이유로 임금을 삭감하지 않는다.",0
투자 손실 발생 시 투자 담당자의 판단 오류로 급여를 감액한다.,1
"투자 손실은 시장 변동을 포함하여 평가하며, 개인만 책임 지우지 않는다.",0
투자 유치 시 근로자 보너스를 약속하지만 지급하지 않는다.,1
투자 자문사의 개인적 판단으로 고객 자산을 임의 조정할 수 있다.,1
투자 자문사의 추천 상품 수익률은 시장 변동의 영향을 포함하여 평가한다.,0
투자 자문사의 추천 상품 수익률이 벤치마크보다 낮으면 보너스를 차감한다.,1
"투자 자문은 고객 이익을 중심으로 진행되며, 임의 조정은 금지다.",0
투자금 배분도 명확한 계약으로 진행한다.,0
"트레이더의 매매 손실은 회사가 부담하며, 사전 합의 없이 직원에게 손실 분담을 강제하는 손실 참여제를 도입하지 않는다.",0
특별 상여금은 임의로 배분한다.,1
특수형태근로종사자라 하더라도 관련 법령에 따른 산재보험 및 고용보험의 혜택을 받을 수 있도록 회사는 성실히 가입 신고 의무를 이행한다.,0
"특정 직렬 여성 근로자의 정년은 해당 직무 특수성을 고려하여 일반 직렬과 달리 적용할 수 있으며, 이는 합리적 직무 요건에 따른 것으로 차별로 간주하지 아니한다.",1
"특정 프로젝트 완료를 조건으로 한 계약직이라 하더라도, 회사의 귀책사유로 프로젝트가 조기 중단될 경우 잔여 기간에 대한 합리적인 보상 또는 휴업수당을 지급한다.",0
"특정 프로젝트 완수를 위해 고용된 계약직은 회사의 사정으로 프로젝트가 조기 중단될 경우, 30일 전 예고나 보상 없이 당일 근로계약이 해지된다.",1
"팀 내 갈등으로 인한 이탈은 회사의 관리 책임이며, 이탈자의 업무 인수인계 불완전을 일방 책임 지우지 않는다.",0
팀 내 분쟁으로 인한 생산성 저하 책임을 해당 근로자 급여에서 공제한다.,1
"팀 내 분쟁의 책임은 관리자의 리더십에 있으며, 개별 근로자 급여에 반영하지 않는다.",0
팀 내 비밀 자료 유출이 발생하면 팀 전체의 보너스를 공제할 수 있다.,1
팀 내 정보 유출에 대한 책임은 개별자가 아닌 정보 관리 시스템을 검토한다.,0
"팀 리더의 승인 없이 연차를 사용하는 것은 근로기준법상 권리이며, 사업 운영상 불가피한 시기 변경 요청이 있더라도 연차 자체를 인사상 불이익 사유로 삼지 않는다.",0
팀 미팅에 자주 늦으면 기본급의 일부를 공제한다.,1
팀 회의 중 개인 의견 제시로 회의가 지연되면 해당 직원의 책임으로 간주한다.,1
"팀 회의는 효율적으로 진행되어야 하며, 의견 제시 자체는 책임 대상이 아니다.",0
"파견 근로자 사용 시 파견법에 따른 사용사업주의 의무를 준수하며, 파견 근로자를 정당한 이유 없이 차별하거나 자의적으로 파견계약을 해지하지 않는다.",0
"파견 근로자 사용 시, 회사는 파견 근로자와 동종 업무를 수행하는 본사 소속 근로자 간의 불합리한 차별(수당, 복리후생 등)을 하지 않는다.",0
"파업 종료 후 인사불이익 유예 협의는 법적 구속력 없는 행정적 의사표시에 불과하며, 사후 비위 사실이 확인된 경우 사측은 관련 징계를 소급 실시할 수 있다.",1
"파업 참여 시 무급 처리하며, 추후 임금 삭감을 한다.",1
"파업은 법정 권리이며, 법적 절차에 따라 처리한다.",0
판매 목표 달성 방식을 통제하지 않으면서 결과만 강요한다.,1
"판매 목표는 합리적 수준으로 설정되며, 달성 불가능한 목표는 금지다.",0
판매 목표는 현실적이다.,0
판매 목표를 현실성 없이 높인다.,1
"판매 방식은 윤리적 범위 내에서 자유로우며, 강압적 판매를 금지한다.",0
"판매 부진은 시장, 상품 등 여러 요소를 포함하여 평가한다.",0
"판매 실적에 연동된 변동 수수료만 지급받는 위탁 판매원은 독립 사업자로서, 계약 종료 시 퇴직금 및 연차수당을 청구할 권리가 발생하지 아니한다.",1
판매 실적이 연속 3개월 미달하면 자동 해고를 통보한다.,1
"판매직 근로자가 할당된 월간 판매 목표를 달성하지 못한 경우, 미달된 금액만큼 본인이 직접 당사 제품을 구매하여 매출을 채우는 것을 원칙으로 한다.",1
"팔로워 증가는 전문 마케팅 팀의 책임이며, 개인만 책임지지 않는다.",0
패션 쇼 무대 세팅 중 발생한 소품 손상은 세팅팀의 부주의로 간주한다.,1
"패션 쇼 무대 세팅 중 소품 손상은 예상 범위 내이며, 세팅팀을 일방적으로 책임 지우지 않는다.",0
팬 이벤트 강제 참석을 강요한다.,1
팬 이벤트는 협의한다.,0
"팬 폭력 대응은 제작사가 책임지며, 출연자를 보호한다.",0
팬 폭력에 대응한다.,0
펀드 매니저의 포트폴리오 수익률이 벤치마크 지수를 연속 2분기 하회할 경우 운용 수수료 기반 성과급을 0원으로 하고 팀 전체의 상여금을 보류한다.,1
평가 기준을 명확히 하지 않는다.,1
평가 기준을 명확히 한다.,0
평가는 다양한 요소를 고려한다.,0
"폐점 이후 30분 미만 초과 근무도 연장근로에 해당하면 법정 가산수당을 지급하며, 마감 절차 시간을 무급으로 처리하지 않는다.",0
폐점 이후 잔업이 30분 미만인 경우는 마감 절차로 보아 연장근로수당을 지급하지 않으며 기본 근무에 포함하여 처리한다.,1
폐점은 근로자에게 충분히 사전 공지되어야 한다.,0
폐지 시 근로자의 재배치 또는 보상이 제공되어야 한다.,0
포괄임금으로 처리되는 경우라도 실제 근로시간이 포괄 범위를 초과하면 초과분에 대해 추가 수당을 지급한다.,0
"포괄임금제 계약 시 기본급과 연장, 야간, 휴일근로수당 등의 항목과 금액, 산정 기준시간을 근로계약서에 명확히 구분하여 상세하게 기재한다.",0
"포괄임금제 계약에 따라 1주 12시간의 연장근로수당이 이미 포함되어 있으므로, 실제 연장근로가 발생하지 않더라도 회사는 주 12시간의 추가 근로를 지시할 당연한 권리가 있다.",1
"포괄임금제 계약을 맺었더라도 실제 근로시간을 객관적으로 측정할 수 있는 경우에는, 포괄 수당을 초과하여 발생한 연장·야간·휴일근로에 대해 추가 수당을 지급한다.",0
"포괄임금제 적용에 따라 야간 및 휴일 근로를 거부할 수 없으며, 이를 3회 이상 거부할 시 인사위원회에 회부하여 징계 해고한다.",1
"폭설, 폭우 등 천재지변으로 인하여 출근하지 못한 경우, 회사의 휴업 수당 지급 의무는 면제되며 개인 연차를 강제 소진시킨다.",1
"폭염, 혹한, 미세먼지 등 기상 악화 시 현장 및 옥외 작업 근로자에게 적절한 휴식 시간과 안전한 실내 휴게 시설을 보장한다.",0
품질 검사 기준을 임의로 높인다.,1
"품질 검사 불합격 제품 폐기 비용의 20%는 해당 공정 담당자가 부담하며, 손해액은 당월 급여에서 자동 차감한다.",1
품질 관리 오류로 인한 손실은 회사가 개선 방안으로 대응한다.,0
품질 관리팀의 부실 점검으로 인한 고객 환불액을 팀 보너스에서 차감한다.,1
품질 기준 강화로 인한 비용 증가를 직원 급여에서 충당한다.,1
품질 기준 미달 제품 판정 시 해당 근로자의 급여를 30% 감액한다.,1
"품질 기준은 객관적이며, 임의로 변경하지 않는다.",0
"품질 기준은 합리적 수준으로 정하며, 미달 시에도 급여를 지급한다.",0
"품질 불합격 제품 폐기 비용은 회사가 부담하며, 근로자의 중과실이 명확히 입증된 경우에 한해 공정한 절차에 따라 책임 범위를 결정한다.",0
"품질검사 기준 강화는 교육과 함께 시행되며, 불량률 증가는 다양한 요소로 평가한다.",0
품질검사 기준을 강화하여 불량률이 증가하면 검사팀의 급여를 감액한다.,1
프로그래밍 언어 업그레이드 작업은 회사가 일정과 리소스를 제공한다.,0
프로그래밍 언어 업그레이드에 따른 코드 수정 작업을 무상으로 강제할 수 있다.,1
"프로그램 개발 비용은 회사가 부담하며, 강사 급여에서 공제하지 않는다.",0
프로덕션 배포 시 리뷰어 역할을 한 사람도 함께 책임을 진다.,1
프로덕션 배포 시 리뷰어 역할을 한 사람은 고의가 없으면 책임을 면한다.,0
"프로덕션 장애 발생 시 배상은 민사 절차를 따르며, 급여 공제 형태의 징벌은 하지 않는다.",0
프로덕트 성장이 예상치 못한 경우 프로덕트 매니저의 전략 오류로 보수 감액이 가능하다.,1
"프로덕트 성장이 예상치 못한 경우는 시장 변동의 결과이며, 프로덕트 매니저의 전략 오류로만 간주하지 않는다.",0
프로젝트 결과에 따라 개인 급여를 회수하지 않는다.,0
"프로젝트 계약직은 해당 프로젝트 완수 시 계약이 종료되며, 프로젝트가 예상보다 일찍 중단되더라도 잔여 기간에 대한 임금 보전 없이 당일 해지된다.",1
"프로젝트 기한 설정은 객관적 일정 산정에 따르며, 무리한 기한은 협의한다.",0
프로젝트 기한을 놓칠 경우 그 손실을 개발자 급여에서 차감하기로 한다.,1
"프로젝트 마감 임박 시 근로자의 정당한 휴가 신청을 거부할 수 없으며, 법적 휴가권을 보장한다.",0
프로젝트 마감 임박 시 근로자의 휴가 신청을 거부할 수 있다.,1
프로젝트 마감이 임박한 상황에서 야간/휴일 근무 지시 시 사전 합의 하에 연장근로수당 또는 대체휴무를 제공한다.,0
프로젝트 마감이 임박한 상황에서 야간/휴일 근무는 프로젝트 참여 조건 수용으로 간주하며 추가 수당 미지급 원칙이다.,1
프로젝트 실패 시 참여한 근로자의 급여를 반환 요청한다.,1
"프로젝트 완수를 위해 야간 근무가 필요한 경우, 야간 근무수당 지급 대신 평일 중 상응하는 시간을 무급 휴무로 부여한다.",1
"프로젝트 완수를 위해 야간 근무가 필요한 경우, 야간 근무수당 지급 대신 평일 중 상응하는 시간을 유급 휴무로 부여한다.",0
프로젝트 중도 이탈 시 해당 프로젝트의 비용 손실을 이직 직원이 보상해야 한다.,1
프로젝트 중도 이탈 시 회사가 외부 개발자 충원에 지출한 비용(시간당 단가 × 잔여 업무 시간)을 근로자가 위약금으로 변제해야 한다.,1
"프로젝트 중도 이탈은 사유를 검토한 후 책임을 판단하며, 일방적 배상 청구는 금지다.",0
"프로젝트 지연은 여러 요소를 고려하여 책임을 판단하며, 개인만 책임지지 않는다.",0
프로젝트 지연의 책임은 객관적으로 조사하여 공정하게 배분한다.,0
프로젝트 투입 대기 기간은 휴업이 아닌 개인의 자율 학습 기간으로 보아 기본급의 50%만 지급하는 것에 동의한다.,1
"프로젝트 투입 전 온보딩 기간에도 정해진 급여를 전액 지급하며, 온보딩 미완성을 이유로 계약을 해지할 경우 근로기준법 해고 절차를 준수한다.",0
"프로젝트성 프리랜서 도급 계약을 체결하였으나 실질적으로 회사의 지휘·감독을 받는 경우, 근로기준법상 근로자로 인정하여 제반 법적 권리를 보장한다.",0
"프리랜서 위촉 계약의 헤어 디자이너이지만, 출퇴근 시간 준수 및 매장 청소 의무를 위반할 경우 지각비 및 청소 불량 벌금을 부과한다.",1
플랫폼 기반 배송 서비스 이용자의 개인사업자 분류는 법적 근거와 무관하게 회사 규정에 따른다.,1
플랫폼 기반 배송 서비스 이용자의 근로자성 판정은 근로기준법에 따라 이루어진다.,0
"플랫폼 기업 직원의 성과급은 명확한 기준에 따라 결정되며, 일방적 조정은 금지다.",0
플랫폼 기업 직원의 성과급은 분기별 회사 성과에 따라 일방적으로 조정될 수 있다.,1
"플랫폼 노동자(라이더, 청소, 간병)에게는 앱을 통한 배차 지시를 내리더라도 독립 계약자로 분류하여 최저임금·주휴수당·산재 적용을 배제한다.",1
플랫폼 라이더가 정기적인 배정을 받고 사용자 지시를 따르는 경우 근로기준법상 근로자로 인정한다.,0
플랫폼 라이더는 배정 건수 부족 시 개인 영업 활동으로 간주하여 근로기준법 미적용 원칙이다.,1
"플랫폼의 자동 환불 처리로 인한 손실은 회사가 부담하며, 라이더의 귀책이 없는 환불 건의 수수료는 정상 지급한다.",0
피드백을 균형 있게 수용한다.,0
"하도급 근로자가 원청 현장에서 발생한 안전 사고로 부상을 입을 경우, 원청은 산업재해 책임을 지지 않으며 하도급사에 전가한다.",1
하도급 근로자가 원청 현장에서 산업재해를 당한 경우 산업안전보건법에 따라 원청도 사용자 책임을 진다.,0
"하도급 생산직 근로자는 원청 직원의 직접 지시를 받더라도 원청 회사의 근로자로 인정받지 않으며, 원청의 복리후생 및 퇴직금 지급 의무는 하도급사에 전가된다.",1
하도급 생산직이 실질적으로 원청 직원의 지휘·감독을 받는 경우 근로자파견법에 따라 원청의 사용자 책임을 인정한다.,0
"하수급인 형식으로 공사에 참여한 자는 독립 사업자로서 원청의 지시는 도급 지도에 해당하며, 재해 발생 시 산업재해보상보험 적용 대상이 아님을 확인한다.",1
학교 방과후 강사의 학생 돌봄 시간 전체를 근로시간으로 인정하여 임금을 지급한다.,0
학교 방과후 강사의 학생 돌봄 시간 중 휴게시간을 포함하여 근로시간 산정하지 않는다.,1
학부모 불만은 학원 차원에서 협력하여 처리한다.,0
학부모 불만을 강사 책임으로 처리한다.,1
학부모 상담 및 설명회 진행이 소정근로시간 이후에 배정되는 경우 해당 시간에 대한 연장근로수당을 지급한다.,0
"학부모 채팅방 응대는 소정근로시간 내를 원칙으로 하며, 퇴근 후 즉각 응대를 강제하거나 이를 이유로 인사평가 불이익을 주지 않는다.",0
학부모 피드백을 절대적으로 수용한다.,1
학생 모집 책임을 강사에게만 묻는다.,1
학생 모집는 학원 책임이다.,0
학생 민원 발생 시 해당 강사의 커뮤니케이션 부족으로 평가하여 감봉한다.,1
"학생 민원은 강사와 회사가 함께 해결하며, 개별 강사 책임이 아니다.",0
학생 성장을 다양한 요소로 평가한다.,0
"학생 수 감소는 마케팅, 프로그램 등 여러 요소를 검토한다.",0
"학생 수 확보 책임을 강사에게 물으며, 미달 시 급여를 삭감한다.",1
"학생 수 확보는 학원의 마케팅 책임이며, 강사 책임이 아니다.",0
"학생 이탈 원인을 다각도로 분석하며, 강사만 책임지지 않는다.",0
학생 이탈 이유를 강사 책임으로 보고 급여를 감액한다.,1
학생 이탈 책임을 강사에게만 물을 수 있다.,1
학생 이탈을 강사 책임으로만 본다.,1
"학생 출석률 저조는 여러 요소의 결과이며, 강사 역량만으로 평가하지 않는다.",0
학생 출석률 저조를 강사의 교육 역량 부족으로 판단하여 급여를 삭감한다.,1
학생 학부모로부터의 개인 레슨 요청은 학원 규정 위반이므로 근무 시간 내 불가능하다.,1
학생의 성장을 강사 능력만으로 평가한다.,1
"학생의 학습 진도는 개별 역량 차이로 인정하며, 강사 책임이 아니다.",0
학생의 학습 진행 속도가 느리면 강사의 교수 능력 부족으로 평가한다.,1
학원 강사의 담당 학급 규모 감소는 강의 역량 부족의 증거로 급여에 반영한다.,1
"학원 강사의 수강생 모집 부진으로 인한 교실 운영 적자는 강사의 책임이며, 해당 월 급여에서 정산한다.",1
"학원 강사의 수강생 이탈에 따른 매출 감소분은 해당 강사의 성과급에서 비례하여 차감하며, 강사의 귀책사유 여부를 구분하지 않는다.",1
학원 강사의 커리큘럼 개발 및 교안 작성은 업무 시간 외 자발적 업무로 간주하여 보상하지 않는다.,1
학원 강사의 커리큘럼 개발 및 교안 작성이 회사 지시로 이루어지는 경우 근로시간으로 인정하여 보상한다.,0
학원 강사의 퇴사 후 동일 상권(반경 5km 이내)에서 개인 과외나 소규모 학원 운영을 하는 경우 재직 기간 수령 급여 3개월 치를 위약금으로 지급하여야 한다.,1
학원 강사의 학급 규모는 자격과 무관하게 강사 실적에 따라 결정될 수 있다.,1
학원 강사의 학급 규모는 자격과 무관하게 외부 요소에 따라 변동될 수 있다.,0
"학원 강사의 학생 모집 부진은 학원의 마케팅 책임이며, 강사의 급여에 반영하지 않는다.",0
학원 강사의 학생 이탈 시 이탈 학생 1명당 일정액을 강사 급여에서 공제한다.,1
"학원 강사의 학생 이탈은 다양한 요인의 결과이며, 강사 급여에서 공제하지 않는다.",0
학원 교무팀의 수강생 관리 미숙으로 인한 시간표 오류 처리 비용을 팀 전체 급여에서 공제한다.,1
"학원 교무팀의 시간표 오류는 시스템 관리의 책임이며, 처리 비용을 팀 급여에서 공제하지 않는다.",0
학원 기간(학기별) 강사 계약으로 끝내고 재계약하지 않는다.,1
"학원 내 SNS 홍보 계정 운영 및 체험수업 개설은 강사의 필수 자기 홍보 의무로 분류하며, 관련 시간 및 비용은 강사 개인이 부담한다.",1
학원 비용은 경영진과 모든 강사가 공정하게 분담한다.,0
학원 시설 관리 비용(건물 임차료 등)을 강사의 성과급에서 배분하여 공제한다.,1
"학원 시설 관리 비용은 회사가 부담하며, 강사의 성과급에서 공제하지 않는다.",0
학원 시설 유지비 증가를 강사의 성과급에서 배분하여 공제할 수 있다.,1
"학원 시설 유지비는 회사가 부담하며, 강사의 성과급에서 공제하지 않는다.",0
학원 신입 학생 모집 실적이 저조하면 마케팅 담당자의 책임으로 평가한다.,1
"학원 원생 모집 활동(학부모 상담, 설명회 진행 등)은 오후 8시 이후에도 진행되며, 해당 시간은 영업 지원 활동으로 분류하여 별도 수당을 지급하지 않는다.",1
학원 학사 일정 변경으로 인한 강사 근로시간 변동은 급여 조정 사유가 될 수 있다.,1
학원 행사 참석을 의무화한다.,1
학원 홍보 동영상 제작에 강사가 무상 출연해야 한다.,1
학원 홍보용 이벤트 참여는 근무 시간 내 이루어지면 근로시간으로 인정하여 수당을 지급한다.,0
학원 홍보용 이벤트 참여는 선택이 아닌 기본 의무이므로 수당을 지급하지 않는다.,1
"학원 확장 비용(홍보, 이벤트)을 강사들이 공동으로 부담한다.",1
학원 휴원 시 강사의 급여를 일방적으로 보류할 수 있다.,1
학원의 교재비 인상을 강사의 급여 인상분으로 충당하게 한다.,1
학원의 수강생 증감에 따라 강사의 근로시간을 월 단위로 일방적으로 조정한다.,1
학원의 수강생 증감에 따른 강사 근로시간 조정은 사전 협의를 통해 이루어진다.,0
"학원의 신규 교실 오픈 인테리어는 회사 비용으로 진행하며, 강사에게 무상 협력을 요구하지 않는다.",0
학원의 신규 교실 오픈을 위한 인테리어 및 기자재 설치는 전체 강사의 무상 협력으로 간주한다.,1
"학원의 신규 프로그램 출시 회의는 근무 시간 내 진행하며, 추가 시간은 수당을 지급한다.",0
학원의 신규 프로그램 출시를 위한 강사 회의는 근무 시간 외 진행 원칙이다.,1
"학원의 신입 학생 모집은 마케팅팀의 역할이며, 강사의 책임이 아니다.",0
학원의 프로그램 개선 비용을 강사의 기본급에서 차감한다.,1
"학원의 학사 일정 변경은 강사와 사전 협의를 통해 진행되며, 일방적 통보는 금지다.",0
"학원의 학생 상해는 학원의 안전 관리 책임이며, 학부모에게만 책임을 전가하지 않는다.",0
"학자금 대출 지원은 별개 계약이며, 이직으로 인한 일괄 회수는 금지다.",0
"한의원·치과 등 소규모 의료기관 소속 직원의 수습기간은 4개월로 정하며, 이 기간 중 최저임금의 80%를 지급하고 부당해고 예고 의무를 면제하기로 합의한다.",1
"합리적인 범위 내의 경업금지 약정은 체결할 수 있으나, 지역·업종·기간을 구체적으로 한정하고 위반 시 손해배상 예정액은 실제 손해를 초과하지 않도록 정한다.",0
"합명회사 또는 합자회사의 무한책임사원으로 등기된 자는 사업주에 해당하며, 상시 근무 여부와 무관하게 근로기준법상 근로자로 인정하지 아니한다.",1
해고 예고 기간 중 근로자의 타 회사 취업 준비 활동을 회사 신의 위반으로 간주한다.,1
"해고 예고 기간 중 근로자의 타 회사 취업 준비는 정당한 권리이며, 신의 위반으로 간주하지 않는다.",0
"해고 예고 없이 즉시 퇴직 처리될 수 있는 사유에 '상사와의 의견 충돌', '팀 내 불화 유발'을 포함하며, 이에 대한 판단은 회사가 단독으로 결정한다.",1
"해고 예고와 함께 30일분 통상임금을 지급한 경우, 해고 사유의 정당성 여부와 무관하게 해고 효력이 발생하며 근로자는 복직을 청구할 수 없다.",1
해고 통보를 갑자기 한다.,1
해고 통보를 충분히 사전에 한다.,0
"해고 통지는 구두 또는 전화 통보로 갈음할 수 있으며, 서면 해고통지서에 해고 사유를 개괄적으로 명시하여도 근로기준법상 서면통지 요건을 충족한 것으로 본다.",1
"해고 통지는 반드시 서면으로 통보해야 하며, 서면 해고통지서에 해고 사유를 구체적으로 명시해야 근로기준법상 서면통지 요건을 충족한 것으로 본다.",0
"해고는 근로기준법이 정한 정당한 사유와 절차에 따라 진행하며, '의견 충돌'과 같은 모호하고 자의적인 사유를 해고 근거로 삼지 않는다.",0
"해외 교육훈련 파견 후 의무재직기간 이내 퇴직 시 교육비 전액을 위약금으로 반환하여야 하며, 이는 근로기준법상 위약금 예정 금지 규정의 적법한 예외로서 유효하다.",0
"해외 원격협업 특성상 야간 화상회의(오전 1~3시)가 필요할 경우 참가 의무를 부과하며, 해당 시간은 글로벌 업무 수당으로 대체하여 야간 가산수당을 지급하지 않는다.",1
"해외 원격협업으로 야간 회의가 필요한 경우 참가 여부를 자율에 맡기고, 불가피하게 야간 참가 시 야간 가산수당을 지급하거나 대체 휴무를 부여한다.",0
"해외 출장 중 발생하는 초과 근무에 대해서도 근로기준법을 적용하여 가산수당을 지급하며, 출장비에 초과 근무 수당이 포함된 것으로 처리하지 않는다.",0
"해외 파견 근무 중도 포기 시, 회사가 지원한 항공권 및 현지 체재비 전액에 연 15%의 이자를 가산하여 귀국 즉시 반환하여야 한다.",1
"해지 이유는 명확하게 고지되어야 하며, 고지 없는 해지는 위법이다.",0
행사 참석은 선택이다.,0
허위 경력·자격으로 채용된 사실이 사후 확인되는 경우 임용 취소와 함께 재직 기간 중 지급된 임금 및 퇴직금의 전액 반환을 청구할 수 있으며 이의를 금한다.,1
"헬스케어 앱 개발팀의 개인정보 유출 시 법적 절차를 따르되, 급여에서 임의로 차감하지 않는다.",0
헬스케어 앱 개발팀의 개인정보 유출 시 법적 책임뿐 아니라 급여 차감도 병행한다.,1
"헬스케어 앱 개발팀의 개인정보 유출 책임은 회사의 보안 정책에 있으며, 팀 급여 차감하지 않는다.",0
헬스케어 앱의 사용자 감소 시 앱 개발팀의 UX 설계 부족으로 평가한다.,1
헬스케어 앱의 사용자 감소는 UX 개선과 마케팅으로 대응한다.,0
현장 소장의 지시로 진행된 안전 교육 불참 직원의 당일 급여를 삭감하고 이후 안전 사고 발생 시 산재 신청을 제한한다.,1
현장 안전을 무시한다.,1
현장 안전을 최우선한다.,0
현장 온도 개선은 회사 책임이다.,0
현장 온도가 40도 이상이어도 정상 급여를 지급한다.,1
현장 온도가 40도 이상일 경우 작업을 중지하고 특별 유급 휴무를 지급한다.,0
현장 이동 안전은 회사가 책임진다.,0
"현장 이동 안전을 우선하며, 위험을 최소화한다.",0
현장 이동 중 사고는 근로자 부주의로 본다.,1
"협력 문화를 만들며, 과도한 경쟁을 조장하지 않는다.",0
"협력사 납품 일정 변경으로 인한 추가 비용은 회사가 부담하며, 하청 근로자에게 전가하지 않는다.",0
호텔 객실 청소 시간을 단축하면서 급여는 유지하도록 강제할 수 있다.,1
"호텔 객실 청소는 합리적 시간대로 설정되며, 시간 단축으로 일방적 급여 유지는 금지다.",0
호텔 조리사의 특별 메뉴 개발은 기본 직무에 포함되므로 별도 개발비를 지급하지 않는다.,1
호텔 조리사의 특별 메뉴 개발이 회사 지시로 이루어지는 경우 개발비를 지급한다.,0
호텔 직원의 객실 청소 표준을 임의로 상향할 수 있다.,1
혼인/출산을 이유로 차별한다.,1
혼인/출산을 존중한다.,0
홀 서빙 직원이 테이블 회전율 목표를 충족하지 못한 경우 해당 테이블의 예상 추가 매출분을 손해액으로 산정하여 성과급에서 공제한다.,1
"화물 손상 책임은 객관적으로 판단하며, 배송원만 책임지지 않는다.",0
화물 손상도 배송원의 포장 검수 부실이라고 본다.,1
"화물 탁송 기사는 차량을 직접 소유하고 운행하는 독립 사업자로서, 탁송 업무 중 발생한 사망 사고에 대해 사측은 유족급여 지급 의무를 부담하지 아니한다.",1
화학물질 MSDS를 제공하고 노출 최소화한다.,0
화학물질 노출 후유증도 개인 건강 문제라 한다.,1
환자 간호 기술을 개인이 연마하도록 강요한다.,1
환자 간호 실수로 악화되면 의료진 책임이 아니라 간호사 책임이다.,1
환자 건강 상태에 맞는 돌봄 계획을 수립하고 강요하지 않는다.,0
환자 고충을 개인의 과실로 본다.,1
환자 고충을 시스템적으로 본다.,0
"환자 권리는 제도로 보장하며, 직원에게만 책임을 물지 않는다.",0
환자 낙상 발생 시 보호 부주의로 근로자를 징계한다.,1
환자 배설물 처리로 인한 감염병은 위생 부주의로 근로자 책임이다.,1
환자 상태 악화 시 의료팀이 함께 원인을 파악하고 개선한다.,0
환자 상태 악화는 의료진과 돌봄진이 함께 책임진다.,0
환자 신체 접촉 시 안전 기술을 교육하고 지원한다.,0
환자 신체 접촉 중 부상은 근로자 기술 부족이다.,1
"환자 이동 시 안전 장비(리프트, 슬링)를 제공하고 사용을 강요한다.",0
"환자 케어 스타일은 근로자의 전문성으로 존중되며, 임의 개입은 금지다.",0
환자 폭력에 대응한다.,0
환자 폭력을 직업의 일부로 본다.,1
환자의 개인정보 유출 책임은 전적으로 담당 직원에게 있다.,1
환자의 고충을 직원 책임으로 본다.,1
활동 휴지 중에도 계약 해지 없이 대기한다.,1
"활동 휴지는 계약 해지를 의미하지 않으며, 복귀 의사 확인을 한다.",0
회사 경비로 구매한 물품 상환은 합리적 기준에 따라 결정된다.,0
회사 경영 악화 시 근로자의 동의 없이 임금을 일시적으로 50% 감액할 수 있다.,1
회사 경영 악화 시 임금 지급 시기를 회사가 임의로 연기할 수 있으며 근로자는 이에 대한 지연 이자를 청구하지 않는다.,1
회사 경영 악화를 이유로 일괄 급여 삭감을 일방 시행한다.,1
"회사 경영 위험을 근로자와 공유하되, 미리 고지한다.",0
"회사 경영상 비밀에 해당하는 특정 업무 내용을 외부에 공개하거나 전 직장 동료에게 유출하는 경우 1억 원의 손해배상을 청구하며, 실제 손해 발생 여부는 무관하다.",1
회사 경영진의 개인 비용을 일반 직원 급여에서 공제할 수 있다.,1
"회사 공유 차량을 이용한 외근 중 발생한 접촉 사고에 대해, 근로자의 명백한 중과실이 없는 한 수리비를 근로자에게 개인적으로 청구하지 않는다.",0
회사 규정 위반에 대한 자체 징계 위원회 판정은 외부 이의 제기 불가 원칙이다.,1
회사 규정 위반에 대한 징계는 징계 위원회 절차를 거쳐 공정하게 이루어진다.,0
회사 기밀 유지 서약 위반 시 퇴직금을 전액 몰수할 수 있다.,1
회사 기밀 유지 서약 위반에 대한 징계는 법적 절차를 거친다.,0
회사 기밀 유지 서약서 미작성 근로자의 체직 전 강제 작성을 요구할 수 있다.,1
"회사 기밀 유지 서약서는 필요한 경우 입사 시 제공하며, 임의로 강제하지 않는다.",0
회사 기술 스택이 맞지 않는다는 이유로 급여 협상이 불가하다.,1
회사 깃허브에 기여도가 낮으면 연봉 협상 시 감점한다.,1
회사 내 구조 조정 사유로 인한 해고 예고 기간을 30일 이상 확보하지 않을 수 있다.,1
회사 내부 정보 비밀유지 서약은 법적 범위 내에서만 적용된다.,0
회사 내부 정보를 외부에 공개하지 않겠다는 서약을 강제할 수 있다.,1
"회사 방향 변화는 근로자와 협의하며, 충분한 설명을 한다.",0
회사 방향 변화를 근로자와 협의 없이 결정한다.,1
회사 보안 정책상 USB 사용 금지인데 개인 USB 사용 시 징계 대상이다.,1
"회사 보안 정책은 합리적 범위 내에서 적용되며, 과도한 감시는 금지된다.",0
회사 비용을 직원 급여에서 공제할 수 없다.,0
회사 성공 시 근로자도 함께 성공하겠다고 약속하지만 지키지 않는다.,1
회사 성장에 따라 소급 인상하겠다는 약속만 한다.,1
회사 성장이 미진할 경우 전 직원의 급여 일괄 인하를 일방적으로 결정할 수 있다.,1
"회사 소속 근로자가 외부 플랫폼을 통해 투잡을 하는 경우 이를 즉각적인 해고 사유로 삼음과 동시에, 투잡으로 벌어들인 소득에 대한 배상을 청구한다.",1
"회사 소유 비품의 분실이나 파손 발생 시 감가상각 및 근로자의 과실 비율을 합리적으로 산정하여 배상액을 결정하며, 강압적으로 급여에서 공제하지 않는다.",0
회사 실패 시 퇴직금을 지급할 수 없다고 미리 고지한다.,1
"회사 업무를 위한 외부 활동(컨퍼런스 발표, 언론 인터뷰 등)에 소요되는 준비 시간을 근로시간으로 인정하여 수당을 지급한다.",0
회사 운영 비용은 경영진이 책임진다.,0
회사 운영 비용을 근로자 급여에서 메우려 한다.,1
회사 이사가 부도 책임을 근로자에게 돌린다.,1
회사 인턴십 과정은 교육과 근로가 혼재되어 있더라도 실질적인 노무 제공이 있다면 최저임금법 및 근로기준법을 준수하여 온전한 임금을 지급한다.,0
"회사 제공 기술 스택 학습은 근로시간에 포함되며, 개인 학습만 시간외이다.",0
회사 제공 배달 가방 손상 시 근로자가 배상한다.,1
"회사 제공 장비 손상은 회사가 보험으로 처리하며, 근로자가 배상하지 않는다.",0
"회사 지원으로 취득한 자격증 비용 반환 약정은 지원 금액·반환 조건·대상 기간을 명확히 계약서에 명시하며, 반환 기간은 1년을 초과하지 않는다.",0
"회사 출장 비용은 근로자가 청구할 수 있으며, 급여에서 일방적 회수는 금지다.",0
회사 클라우드 서버를 개인 학습용으로 사용 시 비용을 청구한다.,1
"회사 필요 도구는 회사가 제공하며, 개인 비용 부담을 강요하지 않는다.",0
회사 행사 참석 거부 시 팀 협력도가 낮다고 평가하여 보너스를 공제할 수 있다.,1
"회사 행사 참석은 권장이지만 강제될 수 없으며, 참석 여부가 평가에 부정적으로 반영될 수 없다.",0
"회사가 경영상 필요에 따라 근로시간을 일시적으로 단축(교대제 개편 등)할 때에는 근로자대표와의 성실한 협의를 거치며, 임금 보전 방안을 강구한다.",0
"회사가 경영상 필요에 의해 전보 발령을 할 경우, 근로자의 생활상 불이익이 크지 않도록 사전 협의하며 필요한 교통비 등을 지원한다.",0
회사가 구매한 도구나 교재는 근로자가 업무 수행에 필요한 범위 내에서 사용할 수 있다.,0
"회사가 복리후생으로 지급하는 식대 및 현금성 포인트가 통상임금의 성격을 가지는 경우, 연장 및 야간근로수당 산정 시 이를 기준 임금에 포함하여 계산한다.",0
"회사가 실시하는 정기 보안점검에서 규정 위반이 적발될 경우, 위반 1회당 10만 원의 벌금을 당월 급여에서 원천 징수한다.",1
회사가 운영하는 사내 해커톤에서 수상한 아이디어 및 프로토타입에 대한 지식재산권 및 사업화 권리는 전액 회사에 귀속되며 개발자에게 별도 보상을 하지 않는다.,1
회사가 인수될 경우 근로자 계약을 자동 해지한다.,1
"회사가 전 직원에게 정기적, 일률적으로 지급하는 식대, 교통비, 복지포인트 등은 명칭을 불문하고 통상임금 산정에 포함한다.",0
"회사가 정한 출근 시간에 10분 이상 지각 시, 해당 지각 시간을 모아 반차 또는 연차휴가에서 임의로 강제 차감하여 소진시킨다.",1
"회사가 제공하는 기숙사 등에 거주하는 근로자의 편의를 위해 시설을 운영하되, 기숙사비는 근로자의 명시적 서면 동의가 있을 때만 공제한다.",0
"회사가 제공하는 기숙사비나 식비는 근로자의 명시적인 서면 동의가 있는 경우에만 급여에서 공제할 수 있으며, 일방적으로 공제할 수 없다.",0
"회사가 제공하는 법정 의무교육 외의 직무 역량 강화 교육비는 전액 직원이 부담하며, 교육 불참 시 인사고과 최하위 등급을 부여한다.",1
"회사가 주관하는 회식이나 야유회는 근로자의 자율적 참여를 원칙으로 하며, 불참을 이유로 연차휴가를 차감하거나 인사상 불이익을 주지 않는다.",0
"회사가 중식이나 석식을 현물로 제공하는 경우 이를 강제하지 않으며, 식사를 하지 않은 근로자의 급여에서 식대를 임의로 공제하지 않는다.",0
"회사가 지급한 재해보상금 수령 시 동일 재해에 대한 일체의 민형사상 손해배상청구권을 영구 포기한 것으로 간주하며, 추가 청구를 금한다.",1
"회사는 경영 성과 악화 시 전 직원의 급여를 최대 30%까지 일방적으로 삭감할 수 있으며, 이는 회사 생존을 위한 불가피한 조치로 보아 이의를 제기할 수 없다.",1
"회사는 경영상의 이유로 근로자의 임금 지급을 지연할 수 없으며, 매월 정해진 지급일에 전액을 통화로 직접 지급한다.",0
"회사는 근로계약 체결 시 임금, 소정근로시간, 휴일, 연차유급휴가 등의 핵심 근로조건이 명시된 근로계약서를 근로자에게 반드시 서면으로 교부한다.",0
"회사는 근로자가 재택근무 중 원활한 업무 수행을 위해 필요한 인터넷 통신비, 업무용 장비 유지보수 비용을 실비로 전액 지원한다.",0
"회사는 근로자의 안전과 보건을 유지하기 위해 산업안전보건법에 따른 조치를 취하며, 작업복 및 안전 장비 구매 비용은 전액 회사가 부담한다.",0
회사는 근로자의 중대한 귀책사유로 징계해고를 하는 경우에도 근로기준법상 해고 사유와 시기의 서면 통지 의무를 반드시 준수한다.,0
회사는 사업장 내에 근로자가 편히 쉴 수 있는 남녀가 구분된 위생적인 휴게 시설을 의무적으로 설치하고 관리한다.,0
"회사는 야간 및 교대 근로자에 대하여 특수건강진단을 실시하며, 진단 결과 소견에 따라 근로 시간 단축 등 적절한 사후 조치를 취한다.",0
"회사는 인력의 효율적 운영을 위해 근로자에게 새로운 직무 교육을 명할 수 있으며, 이 교육 기간 동안의 급여는 기본급의 70%로 감액 지급한다.",1
"회사는 적법한 파업 등 쟁의행위에 참가한 근로자에 대하여 임금은 무급 처리하되, 쟁의행위 참가 자체를 이유로 해고 등 징계를 내리지 않는다.",0
"회사는 직무 발명에 대한 권리를 승계한 후 특허 출원을 포기하더라도, 그 발명으로 인해 실질적인 원가 절감 등 이익을 얻은 경우에는 보상금을 지급한다.",0
"회사는 투표 등 근로자의 공민권 행사에 필요한 시간을 보장하며, 해당 시간을 사용했다는 이유로 임금을 삭감하거나 인사상 불이익을 주지 않는다.",0
회사는 포괄임금제 계약을 체결하였더라도 근로기준법상 제한된 연장근로 한도를 초과하여 근로를 지시할 수 없다.,0
"회사에서 대여한 노트북, 법인차량 등 비품을 분실 또는 파손한 경우, 사용 기간에 따른 감가상각을 적용하지 않고 신제품 구매 비용 전액을 월급에서 즉시 공제한다.",1
"회사에서 복리후생 명목으로 매월 지급하는 현금성 복지포인트는 통상임금에 포함되지 않으며, 퇴사 시 잔여 포인트는 현금으로 정산하지 않는다.",1
회사에서 제공하는 기숙사비 및 식비는 임금 지급 전 매월 급여에서 회사가 임의로 일괄 공제한 후 잔액을 지급한다.,1
"회사에서 제공한 교육 및 노하우는 근로자의 직무 향상을 위한 것이며, 외부 유출 시 법적 조치만 가능하다.",0
회사에서 제공한 교육 자료 및 노하우의 유출 시 교육비 전액을 배상금으로 청구한다.,1
"회사와 근로자 관계는 상호 존중 기반이며, 무한 헌신을 강요하지 않는다.",0
"회사와 위탁 계약을 맺은 도급직의 경우, 본사 직원의 직접적인 업무 지시를 받더라도 근로기준법상 차별적 처우 시정 신청의 대상이 되지 않는다.",1
"회사의 감사 및 징계 절차 진행 시, 근로자에게 충분한 소명 기회를 부여하며 필요한 경우 대리인이나 조력자의 동석을 허용한다.",0
"회사의 경영 방침에 따라 무급 휴직을 지시할 수 있으며, 이 지시에 불응할 경우 직무유기로 보아 징계 해고 처분한다.",1
"회사의 경영 악화 등 귀책사유로 인해 휴업하는 경우, 회사는 휴업 기간 동안 근로자에게 평균임금의 70% 이상의 휴업수당을 지급한다.",0
"회사의 경영 악화로 인한 급여 감액은 근로자 대표와의 서면 합의에 의해서만 가능하며, 일방 결정은 불가능하다.",0
회사의 경영 악화로 인한 급여 인하는 근로자 대표와의 서면 합의에 의해서만 가능하다.,0
회사의 경영 위기 시 임금 삭감이 필요한 경우 근로자 과반수 동의 또는 노동조합 동의를 받는 취업규칙 불이익 변경 절차를 준수한다.,0
회사의 경영 위기를 근로자에게만 강요한다.,1
"회사의 경영 전략상 필요한 경우 언론 인터뷰 참가, 외부 컨퍼런스 발표 등을 근로자에게 의무화하며, 이에 소요되는 별도 준비 시간에 대해 수당을 지급하지 않는다.",1
"회사의 경영상 어려움 등을 이유로 사직을 권고하는 경우 강압이나 기망을 배제하며, 오직 근로자의 자유로운 판단에 의한 승낙이 있을 때만 성립한다.",0
회사의 경영상 어려움으로 인한 급여 감액은 근로자 대표와의 서면 합의에 의해서만 가능하다.,0
"회사의 경영상 필요로 근무지를 타 지역으로 변경할 경우, 근로자와 사전에 성실히 협의하며 필요한 이사 비용 및 체재비를 지원한다.",0
회사의 경영상 필요에 따라 직급 강등을 일방적으로 실행하고 급여를 삭감할 수 있다.,1
"회사의 구조 조정 해고는 근로기준법에 따라 30일 이상 예고하여야 하며, 예고 생략은 불법이다.",0
"회사의 구조조정으로 인한 권고사직 시, 위로금은 법정 퇴직금과 별도 지급하지 않고 퇴직금에 포함된 것으로 처리한다.",1
회사의 구조조정으로 인한 정리해고 절차에서 근로자 대표와의 협의는 이메일 1회 발송으로 법적 의무를 이행한 것으로 본다.,1
"회사의 기밀 유출이나 심각한 명예 훼손이 의심되는 경우, 갑은 을의 동의 없이 사내망을 통한 개인용 이메일, 메신저 접속 내역을 열람할 수 있다.",1
회사의 내규 변경으로 인한 급여 체계 변경은 사전 협의 없이 적용될 수 있다.,1
회사의 내부 감사 적발 시 본인은 모든 변명과 이의제기 권한을 포기하고 인사위원회가 정하는 징계 수위를 무조건 수용하기로 서약한다.,1
"회사의 내부 기술문서 및 API 설계서 등 모든 업무 산출물에 대해 퇴사 후에도 영구적으로 비밀유지 의무를 지며, 기간 제한 없이 위반 시 손해를 배상한다.",1
회사의 대외 약속을 근로자 야근으로 충당한다.,1
"회사의 매각, 합병, 영업양도가 발생할 경우 을의 고용 승계 여부는 전적으로 인수하는 기업의 재량에 따르며, 승계가 거부될 경우 본 계약은 자동 해지(해고)된 것으로 본다.",1
"회사의 명예나 이미지를 훼손할 우려가 있다고 판단되는 경우, 갑은 을의 개인 SNS 계정 게시물에 대한 삭제 또는 수정을 요구할 수 있으며 을은 즉시 이에 따라야 한다.",1
"회사의 모니터링은 합법적 범위 내에서만 가능하며, 사생활 침해는 금지된다.",0
"회사의 분할, 합병, 영업양도 시 근로관계는 원칙적으로 고용 승계되며, 근로자가 승계를 거부할 경우 적법한 절차에 따라 퇴직금과 위로금을 지급한다.",0
"회사의 사내 취업규칙이 근로기준법에 미달하는 내용이 있더라도, 본 근로계약서에 서명함과 동시에 회사의 사내 규정이 법률보다 우선 적용됨에 합의한다.",1
"회사의 사전 서면 동의 없는 언론 인터뷰, 팟캐스트 출연, 외부 강연 활동은 허용하지 않으며, 위반 시 수령 강연료 전액 몰수 및 징계 해고 처분한다.",1
회사의 사전 허락 없이 노동조합에 가입하거나 노조 활동을 주도하는 경우 이는 사내 질서 문란으로 보아 당연 퇴직 사유로 한다.,1
"회사의 사정으로 근로시간을 주 40시간에서 30시간으로 일방적으로 단축할 수 있으며, 이 경우 급여는 비례 삭감하고 휴업수당은 지급하지 않는다.",1
"회사의 생산 목표를 초과 달성한 생산수당은 회계 연도 결산 이후 지급하며, 결산 결과 당기순손실이 발생할 경우 지급 의무가 면제된다.",1
회사의 성공을 함께 나누는 방식을 명확히 계약한다.,0
"회사의 승인 없는 겸업 적발 시, 겸업을 통해 얻은 수익금 전액을 회사에 배상하고 즉시 당연 퇴직 처리된다.",1
회사의 약속은 근로자 야근으로 메우지 않는다.,0
회사의 영업 기밀을 고의 또는 과실로 누설할 경우 사실 여부를 불문하고 민형사상 책임과 함께 5천만 원의 손해배상액을 즉시 납부한다.,1
"회사의 영업 기밀을 고의로 누설하여 실제 손실을 입힌 경우, 법적 절차에 따라 입증된 구체적인 손해액에 한하여 배상 책임을 지기로 한다.",0
회사의 이주(이사)로 인한 원거리 출근 강제를 근로자 적응 사항으로 본다.,1
회사의 이주로 인한 원거리 출근 강제는 근무지 변경이므로 근로자의 동의를 얻어야 한다.,0
회사의 자금 유동성 악화로 인한 급여 선지급은 인정하지 않는다.,1
"회사의 자금 유동성 악화로 인한 급여 지연은 임금 채권 침해이며, 선지급 거부는 정당하지 않다.",0
"회사의 자체적인 보안 점검이나 내부 규정 위반 적발 시 정당한 징계위원회를 거치며, 즉각적인 급여 공제나 자의적인 벌금 제도를 운영하지 않는다.",0
회사의 재정 상태를 투명하게 공개한다.,0
"회사의 정기적인 재물조사 결과 재고 부족분이 발생할 경우, 해당 부서원 전원의 당월 급여에서 부족분 금액을 1/N로 균등 공제한다.",1
"회사의 지시로 해외 출장 중 발생한 초과 근무는 국내 근로기준법 적용 대상이 아닌 현지 기준을 따르기로 하며, 해외 출장 전체 기간 중 발생하는 추가 근무에 대한 수당은 출장비에 포함된 것으로 본다.",1
회사의 징계 절차 진행을 위한 대기발령 기간 동안에는 근로기준법에 따른 휴업수당 이상의 임금을 반드시 보장하여 지급한다.,0
"회사의 취업규칙이나 사내 규정이 근로기준법에서 정한 기준에 미달하는 경우 그 부분은 무효로 하며, 무효로 된 부분은 근로기준법에 따른다.",0
"회사의 판단으로 을의 개발 환경(PC, 네트워크)를 원격 모니터링할 수 있다.",1
"회사의 필요에 따라 근로자에게 새로운 직무 교육을 명할 경우, 교육 기간 중에도 기존에 지급받던 임금을 전액 보전하여 지급한다.",0
"회사의 필요에 의한 타 지역 전보 발령 시 근로자의 생활상 불이익을 최소화하기 위해 사전에 충분히 협의하고, 부당한 발령 시 이의 제기 절차를 보장한다.",0
"회사의 합병·분할 시 근로자의 고용 승계를 보장하기 위해 사전에 충분한 정보를 제공하고 의견을 수렴하며, 승계 거부로 인한 해고는 법적 절차를 준수한다.",0
회식 중 발생한 상해나 질병은 사적 모임의 연장으로 보아 어떠한 경우에도 산재 신청을 할 수 없으며 개인 실손 보험으로 알아서 처리한다.,1
"회식, 야유회 등 사내 행사에 불참할 경우, 해당일은 개인 연차휴가를 사용한 것으로 일괄 대체 처리한다.",1
"회식, 워크숍 및 사내 체육대회는 조직 단합을 위한 필수 행사로 보며, 불참 시 해당 월의 직무수당 지급을 보류하거나 인사평가에서 감점 처리한다.",1
"회식, 체육대회 등 회사의 지배·관리 하에 이루어지는 공식 사내 행사 중 발생한 부상이나 질병은 업무상 재해로 인정하여 산재 처리를 적극 지원한다.",0
회의는 근로시간에 한다.,0
"회전율 저조는 여러 요소의 결과이며, 개인만 책임 지우지 않는다.",0
"휴가 신청 거부는 정당한 사유가 있을 때만 가능하며, 사유를 알려야 한다.",0
휴가 신청 거부를 일방적으로 결정하며 사유를 알리지 않는다.,1
"휴가 신청은 근로자의 권리이며, 대체 인력은 회사가 책임진다.",0
"휴가 신청은 근로자의 권리이며, 일방적 취소는 금지다.",0
휴가 신청은 정당한 사유가 있을 때만 거부할 수 있다.,0
휴가 일수를 명시하지 않는다.,1
휴가 일수를 명시한다.,0
휴가 중 긴급 버그는 사전 합의 없이 대응을 강제할 수 없다.,0
"휴가 중 비상 호출도 수당으로 보상하며, 복귀 후 대체휴일을 제공한다.",0
휴가 중 업무 연락에 즉시 응답한다.,1
휴가 중 업무 연락을 최소화한다.,0
휴가 중 호출도 실제 대응 시간에 대해 수당을 지급한다.,0
휴게시간 단축을 정상화한다.,1
휴게시간 중 기계 조작 필요 시 해당 시간은 휴게시간으로 간주한다.,1
"휴게시간은 4시간 근로에 30분, 8시간 근로에 1시간 이상을 근로시간 도중에 부여하며, 근로자가 자유롭게 외출 등을 할 수 있도록 보장한다.",0
"휴게시간은 근로자가 자유롭게 사용할 수 있으며, 기계 조작은 휴게시간이 아니다.",0
"휴게시간은 매장 내 손님이 없는 대기시간으로 대체하며, 별도의 휴게 공간 이동이나 사업장 밖으로의 외출은 엄격히 금지된다.",1
"휴게시간은 법적으로 보장되는 권리이며, 감시는 금지다.",0
"휴게시간은 법정 기준을 지키며, 자의적으로 단축하지 않는다.",0
휴게시간은 법정 기준을 지킨다.,0
"휴게시간은 사용자의 지휘·감독에서 완전히 벗어나 자유롭게 이용할 수 있도록 실질적으로 보장하며, 손님 응대로 휴게가 방해된 시간은 근로시간으로 인정한다.",0
"휴게시간은 충분한 휴식이 보장되는 별도 공간에서 실질적으로 부여하며, 휴게시간 중 업무를 지시하지 않는다.",0
휴게시간을 보장한다.,0
휴게시간을 자의적으로 단축한다.,1
휴무일은 사전에 정하고 변경 시 충분한 통지를 한다.,0
휴무일을 사전 통지 없이 변경한다.,1
휴식의 중요성을 인정한다.,0
"휴원 시 급여는 보장되어야 하며, 일방적 보류는 금지다.",0
"휴일 긴급 상황 발생 시 직원을 무조건 소집할 수 있으며, 수당은 제공하지 않는다.",1
휴일 긴급 상황 소집은 사전 합의와 수당 지급을 조건으로 한다.,0
휴일근무는 대체휴일이나 수당으로 보상한다.,0
"직무 특성상 상시 대기가 필요한 포지션의 경우, 실제 호출이 발생하여 업무를 수행한 시간만을 유효한 근로시간으로 계상하여 임금을 지급한다.",1
"직무 특성상 상시 대기가 필요한 경우, 사용자의 지휘 아래 있는 대기 시간은 근로시간에 포함하며 이에 따라 산정된 법정 임금을 누락 없이 전액 지급한다.",0
"연봉 총액에는 직무 수행에 필수적으로 수반되는 연장, 야간 및 휴일 근로에 대한 포괄적 보상이 이미 충분히 반영된 것으로 확인한다.",1
"임금 구성 항목을 명확히 정의하며, 실제 발생한 연장, 야간 및 휴일 근로에 대해서는 관계 법령에서 정한 가산 수당을 별도로 정확히 산정하여 지급한다.",0
"여성 인력의 경우, 부서의 긴급한 프로젝트 런칭 등 특수 상황에 한하여 유연한 주말 및 심야 스케줄 조정에 최대한 협조할 의무를 지닌다.",1
"긴급한 프로젝트 등 경영상 필요 시, 성별 차별 없이 근로자와 사전에 합의하여 근로 시간을 조정하며 관계 법령에서 정한 기준을 엄격히 준수하도록 한다.",0
"현장 안전 수칙의 미숙지로 인하여 발생한 경미한 안전사고는 개인의 건강 관리 책임이므로, 원활한 프로젝트 진행을 위해 산재 신청을 지양한다.",1
"업무 중 발생한 사고에 대해서는 과실 유무와 무관하게 구호 조치를 시행하며, 산재 보험 신청 및 보상 절차를 관계 법규에 따라 투명하게 적극 지원한다.",0
징계 위원회의 결정에 따라 감봉 조치를 받는 직원은 회사 규정에 명시된 징계 양정 기준에 따라 3개월간 기본급의 20%를 감액 적용받는다.,1
"징계로 인한 감봉 시 법상 제한 규정을 준수하며, 1회 금액은 평균임금 1일분의 절반을, 총액은 1임금지급기 총액의 10%를 절대로 초과할 수 없다.",0
"팀 내 원활한 업무 공백 방지를 위하여, 개인 연차의 사용은 반드시 최소 1개월 전 부서장의 사전 재가를 득한 경우에 한하여 유효한 것으로 처리한다.",1
"원활한 업무 협조를 위해 연차 사용 시 사전에 공유하되, 회사는 근로자가 청구한 시기에 연차 사용을 보장하며 사업 운영에 막대한 지장이 없는 경우에 승인한다.",0
기상악화나 영농 상황에 따라 당사자 간의 합의로 근로일을 변경할 수 있다.,0
"기상 및 영농 상황에 따른 근로일의 탄력적 변경에 적극 협조하며, 변경으로 발생한 휴무일에 대해서는 별도의 임금 보전이나 수당을 요구하지 않는다.",1
본 사업장은 교대제를 실시하지 않는다.,0
본 사업장은 교대제를 실시 한다.,0
본 사업장은 가변 교대제를 실시한다.,1
본 사업장은 교대제를 임의 실시한다.,1
"본 사업장은 교대제를 실시하지 않는 고정 근무를 원칙으로 하되, 업무 완결성을 위해 담당 과업이 종료될 때까지 근로자가 책임지고 상주하여 완수한다.",1
"회식 및 워크숍 등 사내 화합을 위한 행사 참여는 조직 문화의 일부로 권장되며, 불참 시 발생할 수 있는 인사상의 불이익은 본인이 감수한다.",1
"사내 행사는 자율 참여를 원칙으로 하며, 불참을 이유로 인사상 불이익을 주지 않고 근로자의 의사를 존중하여 유연하고 수평적인 조직 문화를 유지한다.",0
수습 알바생의 경우 업무 적응도를 고려하여 첫 1개월간은 상호 합의 하에 최저임금의 80% 수준으로 시급을 협의하여 책정한다.,1
수습 알바생의 경우 업무 적응도를 고려하여 첫 1개월간은 상호 합의 하에 최저임금의 90% 수준으로 시급을 협의하여 책정한다.,0
수습기간 중 첫 3개월 이내에는 업무 숙련도를 고려하여 당해 연도 고시된 최저임금의 90%를 시급으로 지급한다.,0
광고 모델의 이미지 사용 기간은 계약서에 명시된 기간 이후에도 '잔상 효과' 기간을 이유로 추가 사용료 없이 1년간 연장 사용 권리를 갖는다.,1
"광고 모델의 이미지 사용 기간은 명시된 기간으로 종료하며, 연장 사용 시에는 모델 측과 상호 합의하여 적정한 추가 보상을 지급하고 사용한다.",0
"약 투약 실수 발생 시 원인을 사안별로 면밀히 조사하며, 근로자에게 일방적 책임을 귀속시키지 않는다.",0
수습 3개월 동안에도 근로기준법에서 정한 최저임금 이상을 전액 지급한다.,0
"프로젝트 완수를 위해 야간 근무가 발생한 경우, 근로기준법에서 정한 야간 근무수당을 별도로 산정하여 지급한다.",0
물류센터 작업량 변동과 무관하게 소정 근로시간에 대한 급여는 계약된 기준에 따라 전액 지급한다.,0
"야근 식사로 제공되는 도시락은 근로 편의를 위한 현물급여로서 임금에 산입하며, 최저임금 충족 여부 산정 시 시가 환산액을 포함하여 계산한다.",1
"퇴직 시 보유한 고객 정보는 개인정보보호법에 따라 전부 반환하거나 폐기하며, 미수금은 별도 절차에 따라 정산한다.",0
"개발자 평가는 코드 품질, 버그 발생률, 협업 기여도 등 다양한 기준을 종합적으로 반영하여 공정하게 실시한다.",0
"배송 근로자는 안전 기준에 미달하는 배송 지시에 대해 거절 또는 개선 요청을 할 수 있으며, 이를 이유로 불이익을 받지 않는다.",0
프로덕션 배포 시 리뷰어 역할을 한 사람은 최종 승인자로서 배포 이후 발생하는 모든 장애에 대해 연대 책임을 부담한다.,1
"전시 관련 운송 중 미술품 손상이 발생한 경우, 운송사 법인이 보험 등을 통해 배상하며 직원 급여에서 공제하지 않는다.",0
"근로자의 업무 범위는 계약서에 명시된 직무로 한정하며, 사적 심부름 등 계약 외 지시에는 응할 의무가 없다.",0
직급에는 명칭과 함께 그에 상응하는 권한 및 책임 범위를 명확하게 부여하고 취업규칙에 명시한다.,0
"급여 명세서는 지급일로부터 최대 30일 이내에 제공하며, 항목별 세부 내역은 회사 재량으로 일부 생략할 수 있다.",1
"생산 목표를 초과 달성한 근로자에게는 해당 월 또는 분기 내에 생산수당을 지급하며, 회사 경영 결과와 무관하게 지급 의무를 이행한다.",0
"연령과 무관하게 직무 능력과 성과를 기준으로 공정하게 평가하며, 나이를 이유로 한 불이익 처우를 일절 금지한다.",0
"수습기간은 최대 3개월로 하며 법정 최저임금 이상을 지급하고, 수습기간 연장은 근로자와 합의한 경우에 한해 1회에 한정하여 가능하다.",0
계약직 근로자를 포함한 모든 근로자에게 근로기준법에 따라 주 1회 유급 주휴일을 동등하게 부여한다.,0
"부동산 중개인의 거래 진행 중 고객 변심으로 계약이 취소된 경우, 발생한 업무 비용 및 기회손실을 중개인이 부담하며 수수료는 지급하지 않는다.",1
"교육기관 근로자의 개선 제안은 채택된 경우에 한하여 보상하며, 미채택 제안의 작성 시간은 근무시간으로 인정하지 않는다.",1
"동일한 업무를 수행하는 비정규직 근로자에게는 정규직과 동등한 임금 및 상여금 기준을 적용하며, 고용 형태만을 이유로 한 차별적 처우를 금지한다.",0
"서비스직 수습기간은 최대 2개월로 하며 법정 최저임금 이상을 지급하고, 수습기간 연장은 근로자 서면 동의가 있는 경우에만 가능하다.",0
"근로시간 변경은 사전에 근로자와 협의하여 결정하며, 일방적 지시에 의한 조정은 허용하지 않는다.",0
야근 시간에 비례하여 법정 기준 이상의 연장·야간 근로수당을 누진 적용하여 지급한다.,0
전시 관련 미술품 운송 중 손상이 발생하면 운송 담당 직원의 과실 여부를 불문하고 해당 직원 급여에서 손상액을 분할 공제하여 보상한다.,1
"연장·야간·휴일 근로수당은 기본급과 별도로 실제 발생 시간에 따라 법정 기준에 맞게 산정하여 지급하며, 포괄임금제를 적용하지 않는다.",0
"근로자가 징계위원회에 회부된 경우, 대면 소명 기회를 보장하며 노무사 등 대리인의 동석을 허용하여 방어권을 충분히 행사할 수 있도록 한다.",0
"혼인, 출산 등 개인 인적사항의 변동은 배치 전환 사유가 되지 않으며, 이를 이유로 한 불이익 인사 조치를 금지한다.",0
공기 단축을 위한 야간 근무 시에도 근로기준법에서 정한 야간·연장 근로수당을 정확히 산정하여 지급한다.,0
"급여는 회사의 판단에 따라 근로자의 손해배상 채무, 대여금 등과 사전 동의 없이 상계 처리할 수 있으며, 이의 제기 시 지급을 보류할 수 있다.",1
"징계 해고의 경우에도 근로기준법에 따라 퇴직금 전액을 지급하며, 손해배상 청구는 민사상 별도 절차에 따라 진행한다.",0
"직책수당은 매월 직무 평가에 따라 지급하되, 최저임금 위반 여부 산정 시 산입 기준을 근로기준법에 따라 엄격히 적용하여 산정한다.",0
"학생 이탈율은 교육 내용, 외부 환경 등 복합 요인을 종합 분석하여 평가하며, 이를 이유로 급여를 일방적으로 삭감하지 않는다.",0
"개인정보 유출 사고 발생 시 원인 및 귀책사유를 조사하며, 개인 과실이 없는 경우 급여를 차감하지 않고 법적 책임은 법령에 따라 처리한다.",0
"입사 후 1년 미만 근로자에게 발생하는 월 단위 연차휴가는 근로자가 원하는 시기에 자유롭게 청구할 수 있으며, 사업 운영상 불가피한 경우에만 협의하여 시기를 조정한다.",0
"미사용 연차에 대해서는 근로기준법에 따라 연차수당을 지급하며, 퇴사 시 잔여 연차도 일할 계산하여 보상한다.",0
"학부모 피드백은 교육 개선을 위한 참고 자료로 활용하며, 교원의 전문적 판단을 존중하여 합리적 범위 내에서 반영한다.",0
"임신 중인 여성 근로자는 모성보호법에 따라 유해·위험 업무에서 제외하며, 본인 희망 시 가벼운 업무로 전환 배치한다.",0
"배포 후 장애 발생 시 원인 분석을 팀 전체가 협력하여 수행하며, 책임 소재는 조사 결과에 따라 공정하게 판단한다.",0
"업무 중 발생한 식기 파손은 고의나 중대한 과실이 없는 한 근로자에게 배상을 청구하지 않으며, 사업주가 비용을 부담한다.",0
"신입과 기술자의 임금은 직무 역량과 성과에 따라 합리적으로 책정하며, 성장에 따른 임금 조정이 가능하도록 체계를 운영한다.",0
야간 근로에 대한 수당은 근로기준법 제56조에 따라 통상임금의 50% 이상을 가산하여 실제 근로시간 기준으로 지급한다.,0
"성과 향상을 위한 직무 교육(PIP) 이수 기간에도 기존 계약 임금을 그대로 지급하며, 교육 참여를 이유로 급여를 삭감하지 않는다.",0
요양보호사 자격증 갱신 비용은 업무 수행에 필수적인 비용으로 사용자가 전액 부담하거나 지원한다.,0
"매월 지급되는 식대는 근로자의 식사 방법과 무관하게 전액 지급하며, 구내식당 미이용을 이유로 공제하지 않는다.",0
"외국인 건설 근로자의 여권 및 신분증은 본인이 직접 보관하며, 사용자는 어떠한 이유로도 이를 보관하거나 압류할 수 없다.",0
"학원 강사의 학급 규모는 원장의 재량으로 결정하며, 규모 변동에 따른 수업 부담 증가분에 대해 별도 수당을 지급하지 않는다.",1
"의료 기관 직원의 해외 자격 취득 비용은 지원하되, 의무 근무 기간 및 조기 퇴직 시 반환 조건은 근로자와 사전에 서면으로 합의하여 합리적 범위 내에서 설정한다.",0
"상여금은 근로한 기간에 비례하여 일할 계산하여 지급하며, 근로기준법상 전액지급 원칙을 준수하여 출근율을 이유로 전액 미지급하지 않는다.",0
"경업금지 약정은 영업비밀 보호에 필요한 최소한의 범위로 한정하며, 합리적인 보상을 제공하는 경우에 한해 근로자와 개별 합의로 설정한다.",0
"학원 확장을 위한 홍보 및 이벤트 비용은 사용자가 전액 부담하며, 이를 강사 급여에서 공제하거나 강사에게 분담시키지 않는다.",0
"신입 근로자의 수습 기간에도 근로기준법에서 정한 최저임금 이상을 지급하며, 수습을 이유로 법정 기준 이하의 임금을 지급하지 않는다.",0
"재택근무 기간 중 발생하는 업무용 전기요금, 통신비, 장비 유지보수 등 필요 경비는 사용자가 실비로 지급하거나 지원한다.",0
"연말 성과급 및 명절 상여금은 근로한 기간에 비례하여 일할 계산하며, 퇴직자에게도 재직 기간에 해당하는 금액을 지급한다.",0
"배송 오류 발생 시 원인을 조사하여 근로자의 중대한 고의 또는 과실이 인정되는 경우에만 합리적 범위에서 손해를 청구하며, 단순 실수는 사용자가 부담한다.",0
"치료 목적의 결근은 사후 진단서 제출로 인정하며, 긴급한 의료 상황에 의한 결근은 징계 사유에서 제외하고 노사가 합리적으로 협의하여 처리한다.",0
"업무 중 발생한 차량 고장 수리비는 사용자가 부담하며, 근로자의 고의 또는 중대한 과실이 명백히 확인된 경우에만 합리적 범위에서 분담을 논의한다.",0
"개인 활동 제한은 계약서에 명시된 범위 내에서만 적용하며, 근로자의 사적 팬 활동은 업무에 지장을 주지 않는 한 자유롭게 허용한다.",0
"치매 환자 돌봄 중 발생하는 예측 불가능한 행동으로 인한 손실은 사용자가 부담하며, 근로자의 고의 또는 중과실이 없는 한 책임을 묻지 않는다.",0
"현장 온도가 법정 기준을 초과하는 경우 작업을 중단하거나 근무 환경을 즉시 개선하며, 열악한 환경에서 근무 시 별도 수당을 지급한다.",0
"리얼리티 프로그램 참가자의 외부 노출 제한은 계약서에 명시된 범위로 한정하며, 위반 시 배상액은 실제 손해 범위 내에서 합리적으로 산정한다.",0
"교재비 수납 및 미수금 정산은 학원 운영자의 책임으로 처리하며, 이를 강사에게 전가하거나 급여에서 공제하지 않는다.",0
"재택근무 신청 시 회사는 검토 후 결과를 통보하며, 거부 시에는 구체적 사유를 서면으로 명시하여 근로자에게 안내한다.",0
"인사 평가 결과가 낮은 직원에게는 개선 기회와 지원을 제공하며, 해고는 관련 법령에서 정한 정당한 사유와 절차에 따라서만 진행한다.",0
"업무 중 발생한 장비 손상은 근로자의 고의 또는 중대한 과실이 확인된 경우에 한해 합리적 범위에서 배상을 청구하며, 통상적 마모는 사용자가 부담한다.",0
"사용자는 근로자가 안전하고 쾌적한 환경에서 근무할 수 있도록 지속적으로 작업 환경을 개선할 의무를 지며, 환경 개선 요청을 성실히 검토한다.",0
"거점 오피스나 스마트워크 센터를 지정하여 근무하게 하는 경우, 해당 시설 이용에 따른 대관 비용은 사용자가 전액 부담한다.",0
"업무용 차량 운행 중 발생한 교통사고의 보험료 할증분은 사용자가 부담하며, 근로자의 중대한 고의 과실이 인정되는 경우에만 분담 여부를 협의한다.",0
"신입 직원의 수습 기간에도 근로기준법에서 정한 최저임금을 준수하여 지급하며, 법정 기준 이하의 임금 지급은 어떠한 경우에도 허용하지 않는다.",0
"외국인 근로자의 여권 및 외국인등록증은 본인이 보관하며, 사용자는 어떠한 명목으로도 이를 보관하거나 압류할 수 없다.",0
"근로자의 사생활은 업무 수행에 지장을 주지 않는 범위에서 존중하며, 사내 연애를 이유로 한 인사상 불이익 처우를 금지한다.",0
"금융 API 개발 과정의 코드 버그로 발생한 고객 피해는 조직 차원에서 책임지며, 개발자 개인에게 배상 의무를 전가하지 않는다.",0
"직원의 건강검진 결과는 본인 동의 없이 회사가 열람하거나 보관하지 않으며, 건강 상태를 이유로 한 불이익 인사 조치를 금지한다.",0
"근무 태도 문제 발생 시 서면 경고 및 개선 기회를 부여하며, 해고는 관련 법령에서 정한 정당한 사유와 절차를 엄격히 준수하여 진행한다.",0
"법령에 따른 근로시간 단축으로 발생하는 생산성 변화는 사용자가 공정 개선 등으로 대응하며, 이를 근로자의 책임으로 전가하지 않는다.",0
"기본급과 각종 수당은 항목별로 명확히 구분하여 지급하며, 포괄임금제 적용 시에는 근로자와 서면으로 합의하고 법정 기준 이상을 보장한다.",0
"휴가 기간 중에도 업무 연속성 유지를 위해 긴급 상황 발생 시 즉시 연락에 응하여야 하며, 응답 지연으로 인한 업무 손실은 본인이 책임진다.",1
"생산 목표 달성률이 월 기준 80% 미만인 경우, 미달 비율에 따라 기본급의 일정 비율을 성과 조정분으로 차감하여 지급할 수 있다.",1
"작업화, 안전모 등 업무상 필수 안전용품 비용은 사용자가 전액 부담하며, 근로자 급여에서 공제하지 않는다.",0
"직원의 개인 물품 검사는 법령에 근거하거나 근로자의 서면 동의가 있는 경우에만 시행하며, 그 외 무단 검사는 허용하지 않는다.",0
"경업금지 의무는 영업비밀 보호가 필요한 업무에 한하여 퇴직 후 1년 이내로 제한하며, 합리적인 보상을 지급하는 경우에만 효력을 갖는다.",0
"취업규칙 변경 시 근로자 과반수 또는 근로자 대표의 의견을 청취하고, 근로자에게 불이익한 변경의 경우에는 동의를 받아 시행한다.",0
"근로기준법상 사용자는 등기 여부와 무관하게 실질적으로 근로자를 지휘·감독하는 자를 포함하며, 실질적 경영자도 법적 책임을 부담한다.",0
"배송 건수 배정은 업무량, 안전, 근로시간 기준에 따라 합리적으로 결정하며, 불합리한 수입 통제 수단으로 활용하지 않는다.",0
"업무 중 발생한 사고의 진료비는 산업재해보상보험법에 따라 처리하며, 근로자의 고의가 없는 한 진료비를 본인에게 부담시키지 않는다.",0
"근로자는 고객의 부적절한 신체 접촉을 거부할 권리가 있으며, 사용자는 이를 보호하기 위한 조치를 마련하고 관련 고충을 적극 처리한다.",0
"고객 정보 유출 사고 발생 시 원인과 귀책사유를 조사하여 해당 직원에 대해서만 책임을 묻으며, 관련 없는 부서원의 수당은 정상 지급한다.",0
"업무상 재해로 발생한 산재보험료는 사용자가 전액 부담하며, 이를 근로자에게 전가하거나 배상 청구하지 않는다.",0
"근로자의 자기계발 및 새로운 기술 학습은 업무 외 시간에 자유롭게 할 수 있으며, 회사는 이를 장려하고 필요 시 지원한다.",0
"급여는 전액 근로자에게 직접 지급하며, 법령에서 정한 경우 외에는 사용자가 임의로 공제하거나 상계할 수 없다.",0
"연령을 이유로 한 고용, 임금, 승진 등 모든 근로조건에서의 차별을 금지하며, 위반 시 관련 법령에 따라 처리한다.",0
택배 업무에 필수적으로 요구되는 배송앱 사용료 등 업무 관련 통신 경비는 사용자가 지원하거나 실비로 지급한다.,0
"육아기 근로시간 단축 시 급여는 단축된 시간에 비례하여 조정하되, 직책수당은 직무 수행 여부에 따라 지급하며 단축만을 이유로 전액 회수하지 않는다.",0
"쟁의행위 참가 기간은 무단결근으로 처리하며, 연차유급휴가 산정 시 해당 기간을 결근일수에 포함하여 연차 발생일수를 감산한다.",1
"미성년자 고용 시 부모의 동의서를 받았다는 이유로, 주말이나 밤 11시 이후의 심야 시간대에 매장 마감조로 강제 투입하는 규정을 근로계약서에 넣는다.",1
"하청 업체 직원이 원청의 작업 지시를 직접 받고 일하더라도, 원청 소속이 아니므로 산재 처리나 휴가 사용 등 근로기준법상 사용자의 책임을 묻지 못한다.",1
팀장의 승인 없이 자유롭게 연차를 사용하는 행위는 팀 일정 방해로 간주하여 연차를 차감하지 않는 대신 인사평가 최하위 등급을 부여한다.,1
"회사의 재정 위기 상황에서 근로자는 자발적 급여 반납에 동의할 의무가 있으며, 미동의 시 구조조정 우선 대상에 포함될 수 있음을 인지한다.",1
"식품 판매 매장 직원이 유통기한 관리 실수로 판매 금지 제품을 출고한 경우, 해당 제품의 판매 손실액 전액을 직원 개인이 배상한다.",1
"출시 일정이 촉박한 프로젝트 기간에는 주 52시간을 초과하는 근로를 지시할 수 있으며, 근로자는 이에 대한 추가 수당 없이 프로젝트 완수 의무를 부담한다.",1
"건설 현장 관리 직원이 안전관리자 자리를 겸직하는 경우 별도의 안전관리 수당을 지급하지 않으며, 안전관리 업무는 현장 관리 직무에 포함된 것으로 본다.",1
배달원의 앱 GPS 이탈(지정 노선 이탈)이 3회 이상 적발되면 해당 월의 배달 완료 건수에 대한 수수료를 일괄 30% 삭감한다.,1
기계 오작동으로 인한 설비 손상 발생 시 운전자 과실로 추정하여 수리비의 50%를 해당 근로자의 급여에서 분할 공제한다.,1
부동산 중개 보조원이 성사시킨 계약 건수가 월 2건 미만인 달에는 기본 급여 없이 성사 건당 수수료만 지급하는 완전 성과급제로 전환한다.,1
현장 직원이 안전 문제를 제기하는 경우 작업 지연을 유발하는 행위로 간주하여 해당 직원을 즉시 대기 발령 처분하고 임금의 50%만 지급한다.,1
회사 지원으로 취득한 정보처리기사·클라우드·보안 자격증 취득 후 1년 6개월 이내 퇴사 시 자격증 취득 지원비 전액을 반환해야 한다.,1
"매년 초 갱신하는 연간 근로계약서에 당해 연도 임금 동결 조항을 포함시키며, 근로자 서명 없이 기존 근로조건 유지 동의로 갈음한다.",1
"강의 준비 시간(교안 작성, 교재 연구)은 강의 외 자발적 역량 개발 시간으로 간주하여 근로시간에 포함하지 않고 무급 처리한다.",1
"택배 집하·분류 직원이 스캔 누락으로 송장 오류를 발생시킬 경우, 오류 1건당 2천 원의 품질 벌점을 성과급에서 공제한다.",1
"택배 배달 기사는 독립 계약 사업자이므로 4대 보험 가입 및 퇴직금 지급 의무 없이 계약하며, 배차 지시에 따르더라도 근로자성을 주장할 수 없다.",1
"모델 에이전시 소속 모델의 스케줄 관리 권한은 전적으로 에이전시에 있으며, 모델이 에이전시 소개 없이 독자적으로 계약을 수주하는 경우 수익 전액을 몰취한다.",1
"환자 안전을 이유로 교대 근무 이후에도 인계가 완료될 때까지 잔류를 의무화하며, 인계 잔류 시간에 대해서는 별도의 초과수당을 지급하지 않는다.",1
광고 촬영 세트 대기 시간(4시간 이상)은 현장 대기 수당 없이 일률 출연료 산정에 포함된 것으로 처리하며 추가 비용을 청구할 수 없다.,1
"물류 배송 오류 누적 횟수가 월 10건을 초과하면 다음 달 배송 우선 배정에서 제외하며, 우선 배정 제외는 수입 감소로 이어지더라도 회사의 재량에 속한다.",1
"원생 관리 콜(전화 상담, 출결 독려)을 주 10건 이상 수행하지 않으면 상담 미이행으로 처리하여 해당 주의 상담 수당을 지급하지 않는다.",1
금융 감독기관의 현장 검사에서 직원 업무 처리 미흡으로 제재가 결정된 경우 제재 비용의 10%를 해당 직원이 부담하고 인사 조치를 수용한다.,1
"파견 생산직이 직접 고용 요청을 할 경우, 파견업체를 통해 계약 기간 만료를 통보하고 신규 파견 계약으로 재전환하여 고용 기간을 초기화한다.",1
"학원 개설 비용(시설 투자비) 일부를 강사의 '보증금' 형식으로 징수하며, 계약 기간 내 자발적 퇴사 시 보증금을 반환하지 않는다.",1
"방학 기간 중 강의가 없는 강사는 무급 휴직으로 간주하며, 이 기간에 발생하는 건강보험료 및 4대 보험료를 강사 개인이 전액 부담한다.",1
"계약 만료 후 재계약 시 기존 경력을 인정하지 않고 신규 입사자 처우로 재계약하며, 이전 계약 기간에 대한 퇴직금은 계약 만료 시 일괄 정산 후 재계약한다.",1
"공사 준공 후 하자 보수 기간(2년)에는 하자 발생 시 기존 시공팀이 무상으로 보수 작업을 수행해야 하며, 보수 기간 동안의 인건비는 지급하지 않는다.",1
"회사의 채용 지원 광고에 명시된 연봉과 실제 계약 연봉이 상이하더라도, 근로계약서에 서명한 시점부터 광고 연봉에 대한 이의 제기를 포기한 것으로 간주한다.",1
"스타트업의 스톡옵션 부여는 회사 이사회가 단독으로 평가 기준을 정하며, 부여 시점의 주가나 행사 조건을 사후에 근로자 동의 없이 변경할 수 있다.",1
"물류 창고 야간 보안 경비는 순찰 외 시간에 취침 가능하며, 순찰 시간을 제외한 모든 대기 시간은 휴식으로 처리하여 야간 가산수당 지급 의무를 면제한다.",1
"사회복지 현장 직원이 클라이언트의 자해·위해 상황 대응 중 상해를 입더라도, 안전 지침 준수 여부를 이유로 산재 신청을 제한할 수 있다.",1
현장 안전 점검을 회사 지정 담당자가 아닌 외부 기관에 신고하는 경우 내부 규정 위반으로 처리하며 인사상 불이익을 부과한다.,1
주 1회 이상 진행되는 스프린트 회고 및 테크 세미나 참가는 자기계발을 위한 자율 활동으로 분류하여 근무시간 외에 진행하며 별도 수당을 지급하지 않는다.,1
"법인세 신고 기간 경영 성과가 목표에 미달하는 경우 전 직원 급여의 10%를 일시 반납하기로 사전 합의하며, 반납분은 이듬해 영업이익 달성 시 환급하나 미달 시 포기한다.",1
"회사가 운영하는 사원 식당에서의 식사를 거부하는 직원은 급식 혜택에서 제외되며, 해당 직원의 식대 수당 청구권도 박탈된다.",1
회사에서 제공한 사택 퇴거 후 해당 주소지로 전입신고를 유지하는 경우 주거지 부정 사용으로 간주하여 손해배상을 청구한다.,1
영업 직원의 거래처 계약이 3개월 이내 해지되는 경우 지급된 계약 인센티브 전액을 환수하며 환수 금액은 차월 급여와 상계한다.,1
영업 준비(매장 오픈 청소 및 세팅 40분)와 마감 정리(20분)는 근무시간 외 자발적 서비스 정신으로 간주하여 임금을 산정하지 않는다.,1
"업무 중 발생한 보안 사고나 데이터 유출에 대해 직원의 주의의무 위반이 인정되는 경우, 피해 고객사의 손해배상 청구액 전액을 해당 직원의 급여에서 분할 공제한다.",1
"근로자는 퇴사 후 고객·거래처 정보를 이용하여 경쟁 사업을 영위할 수 없으며, 위반 시 전 직장 근무 1년당 1천만 원의 위약금을 납부한다.",1
보건 관련 법정 교육(감염관리 교육 등)은 의무 규정이지만 교육 시간이 근무시간 이외에 배정된 경우 자율 이수로 간주하여 무급 처리한다.,1
직원이 고객사의 스카우트 제의를 수락하여 이직하는 경우 이를 '영업 방해 행위'로 간주하여 손해배상 청구 및 업무 방해죄로 형사 고발한다.,1
"공장 이전 또는 생산 시설 재배치 시 근로자를 신규 공장으로 강제 전배하며, 이전 비용 미지원 및 이의 제기 불가에 동의한다.",1
"방과 후 특기 적성 강사는 학교 내 수업 이외에 홍보물 제작, 수업계획서 보고 등 행정 업무를 무급으로 이행하여야 한다.",1
"소아과·응급의학과 등 인력 부족 진료과의 경우 연차 사용은 부서장의 재량에 따라 제한할 수 있으며, 연간 연차 미사용분에 대한 수당 지급 의무는 면제된다.",1
야간 당직 근무 중 환자 호출이 없는 시간은 수면 가능한 '대기 휴식 시간'으로 간주하여 통상 시급의 50%만 지급하며 야간 가산수당 적용을 배제한다.,1
의사·한의사 등 전문직 계약직의 경우 진료 실적이 기준치(월 목표 환자수)에 미달하면 기본 급여를 삭감하고 성과급제로 전환할 수 있다.,1
라인 교체 및 신규 공정 적응 기간(2개월)에는 생산 숙련도가 떨어진다는 이유로 기존 급여의 70%만을 지급하는 것에 동의한다.,1
"스타트업의 초기 성장 단계임을 감안하여 주 60시간 이상의 근로가 요구될 수 있으며, 이 시간은 회사 성장에 대한 기여로 간주하고 별도 수당 없이 스톡옵션으로 대체한다.",1
"매월 지급하는 급여에는 퇴직금 명목의 금액이 사전 분할되어 포함되어 있으므로, 계약 종료 시 갑은 별도의 퇴직금을 지급할 의무를 지지 아니한다.",1
"근로자가 정당한 이유로 업무 지시를 거부한 경우 취업규칙에 따른 징계 절차를 거치며, 사유 확인 없이 즉시 해고하지 않는다.",0
"작업 과정의 자재 파손 및 오시공 발생 시 원인 조사를 거쳐 귀책 비율을 결정하며, 수리 비용을 임의로 급여에서 차감하지 않는다.",0
"건설 기능공의 수습 기간에도 최저임금 이상을 지급하며, 수습 기간 연장은 서면 고지 후 1회에 한해 합리적 사유 내에서 허용한다.",0
"영업비밀 침해에 따른 손해배상 청구는 실제 손해액을 기준으로 산정하며, 실제 손해와 무관하게 과도한 금액을 예정하는 계약은 체결하지 않는다.",0
"AWS 등 클라우드 비용 관리 책임은 인프라 팀과 개발팀이 공동으로 부담하며, 단순 실수에 의한 비용 초과를 특정 개인의 급여에서 차감하지 않는다.",0
"근로자에게 회사 내부 비리를 신고할 수 있는 익명 채널을 운영하며, 신고를 이유로 신분을 노출하거나 불이익을 주는 행위를 금지한다.",0
"근로자에게 유리하게 변경되는 취업규칙 개정은 동의 절차 없이 시행할 수 있으나, 불이익 변경은 반드시 근로자 과반수 동의를 받는다.",0
"퇴직 FP의 고객 DB 귀속 범위는 계약서에 명확히 정하며, 퇴직 후 고객에게 연락하는 것이 단순 인사 수준인 경우 금지하지 않는다.",0
"공장 이전 시 근로자와 사전에 협의하고, 원거리 이전에 따른 이사 비용 및 교통비 지원 방안을 성실히 검토하여 지원한다.",0
"인턴십 근로자도 실질적인 노무 제공이 있는 경우 최저임금법 및 근로기준법을 적용하며, '교육'을 이유로 임금 지급을 면제하지 않는다.",0
"회사 이메일·사내 시스템 사용 내역은 업무 목적 확인을 위해 열람할 수 있으나, 개인정보 보호법에 따른 절차를 준수하며 사전에 고지한다.",0
"직업성 질환 발생 가능성을 줄이기 위한 작업 환경 개선을 우선하며, 업무 관련 질환이 발생한 경우 산재 신청을 적극 지원한다.",0
"퇴사 후 영업비밀 보호를 위한 비밀유지 의무는 업무상 취득한 실질적 비밀에 한정되며, 기간을 합리적으로 한정하여 직업선택의 자유를 부당하게 침해하지 않는다.",0
실질적으로 회사의 지휘·감독을 받으며 배달 업무를 수행하는 라이더는 근로자로 인정하여 최저임금·주휴수당·산재보험을 적용한다.,0
"고객의 부정적 리뷰에 대한 사실 관계를 확인하고, 근로자의 귀책 없는 사례에서 급여나 성과급을 삭감하지 않는다.",0
"임금 지급 독촉은 근로자의 정당한 권리 행사이며, 이를 사내 기강 문란으로 보아 징계하는 행위는 금지된다.",0
"강사 보증금 형식의 금전 징수는 금지하며, 강사 채용 과정에서 발생하는 비용은 회사가 부담한다.",0
"콜센터 상담 건수 목표는 합리적으로 설정하며, 목표 미달 시 개인 성과급 삭감 기준은 취업규칙에 명확히 명시하고 과도한 삭감을 금지한다.",0
"기간제 근로자가 출산 전후 휴가를 사용하는 경우 계약 기간 만료를 이유로 조기 종료하지 않으며, 휴가 기간 동안 계약 기간은 일시 정지된 것으로 처리한다.",0
"근로자의 건강 상태를 이유로 한 불이익적 인사 조치는 장애인차별금지법 및 근로기준법에 따라 금지되며, 업무 적합성 판단은 합리적이고 공정한 기준으로 이루어진다.",0
건설 하도급 직영 팀장이 원청의 직접 지시를 받으며 근로한 경우 근로자성을 인정하여 근로기준법을 적용한다.,0
"신선식품 배송 중 온도 관리 장비 오류로 인한 손해는 회사가 부담하며, 근로자의 관리 과실 여부를 공정하게 조사한 후 책임 범위를 결정한다.",0
"부실 여신 발생 시 심사 절차 전반을 검토하며, 담당 직원의 급여를 장기 유보하는 방식의 일방적 제재를 가하지 않는다.",0
"기계 오작동으로 인한 설비 손상은 원인 분석 후 운전자 과실 여부를 공정하게 조사하며, 수리비를 무조건 직원 급여에서 공제하지 않는다.",0
"회사의 경영 위기로 무급 휴직이 필요한 경우 근로자의 동의를 받으며, 동의 없이 강제 무급 휴직을 명하지 않는다.",0
"연차유급휴가를 당일 사용하는 경우 사전 협의를 권장하되, 급박한 사유가 있는 경우에는 당일 사용을 허용하며 무단결근으로 처리하지 않는다.",0
"근로자의 학력·경력을 허위로 기재한 경우에도 해고 처분은 이로 인해 채용 결정에 실질적인 영향을 미쳤는지 여부를 기준으로 판단하며, 모든 사소한 불일치에 즉시 해고를 적용하지 않는다.",0
환불 처리가 완료된 배달 건에 대해서도 라이더의 서비스 이행 부분에 대한 수수료는 정산하여 지급한다.,0
"생산직 근로자의 건강 이상 신고를 수리하고 산업안전보건법에 따른 건강 보호 조치를 취하며, 강제 출근을 요구하지 않는다.",0
"근로자의 집단 임금 협상 활동은 노동3권의 정당한 행사이며, 참여를 이유로 해고하거나 불이익을 주는 것은 금지된다.",0
"공사 준공 후 하자 보수 업무가 발생하는 경우 별도 계약을 체결하고 정당한 인건비를 지급하며, 무상 보수를 강제하지 않는다.",0
"생산수당은 취업규칙에 명시된 기준에 따라 지급하며, 회사 손익 결산을 이유로 이미 확정된 수당 지급 의무를 면제하지 않는다.",0
"야간 물류 센터 직원에게는 야간 가산수당(통상임금의 50%)을 별도로 지급하며, 기본급에 야간 수당이 포함된 것으로 처리하지 않는다.",0
"감염병 비상 상황에서도 법정 연장근로 한도를 준수하거나, 불가피한 초과 근로에 대해 정당한 수당을 지급하고 보상 휴가를 부여한다.",0
"소규모 의료기관 소속 직원의 수습기간에도 최저임금 이상을 지급하며, 수습 종료 시 서면으로 본채용 여부를 통지하고 거부 시 사유를 명시한다.",0
"배포된 서비스의 이슈는 팀 전체의 프로세스 문제로 접근하며, 특정 개발자 개인의 급여에서 손해를 공제하는 방식의 책임 전가를 금지한다.",0
매장 내 현금 손실이 발생한 경우 명확한 귀책사유자가 확인되지 않는 한 공동 근무자에게 연대 배상을 요구하지 않는다.,0
"지각에 대한 불이익은 취업규칙에 명시된 합리적 기준에 따르며, 이의 제기 절차를 보장하고 소명 없이 평가 등급을 강등하지 않는다.",0
"펀드 수익률 부진 시 원인을 분석하고 운용 전략을 검토하며, 수익률 하회를 이유로 팀 전체 상여금을 일률 보류하지 않는다.",0
글로벌 팀과의 야간 협업이 발생하는 직군에 대해서는 야간수당을 지급하거나 시차 근무제를 도입하여 근로자의 생활 균형을 보장한다.,0
"플랫폼 배달 종사자가 업무 중 교통사고를 당한 경우 산재보험 적용을 지원하며, 개인 계약자 명목으로 산재 지원 의무를 회피하지 않는다.",0
"정보 보안 사고 발생 시 재발 방지를 위한 조직 차원의 개선을 우선하며, 사고 관련자가 아닌 부서 전체의 수당을 일률 정지하지 않는다.",0
"외국인 건설 근로자의 여권은 본인이 직접 소지하며, 회사가 대리 보관을 명목으로 압수하는 행위를 금지한다.",0
"외국인 계절 근로자에게도 내국인과 동일한 직무에 동일한 임금을 지급하며, 숙식 제공을 이유로 임금을 임의 삭감하지 않는다.",0
"배달 라이더의 콜 수락률 기준은 합리적인 수준으로 설정하며, 일시적 수락률 하락을 이유로 수수료를 일방적으로 삭감하거나 앱 접근을 차단하지 않는다.",0
"소규모 사업장이라 하더라도 근로기준법의 적용 범위에 해당하는 조항은 반드시 준수하며, 근로자에게 불리하게 법을 축소 해석하여 고지하지 않는다.",0
"성수기 물량 급증으로 인한 초과 근무는 근로자와 사전 협의 후 실시하며, 법정 한도를 초과하지 않는 범위에서 가산수당을 지급한다.",0
"계산 오류로 인한 현금 부족분은 회사가 부담하며, 오류 원인을 확인하지 않고 근로자의 시급에서 즉시 차감하지 않는다.",0
"보험설계사의 퇴직 후 영업 제한은 구체적인 지역·업종·기간을 명시하며, 합리적 보상을 제공하는 범위 내에서만 유효하다.",0
"주간 스프린트 회고, 테크 세미나 등 정기 교육이 소정근로시간 이후에 진행되는 경우 해당 시간을 연장근로로 인정하여 수당을 지급한다.",0
채용 확정 후 부여되는 3개월의 온보딩 기간 중에는 상호 적합성을 평가하여 기준 미달 시 수습을 조기 종료할 수 있다.,1
본사 인프라를 활용하여 산출된 모든 성과물과 그 과정에서 발생한 과실에 대한 책임은 해당 프로젝트 담당자가 일정 부분 부담하며 사후 정산에 동의한다.,1
당사의 핵심 인재 육성 프로그램에 참여한 자는 수료 후 2년 내 이탈 시 회사가 투자한 무형의 자산 가치를 배상할 도의적 및 법적 책임을 진다.,1
유연한 근무 환경 조성을 위해 부여된 자율 출퇴근제 하에서는 직원의 개인적 판단에 따른 추가 체류 시간을 연장 근로로 인정하지 아니한다.,1
성과 향상을 위한 자기계발 및 직무 관련 사내 스터디는 자발적 참여를 전제로 운영되므로 기본 근로시간 산정에서 제외함을 인지한다.,1
업무 특성상 외근 및 거래처 미팅이 잦은 직무는 이동 시간의 정확한 계측이 불가하므로 소정근로시간만 근무한 것으로 간주하여 합의한다.,1
"급변하는 시장 환경 및 조직 개편에 대응하기 위해, 회사는 직원의 직무 및 근무지를 합리적 범위 내에서 조정할 수 있으며 이에 사전 포괄 동의한다.",1
독립된 지위에서 과업을 수행하는 본 용역 계약의 수탁자는 사측의 업무 협조 요청 및 가이드를 직접적 지휘 감독으로 해석하여서는 아니 된다.,1
신규 플랫폼 개발 중 발생하는 치명적 버그나 시스템 다운 등 중대한 과실에 대해서는 성과급 지급 비율을 조정하여 회사의 손실을 보전한다.,1
"재택근무 시 업무 집중도 향상을 위해 접속 상태가 15분 이상 비활성화될 경우, 해당 시간은 휴게시간으로 간주하여 일급 산정에서 제외한다.",1
"프리랜서 위촉 해지 시, 상호 간의 원만한 관계 정리를 위해 남은 잔여 수수료의 20%를 행정 처리 비용으로 공제하는 데 동의한다.",1
"지속적인 영업 실적 부진으로 인하여 조직의 목표 달성이 저해될 경우, 역량 개선의 여지가 없다고 판단하여 고용 관계를 종료할 수 있다.",1
고객 불만족(CS) 지수가 부서 평균을 하회하는 직원에 대해서는 서비스 품질 유지 차원에서 다음 달 스케줄 배정을 최소화할 수 있다.,1
"사내 영업 비밀 유지를 위하여, 근로자는 퇴직 후 1년 내에 회사의 사전 서면 동의 없이 관련 업계에 취업하거나 자문을 제공하지 아니한다.",1
"외국 국적의 근로자는 체류 자격 및 비자 발급에 소요되는 행정적 수고를 고려하여, 내국인과 다른 별도의 급여 테이블을 적용받는 데 동의한다.",1
"사전 보고되지 않은 조퇴나 반차 사용은 부서의 업무 흐름을 심각하게 방해하므로, 해당 월의 주휴수당 발생 요건을 충족하지 못한 것으로 본다.",1
기본급 체계 외에 매월 지급되는 식대와 유류비 지원금은 복리후생 차원의 은혜적 급부이므로 퇴직금 산정 기준에서 전면 제외한다.,1
"본 계약서에 명시되지 않은 제반 근무 조건은 사측의 재량적 해석 및 회사의 관행에 따르며, 근로자는 이에 대해 사후 이의를 제기하지 않는다.",1
"업무용 차량의 관리 소홀로 인해 발생하는 범칙금 및 경미한 수리비는 운행자의 책임 하에 처리하며, 미납 시 익월 급여에서 선공제한다.",1
"임원진의 갑작스러운 회의 소집 등 불가피한 상황이 발생할 경우, 직원들은 정해진 퇴근 시간을 넘기더라도 업무 마무리에 최선을 다해야 한다.",1
"파견 직원의 근태 및 실적 평가 결과가 클라이언트의 요구 수준에 미치지 못할 시, 파견업체는 예고 없이 해당 근로자를 타 현장으로 전출시킬 수 있다.",1
"명절 떡값 및 여름 휴가비는 회사 경영 이익이 발생한 연도에 한하여 대표이사의 재량으로 지급되는 항목이므로, 임금 체불의 대상이 되지 않는다.",1
"콜센터 상담 중 발생한 악성 민원으로 인해 고객이 이탈할 경우, 해당 건에 대한 귀책사유를 물어 직원의 성과 인센티브에서 이를 상쇄한다.",1
"근태 불량으로 판단되는 무단결근 3일 연속 발생 시, 회사는 자동적으로 근로계약이 해지된 것으로 간주하고 서면 통지를 생략할 수 있다.",1
"출산 휴가 및 육아 휴직에서 복귀한 직원의 경우, 업무 공백기를 고려하여 이전 직무와 다소 상이한 지원 부서로 재배치될 수 있음에 동의한다.",1
"결제 대금 수금이 지연되어 회사의 현금 유동성에 문제가 생길 경우, 전 직원의 동의하에 해당 월의 임금 지급을 최대 30일간 보류할 수 있다.",1
"영업 방해나 회사 명예 실추 등 중대한 해사 행위가 의심되는 정황이 발견되면, 정확한 사실 관계 규명 전이라도 즉시 직무를 정지하고 대기 발령한다.",1
"매장 마감 후 진행되는 재고 조사 및 청소는 매장 운영의 필수적인 마무리 단계이므로, 별도의 추가 수당 청구 대상이 아님을 상호 확인한다.",1
"동료 간의 심각한 갈등을 유발하여 팀워크를 해치는 자는, 조직 쇄신 차원에서 회사가 마련한 자발적 퇴직 프로그램에 우선적으로 포함될 수 있다.",1
"퇴사 통보 시 발생할 수 있는 업무 공백의 피해를 최소화하기 위해, 인수인계서 작성을 완료하지 않고 퇴사하는 경우 마지막 급여를 정산하지 않는다.",1
"하청 업체의 도산으로 인하여 근로자들의 임금 체불이 발생하더라도, 도급인인 원청은 계약상 법적 책임이 없으므로 일체의 금전적 보상을 거부한다.",1
"사내 보안 규정에 의거하여, 회사의 승인 없이 개인 저장 매체에 업무 관련 파일을 복사하는 행위 적발 시 위약금 1천만 원을 즉각 배상한다.",1
"가족 돌봄이나 질병 등으로 장기간 휴직을 신청하는 경우, 회사의 인력 운용 계획에 차질을 빚을 수 있으므로 사직을 권고할 수 있다.",1
"포스기 정산 시 마감 금액이 장부와 일치하지 않는 경우, 그 차액의 원인이 명확히 밝혀지지 않으면 당일 근무한 캐시어들이 공동으로 변상한다.",1
"건설 현장의 일용직 노동자는 출근 당일 우천 등으로 작업이 취소될 경우, 대기 시간이나 이동에 대한 어떠한 보상금도 요구할 수 없음을 인지한다.",1
"미성년자 아르바이트생의 경우 야간 시간대 근무 배정이 불가피할 경우, 본인의 구두 동의하에 보호자 동의서를 사후 제출하는 것으로 대체한다.",1
"직무 발명 보상과 관련하여 업무 시간에 개발된 모든 지적 재산권은 전적으로 회사에 귀속되며, 퇴직 후 별도의 실시 보상금을 청구할 수 없다.",1
"수면 시간을 제외한 요양보호사의 24시간 교대 근무 형태에서, 심야 대기 시간은 실질적인 노동이 이루어지지 않으므로 시급 계산에서 배제한다.",1
명예 훼손이나 직장 내 괴롭힘으로 사내 징계위원회에 회부된 자는 조사의 공정성을 기하기 위해 즉시 급여 지급을 중지하고 무급 정직 처분한다.,1
"병가 사용 시 의사의 진단서가 제출되지 않은 경우, 해당 기간은 연차에서 차감되며 잔여 연차가 없을 시 일급에서 강제 공제 처리한다.",1
"가불금 상환 명목으로 회사는 매월 직원의 급여에서 상환액을 임의로 공제할 수 있으며, 퇴사 시 남은 잔액은 퇴직금에서 자동 상계한다.",1
배달 기사 위촉 계약 시 배송 지연으로 발생한 음식값 전액을 기사의 배달 대행 수수료에서 차감하는 방식의 페널티 제도를 적용함에 합의한다.,1
익명 게시판에 사실 확인이 되지 않은 루머를 유포하여 기업의 이미지를 훼손한 직원에 대해서는 법적 조치와 함께 즉각 파면을 원칙으로 한다.,1
상여금 반납 등 회사의 비상 경영 조치에 동참하지 않는 직원은 조직 융화력이 부족한 것으로 보아 차기 연봉 협상에서 불이익을 감수해야 한다.,1
"건강 검진 결과 업무 수행에 중대한 지장을 초래할 질환이 발견될 경우, 회사는 안전 사고 예방을 위해 해당 직원의 근로계약을 직권 해지할 수 있다.",1
명령 불복종으로 인해 부서의 업무 차질을 빚은 사원은 사후 소명서 제출 여부와 무관하게 즉각적인 감봉 30% 처분을 수용해야 한다.,1
"공가 신청 시 증빙 서류가 미비할 경우, 사측은 이를 승인하지 아니하며 해당 기간 출근하지 않은 것은 무단 결근으로 보아 급여에서 제한다.",1
"교통비 미지급을 조건으로 기본급을 약간 상향 조정한 형태의 계약이므로, 근로자는 출퇴근 및 외근 시 발생하는 유류비를 회사에 청구하지 않는다.",1
휴대전화 사용 등 업무 중 개인적인 딴짓으로 낭비된 시간은 사측의 모니터링 시스템을 통해 합산되어 월급 계산 시 분 단위로 공제된다.,1
"조기 퇴근을 지시받은 일용직 근로자의 경우, 실 근로시간이 4시간 미만일 때는 반나절 치 임금만 지급하고 휴업 수당은 별도로 산정하지 아니한다.",1
"중간 정산을 받은 퇴직금에 대하여, 이후 회사의 급여 테이블이 변동되더라도 근로자는 정산 시점의 기준에 동의했으므로 추가 차액을 요구할 수 없다.",1
"야간 수당 지급을 피하기 위해, 회사는 밤 10시 이후의 업무 지시는 내일 오전 업무를 미리 당겨서 하는 '자발적 야근'으로 분류하여 운영한다.",1
"직책 수당은 관리자로서의 책임과 권한에 대한 보상일 뿐 통상적인 임금의 성격을 지니지 않으므로, 퇴사 시 평균 임금 산정 기초에서 제외한다.",1
"식대 공제 명목으로 매월 일정액을 월급에서 제하는 대신 구내식당 이용권을 지급하며, 이를 사용하지 않아도 현금으로 환급해주지 않는다.",1
"경조사 휴가 사용 중 부득이한 회사 호출로 잠시 업무를 처리한 경우, 이는 복리후생 기간 내에 자발적으로 도운 것이므로 근로시간에 미산입한다.",1
연장 근무 신청서를 사전에 제출하지 않은 채 부서에 남아 남은 일과를 마무리한 시간은 본인의 업무 능력 부족 탓이므로 수당 지급 대상이 아니다.,1
무단 이탈로 인한 라인 정지 등 회사 생산성에 막대한 지장을 초래한 자는 징계위 소집 없이 현장에서 즉시 근로계약 해지를 명할 수 있다.,1
"흡연 적발 등 사내 금연 규정을 3회 이상 상습 위반한 직원은, 타 직원의 쾌적한 근로 환경 조성을 위해 3개월간 무급 정직 처분한다.",1
"복장 불량이나 단정하지 못한 용모로 고객 서비스에 지장을 준 직원은, 그날 발생한 해당 직원의 인센티브 수익을 전액 회사 운영비로 귀속시킨다.",1
동료 갈등을 일으켜 조직 문화를 저해하는 직원 2인에 대해서는 시시비비를 가리기 전 양측 모두의 당월 상여금을 절반으로 삭감하여 경고 조치한다.,1
하극상 등 직장 내 질서를 심각하게 문란하게 한 사원에 대해서는 사측이 요구하는 반성문 및 자진 사직서 제출을 강제할 수 있음에 동의한다.,1
"형사 고발 등 사회적 물의를 일으켜 회사 브랜드 가치를 떨어뜨린 임직원은, 형 확정 전이라도 즉시 파면하고 퇴직금을 지급하지 아니한다.",1
"영업 방해나 경쟁사로의 기술 유출이 합리적으로 의심되는 경우, 직원의 동의 없이 노트북과 개인 사물함을 압수하고 당일부로 회사에서 축출한다.",1
"민사 소송 진행 중인 계약직 근로자의 경우, 회사와의 분쟁 상태임을 고려하여 계약 갱신 심사 대상에서 원천 배제하고 즉각 계약 만료 통보를 한다.",1
"희망 퇴직 프로그램에 지원하지 않고 잔류를 선택한 직원에 대해서는, 인력 구조조정의 일환으로 기존 직무와 무관한 오지 현장으로 전출시킬 수 있다.",1
"대기 발령 기간 중에는 직무를 수행하지 않으므로, 이 기간에 대해서는 기본급의 30%만 지급하며 3개월 경과 시 자동 해고되는 사규에 서명한다.",1
"경위서 제출을 2회 이상 거부하는 직원은 상급자의 지시 불이행 및 개전의 정이 없는 것으로 간주하여, 징계위 소집 절차를 생략하고 즉시 직권면직한다.",1
"시말서 작성 시 회사의 과실을 덮어주고 본인의 100% 책임을 인정하는 내용으로 강제 기재해야 하며, 이를 거부할 시 징계 수위를 한 단계 상향한다.",1
징계 위원 출석 통지를 받고도 불참한 자는 스스로 소명 기회를 포기한 것으로 보아 궐석으로 최고 수위의 징계(파면)를 결정할 수 있음에 동의한다.,1
"부당 해고 구제 신청을 노동위원회에 제기하여 승소하더라도, 회사는 복직 명판결을 수용하는 대신 소급 임금의 50%만 지급하는 합의를 종용할 수 있다.",1
"산재 신청 후 요양을 마치고 돌아온 현장직 노동자는, 산재 발생 이력으로 인해 회사 보험료 인상에 기여했으므로 연말 성과급 대상에서 제외한다.",1
"자격증 갱신 기간을 놓쳐 업무에 투입할 수 없게 된 특수 직군 근로자는 해당 기간 동안 무급 휴직 처리하며, 1달 내 미갱신 시 자동 퇴사 처리한다.",1
"교육 이수 점수가 평균 이하인 신입 직원은 3개월의 수습 기간이 끝난 후 정규직 전환 심사에서 자동 탈락되며, 이의를 제기할 수 없다는 규정을 따른다.",1
"수면 시간 보장이 어려운 24시간 교대 병동 근무자의 경우, 휴게실 체류 시간을 휴게 시간으로 일괄 간주하여 야간 수당 산정 시 분모에서 완전히 제외한다.",1
"대기 시간 동안 스마트폰을 보거나 휴식을 취하더라도 언제든 호출 시 튀어나가야 하는 콜 대기조의 경우, 호출된 시간만 실 근로시간으로 쳐준다.",1
"교대 근무 중 후임자가 지각하여 부득이하게 초과 근무를 한 시간은, 교대조 간의 인수인계 관행이므로 사측에서 추가 수당을 지급할 법적 의무가 없다.",1
연장 근무 결재를 올리지 않고 자발적으로 부서에 남아 잔무를 처리한 시간은 본인의 역량 부족 탓이므로 연장근로수당 청구 대상이 아니라고 간주한다.,1
"휴일 특근 시 회사에서 중식과 석식을 제공하는 것으로 가산 수당 지급을 갈음하며, 근로자는 특근 수당을 별도로 요구하지 않겠다는 약정서에 사인한다.",1
"노조 가입을 이유로 부서 내 갈등을 조장한다고 판단되는 직원은, 사내 질서 유지를 위해 즉각 노조 탈퇴를 권고하고 불응 시 타 부서로 전출시킨다.",1
"건설 현장에서 비가 와서 작업이 중단된 날은, 날씨 탓이므로 회사의 귀책사유가 아니라고 판단하여 일용직 인부들에게 휴업 수당을 단 1원도 주지 않는다.",1
"야간 경비 알바생이 심야에 1시간이라도 눈을 붙인 사실이 적발되면, 해당 시간의 시급 삭감뿐만 아니라 다음 달 계약을 즉시 해지하는 데 동의한다.",1
"임산부 직원의 경우 본인이 원하더라도 야간 교대 근무에 투입하지 않는 대신, 기본급의 10%를 삭감하여 형평성을 맞춘다는 사내 인사 규정을 적용한다.",1
"외국인 노동자는 숙식비 제공 명목으로 매달 월급에서 50만 원을 일괄 공제하며, 이로 인해 최저임금에 미달하더라도 상호 간 합의된 것으로 간주한다.",1
도급 계약을 맺은 지입차주 운전기사가 회사 로고가 찍힌 유니폼을 입고 출퇴근 지시를 받더라도 퇴직금은 요구하지 않겠다는 각서를 매년 갱신한다.,1
"프리랜서 헤어 디자이너는 미용실 원장의 스케줄 통제와 청소 지시를 받더라도, 3.3% 원천징수 대상자이므로 4대 보험 및 주휴수당 지급 대상이 아니다.",1
"배달 기사가 배송 중 오토바이 사고를 내어 회사에 끼친 손해액은, 회사가 민사 소송을 거치지 않고 기사의 당월 수수료에서 마음대로 차감할 수 있다.",1
물류 창고 알바생이 지각을 3번 할 경우 하루 치 일당 전체를 페널티 명목으로 지급하지 않기로 하는 취업규칙 내용을 근로계약서보다 우선하여 따른다.,1
"콜센터 상담원이 고객 컴플레인을 유발하여 콜 건수가 줄어들면, 징계위 소명 절차 없이 즉각적으로 해당 직원의 다음 달 성과급 지급 비율을 0으로 만든다.",1
"일용직 노동자가 근로계약서를 쓰기도 전에 현장에서 일을 시작했다면, 당일 구두로 약속한 임금을 나중에 사장이 깎아도 법적으로 문제 삼지 않기로 한다.",1
"파견 직원이 파견업체로부터 월급을 떼이더라도, 실질적으로 일을 시킨 원청 업체는 근로기준법상 아무런 연대 책임이 없다는 조항을 파견 계약서에 넣는다.",1
근로 계약기간은 년 월 일 부터 년 월 일까지 총 개월로 한다.,0
근로 계약기간은 구체적인 년 월 일로 한다.,0
계약기간 만료 시 당사자 간 합의에 의해 계약을 갱신할 수 있다.,0
"근로자는 입사 후 일간의 수습기간을 거치며, 수습기간 중 임금도 통상임금과 동일하게 지급한다.",0
사용자와 근로자는 본 계약서에 서명하여 각각 1부씩 보유한다.,0
근로장소는 경기도 안산시 단원구 고잔동 포도밭으로 한다.,0
근로장소를 변경해야 하는 경우 사용자와 근로자 간의 사전 협의를 통해 결정한다.,0
근로자는 본 계약서에 정한 근로장소 외의 다른 장소에서 근무해서는 안 된다.,0
"근로자의 업무는 포도나무 가지 정리, 봉투 씌우기, 수확 및 포장 등 포도 농사 작업이다.",0
사용자는 근로자의 동의 없이 계약서에 정한 업무 외의 다른 업무를 강요할 수 없다.,0
"소정 근로요일은 월요일부터 금요일까지이며, 주 5일 근무를 원칙으로 한다.",0
소정 근로시간은 매일 오전 시 부터 오후 시까지로 한다.,0
월간 소정 근로시간은 평균 시간으로 한다.,0
"농번기(8월~9월)에는 월 시간 이내에서 근로시간을 연장할 수 있으며, 사전 협의를 통해 결정한다.",0
"폭우, 태풍 등 악천후로 근로가 불가능한 경우 당사자 간의 협의로 근로시간을 조정한다.",0
소정 근로시간을 초과하는 연장근로는 근로자의 사전 동의를 얻어 실시한다.,0
휴일에 근로하는 경우 최소 3일 전에 근로자에게 통보하고 동의를 얻는다.,0
휴일에 근로한 경우 당사자 간의 협의를 통해 1개월 이내에 대체휴일을 제공한다.,0
"1일 휴게시간은 총 1시간으로 하며, 오전 시 분 부터 시 분, 오후 시 분 부터 시 분으로 나누어 부여한다.",0
휴게시간은 연속적으로 제공하는 것을 원칙으로 한다.,0
"점심시간은 오후 시 분부터 시 분까지 1시간으로 정하며, 충분한 식사 시간을 보장한다.",0
기상 상황이나 작업 여건에 따라 휴게시간을 변경할 경우 당사자 간의 협의를 통해 결정한다.,0
"휴게시간은 근로자의 자유로운 시간이며, 근로자는 휴게시간 중 외출이나 휴식을 자유롭게 할 수 있다.",0
"휴게시간을 위한 휴게실을 제공하며, 휴게실 내에는 의자, 테이블, 음료수 등 기본 시설을 갖춘다.",0
"휴게시간은 매일 보장하는 것을 원칙으로 하며, 부득이한 경우를 제외하고 단축할 수 없다.",0
휴일은 매주 일요일 1일을 정하여 유급휴일로 한다.,0
월간 휴일은 최소 4일 이상 보장한다.,0
토요일은 월 1회 이상 휴일로 정하여 보장한다.,0
"설날, 추석, 근로자의 날 등 관공서의 공휴일은 유급휴일로 한다.",0
사업상 필요로 휴일을 변경할 경우 최소 7일 전에 근로자와 협의하고 동의를 얻는다.,0
휴일을 변경하는 경우 대신할 휴일을 명확히 지정한다.,0
휴일에 근로한 경우 시간당 통상임금의 200%에 해당하는 휴일근로수당을 지급한다.,0
토요일과 일요일을 연속으로 휴일로 정하여 연속휴일을 보장하는 것을 원칙으로 한다.,0
1주간 최소 1일 이상의 휴일은 반드시 근로하지 않는 것을 원칙으로 한다.,0
한 달에 최소 1주일 이상은 토요일과 일요일을 모두 휴무해야 한다.,0
매월 1일 이전에 다음 달 휴일 일정을 근로자에게 공지한다.,0
근로자는 근로기준법 제60조에 따라 1년간 15일의 연차유급휴가를 취득한다.,0
연차유급휴가를 사용하려는 경우 최소 7일 전에 사용자에게 신청한다.,0
근로자가 신청한 휴가 일정이 사업장 사정과 맞지 않을 경우 당사자 간의 협의를 통해 조정한다.,0
미사용 연차유급휴가는 그 다음연도로 이월할 수 있다.,0
근로계약 종료 시 미사용 연차유급휴가에 대해 통상임금을 기준으로 휴가급여를 지급한다.,0
근로자 본인의 결혼 시 5일의 유급휴가를 부여한다.,0
여성 근로자의 출산 전후 총 98일의 출산휴가를 부여한다.,0
근로자가 질병으로 근로할 수 없을 때 의료기관 진단서를 제출하고 휴가를 사용할 수 있다.,0
"배우자, 자녀, 부모, 형제자매의 사망 시 법정 기간 동안 무급 또는 유급 휴가를 부여한다.",0
휴가 기간 중의 임금은 통상임금을 기준으로 지급한다.,0
근로자의 월 통상임금은 원으로 한다.,0
근로자의 기본급은 원 으로 한다.,0
생활보조수당 원을 매월 지급한다.,0
시간급은 월 통상임금을 209시간으로 나눈 금액인 원이다.,0
일급은 월 통상임금을 22일로 나눈 금액인 원이다.,0
"월급여는 기본급과 수당으로 구성되며, 급여명세표에 각 항목을 상세히 기재한다.",0
"상여금은 정월, 여름, 추석 연 3회 지급하며, 회당 기본급의 %인 원을 지급한다.",0
수습기간 중 임금도 통상임금과 동일하게 지급한다.,0
소정 근로시간을 초과하는 연장근로에 대해서는 시간당 통상임금의 150%를 가산하여 지급한다.,0
오후 10시부터 오전 6시까지의 야간근로에 대해서는 시간당 통상임금의 150%를 가산하여 지급한다.,0
휴일에 근로한 경우 시간당 통상임금의 200%를 지급한다.,0
야간 휴일근로의 경우 더 높은 요율인 200%를 적용한다.,0
가산임금은 통상임금을 기준으로 정확히 계산하여 지급한다.,0
월간 초과근로 시간이 많을 경우 사용자와 근로자가 협의하여 조정한다.,0
근로 기준법의 근로시간 규정을 준수한다.,0
임금은 매월 일로 정해진 일자에 정확히 지급한다.,0
임금은 근로자 본인 명의의 예금통장에 전액 은행 송금으로 지급한다.,0
임금 지급일이 공휴일인 경우 그 전날에 지급한다.,0
"임금 지급 시 근로자에게 근무 기간, 근무 일수, 급여 계산 내역이 기재된 명세서를 제공한다.",0
"사용자는 근로자의 명의로 된 예금통장, 카드, 도장 등을 보관하거나 관리할 수 없다.",0
"임금은 전액 현금 또는 은행 송금으로 지급하며, 물품이나 상품권으로 지급할 수 없다.",0
임금 지급과 관련된 은행 수수료는 사용자가 부담한다.,0
임금 지급 기일은 명확하고 정확하게 명시하여야 한다.,0
"임금 공제는 소득세, 지방소득세, 건강보험료, 고용보험료, 국민연금보험료 등 법정 공제만 실시한다.",0
근로자의 부주의나 과실로 인한 손해배상을 임금에서 공제할 수 없다.,0
"지각, 결근, 근무태도 미흡 등을 이유로 임금을 임의로 감점하거나 공제할 수 없다.",0
근로자의 동의 없이 임의적 공제를 실시할 수 없다.,0
법정 공제 외의 임의적 공제는 월 통상임금의 50%를 초과할 수 없다.,0
"임금 공제 시 공제 사유, 공제 항목, 공제액을 명확히 명시하여 근로자에게 통지한다.",0
선금이나 대여금 등을 임금에서 강제로 공제할 수 없다.,0
근로자가 1년 이상 계속 근무하고 퇴직하는 경우 근로기준법 제34조에 따라 퇴직금을 지급한다.,0
퇴직금은 최종 통상임금에 근무 개월수를 곱하여 12로 나눈 금액으로 계산한다.,0
퇴직금은 근로자의 퇴직 또는 해고 후 14일 이내에 지급한다.,0
퇴직금은 근로자 명의의 예금통장에 은행 송금으로 지급한다.,0
근로 중 근로자의 요청이 있을 경우 사용자와 협의하여 퇴직금을 선지급받을 수 있다.,0
"사용자는 독립된 침실, 취사시설, 샤워실, 화장실 등 기본적인 생활 시설을 갖춘 숙박시설을 제공한다.",0
숙박시설은 경기도 안산시 단원구 포도밭 인근에 위치한다.,0
"사용자는 근로자에게 조식, 중식, 석식 1일 3끼의 식사를 제공한다.",0
"숙식을 제공하는 경우 숙식비는 사용자와 근로자가 협의하여 결정하며, 월 통상임금의 20% 범위 내에서 공제할 수 있다.",0
신규 근로자의 경우 입국 후 현지에서 사용자와 근로자가 직접 협의하여 숙식비를 결정한다.,0
"사용자는 숙박시설의 위생, 채광, 환기, 난방 등을 정기적으로 점검하고 개선한다.",0
"사용자는 근로자를 고용보험, 산재보험, 건강보험, 국민연금에 가입한다.",0
근로 중 업무상 재해가 발생한 경우 산업안전보건법에서 정한 산재보험급여를 받을 수 있다.,0
근로자는 입국 시 정부 지정 병원에서 건강검진을 받을 수 있다.,0
근로 중 부상이나 질병이 발생한 경우 사용자는 의료기관 이용을 지원한다.,0
사용자는 업무상 부상에 대비하여 상해보험에 가입한다.,0
"사용자는 근로자의 안전을 위해 개인보호장비(안전모, 장갑, 안전화 등)를 지급한다.",0
"근로 개시 전 및 정기적으로 농약 안전, 중장비 안전, 응급처치 등의 안전교육을 실시한다.",0
근로자는 사용자의 안전 관련 정당한 지시에 따른다.,0
사용자는 근로자에게 작업 과정에서 발생할 수 있는 위험요소를 사전에 고지한다.,0
징계는 근로자에게 해명할 기회를 주고 충분한 협의 후 실시한다.,0
사용자는 정당한 사유 없이 근로자를 해고할 수 없다.,0
