id,text
표준 계절근로계약서([ ] 농업 [ ] 어업 분야),제1조(근로계약기간) [ ] 신규 또는 재입국자 Newcomer or Re-entering employee: 년(Year) 월(Month) 일(Day) ~ 년(Year) 월(Month) 일(Day) / ( ) 개월 month(s)
표준 계절근로계약서([ ] 농업 [ ] 어업 분야),제1조(근로계약기간) [ ] 근무처 변경자 Employee who changed workplace: 년(Year) 월(Month) 일(Day) ~ 년(Year) 월(Month) 일(Day) / ( ) 개월 month(s)
표준 계절근로계약서([ ] 농업 [ ] 어업 분야),"제2조(근로 장소) 농업경영체의 경우 그 사용자의 경영체등록 필지를 말하며, 어업경영체의 경우 해당 경영체의 어업 활동 수행을 위하여 사용되는 장소로서, 허가ㆍ신고된 어장, 양식장, 가두리 등 해상양식시설, 관리선 및 부속ㆍ보조선박, 부두, 육상양식장 등 실제 근로가 이루어지는 장소를 말합니다."
표준 계절근로계약서([ ] 농업 [ ] 어업 분야),제2조(근로 장소) 사용자는 근로자를 이 계약서에서 정한 장소 외에서 일하게 해서는 안 됩니다.
표준 계절근로계약서([ ] 농업 [ ] 어업 분야),제2조(근로 장소) 근로자는 이 계약서에서 정한 장소 외에서 근로해서는 안 됩니다.
표준 계절근로계약서([ ] 농업 [ ] 어업 분야),제2조(근로 장소) 공공형 계절근로 사업자는 사업 운영의 특성 및 현장 여건을 고려하여 근로 장소를 별도로 지정할 수 있습니다.
표준 계절근로계약서([ ] 농업 [ ] 어업 분야),제3조(업무내용) 직무내용(란)에는 외국인 계절근로자가 사업장에서 실제 수행하게 될 구체적인 업무를 반드시 상세하게 적습니다.
표준 계절근로계약서([ ] 농업 [ ] 어업 분야),제3조(업무내용) 외국인 계절근로자에게 위 업무내용 외의 업무(품목 추가 등)를 하게 하는 경우 해당 근로자와의 협의가 필요합니다.
표준 계절근로계약서([ ] 농업 [ ] 어업 분야),"제3조(업무내용) 농어업과 관련 없는 업무(육아, 가사 등)는 할 수 없습니다."
표준 계절근로계약서([ ] 농업 [ ] 어업 분야),제4조(근로시간) 소정근로요일: 요일 ~ 요일
표준 계절근로계약서([ ] 농업 [ ] 어업 분야),제4조(근로시간) 소정근로시간: 시 분 ~ 시 분 - 월 ( )시간
표준 계절근로계약서([ ] 농업 [ ] 어업 분야),제4조(근로시간) 근무상황에 따라 당사자 동의를 받아 근로일을 변경할 수 있습니다.
표준 계절근로계약서([ ] 농업 [ ] 어업 분야),"제4조(근로시간) 농번기ㆍ성어기, 농한기ㆍ어한기, 계절ㆍ기상 요인에 따라 ( )시간 내에서 변경이 가능합니다."
표준 계절근로계약서([ ] 농업 [ ] 어업 분야),"제5조(휴게시간) 1일 ( )회, ( )시간 ( )분"
표준 계절근로계약서([ ] 농업 [ ] 어업 분야),제5조(휴게시간) 기상상황 등에 따라 근로시간 및 휴게시간은 변동될 수 있습니다.
표준 계절근로계약서([ ] 농업 [ ] 어업 분야),"제6조(휴일) [ ] 주 1회 1 time/week, [ ] 월 4회 4 times/month [ ] 그 밖의 경우 Others ( )"
표준 계절근로계약서([ ] 농업 [ ] 어업 분야),"제6조(휴일) 휴일은 정기적으로 부여하는 것을 원칙으로 하되, 당사자 간에 협의하여 날짜를 조정할 수 있습니다."
표준 계절근로계약서([ ] 농업 [ ] 어업 분야),"제7조(임금) 1) 임금 Wage: 원 won [ ]월급 Monthly, [ ]시간급 Hourly, [ ]일급 Daily, [ ]주급 Weekly, 주휴수당 포함 여부 Weekly holiday allowance: [ ]포함 Paid, [ ]미포함 Unpaid"
표준 계절근로계약서([ ] 농업 [ ] 어업 분야),"제7조(임금) 2) 상여금 및 수당 Bonus or Extra pay: [ ]지급 Paid (상여금 Bonus: 원 won, 수당 Extra pay: 원 won), [ ]미지급 Unpaid, 근로시간에서 정한 시간을 넘는 연장근로에 대해 시간당 ( )원을 지급합니다."
표준 계절근로계약서([ ] 농업 [ ] 어업 분야),제7조(임금) 야간근로(그날 22:00~다음 날 06:00)에 대해서는 통상임금의 50%를 가산임금으로 지급해야 합니다(상시근로자 4명 이하 사업장에는 해당되지 않습니다).
표준 계절근로계약서([ ] 농업 [ ] 어업 분야),제8조(임금 지급일) ( ) 부터 ( ) 까지* 계산하여 [ ] 그 달 / [ ] 그 다음 달 ( )일 또는 [ ] 그 주 / [ ] 그 다음 주 ( )요일에 지급
표준 계절근로계약서([ ] 농업 [ ] 어업 분야),제8조(임금 지급일) 임금 지급일이 공휴일인 경우 전날에 지급합니다.
표준 계절근로계약서([ ] 농업 [ ] 어업 분야),제9조(임금 지급방법) 근로자 명의 통장에 임금 전액을 직접 입금합니다.
표준 계절근로계약서([ ] 농업 [ ] 어업 분야),제9조(임금 지급방법) 사용자는 근로자 명의로 된 예금통장 및 도장을 관리해서는 안 됩니다.
표준 계절근로계약서([ ] 농업 [ ] 어업 분야),"제10조(숙식 제공) 1) 숙박시설 제공 Provision of Accommodations: [ ]제공 Provided, [ ]미제공 Not provided, 제공 시, 숙박시설의 유형, 근로자 부담금액: 매월 원"
표절 계절근로계약서([ ] 농업 [ ] 어업 분야),"제10조(숙식 제공) 2) 식사 제공 Provision of Meals: [ ]제공 Provided, [ ]미제공 Not provided, 제공 시, 근로자 부담금액: 매월 원"
표준 계절근로계약서([ ] 농업 [ ] 어업 분야),제10조(숙식 제공) 숙식비는 숙소 시설 종류 및 식사 제공 유무에 따라 월 20% 범위에서 공제가 가능합니다.
표준 계절근로계약서([ ] 농업 [ ] 어업 분야),제10조(숙식 제공) 근로자의 비용 부담 수준은 사용자와 근로자 간 협의에 따라 별도로 결정합니다. 신규 또는 재입국자인 근로자의 경우 입국 이후에 사용자와 협의합니다.
표준 계절근로계약서([ ] 농업 [ ] 어업 분야),"제11조(사용자 안전의무) 사용자는 산업 안전ㆍ보건조치 등 근로자 안전에 관한 의무사항을 준수해야 하며, 근로자는 「산업안전보건법」 및 「근로기준법」에 따른 사용자의 정당한 지시에 따라야 합니다."
표준 계절근로계약서([ ] 농업 [ ] 어업 분야),"제12조(성실의무) 사용자와 근로자는 근로계약, 취업규칙, 단체협약을 지키고 성실하게 이행해야 합니다."
표준 계절근로계약서([ ] 농업 [ ] 어업 분야),제13조(준용) 연차유급휴가 등 이 계약에서 정하지 않은 사항은 「근로기준법」에서 정하는 바에 따릅니다.
표준근로계약서,제1조(근로계약기간) 1항 신규 또는 재입국자는 지정된 개월 수만큼 계약한다.
표준근로계약서,제1조(근로계약기간) 2항 사업장변경자는 명시된 기간 동안 계약한다.
표준근로계약서,"제1조(근로계약기간) 3항 수습기간을 활용하거나 활용하지 않으며, 활용 시 기간을 명시한다."
표준근로계약서,제2조(근로장소) 1항 근로자를 이 계약서에서 정한 장소 외에서 근로하게 해서는 안 된다.
표준근로계약서,"제3조(업무내용) 1항 업종, 사업내용, 직무내용을 기재하며 외국인근로자가 사업장에서 수행할 구체적인 업무를 반드시 기재해야 한다."
표준근로계약서,"제4조(근로시간) 1항 근무 시작 시간과 종료 시간을 명시하고, 1일 평균 시간외 근로시간 및 교대제 여부를 기재한다."
표준근로계약서,제5조(휴게시간) 1항 1일 휴게 시간을 분 단위로 기재한다.
표준근로계약서,"제6조(휴일) 1항 일요일, 공휴일, 매주 또는 격주 토요일 등 휴일을 지정한다."
표준근로계약서,"제7조(임금) 1항 월 통상임금, 기본급, 고정적 수당, 상여금을 기재하며 수습기간 중 임금을 명시한다."
표준근로계약서,"제7조(임금) 2항 연장, 야간, 휴일근로에 대해서는 통상임금의 50%를 가산하여 수당을 지급한다(상시근로자 4인 이하 사업장 제외)."
표준근로계약서,"제8조(임금지급일) 1항 매월 지정된 일자 또는 매주 요일에 지급하며, 지급일이 공휴일인 경우 전날에 지급한다."
표준근로계약서,"제9조(지급방법) 1항 직접 지급 또는 통장 입금 중 선택하며, 사용자는 근로자 명의의 예금통장 및 도장을 관리해서는 안 된다."
표준근로계약서,"제10조(숙식제공) 1항 숙박시설 제공 여부와 유형, 근로자 부담금을 명시한다."
표준근로계약서,"제10조(숙식제공) 2항 식사 제공 여부와 제공 형태(조식, 중식, 석식), 근로자 부담금을 명시한다."
표준근로계약서,"제11조(의무) 1항 사용자와 근로자는 각자가 근로계약, 취업규칙, 단체협약을 지키고 성실하게 이행해야 한다."
표준근로계약서,"제12조(준용규정) 1항 이 계약에서 정하지 않은 사항은 근로기준법에서 정하는 바에 따르며, 가사서비스업 및 개인간병인은 별도 계약 체결이 가능하다."
표준근로계약서(농업ㆍ축산업ㆍ어업 분야),1. 근로계약기간 1항 신규 또는 재입국자는 개월수를 기입한다.
표준근로계약서(농업ㆍ축산업ㆍ어업 분야),1. 근로계약기간 2항 사업장변경자는 년 월 일 ~ 년 월 일까지로 한다.
표준근로계약서(농업ㆍ축산업ㆍ어업 분야),1. 근로계약기간 3항 수습기간은 활용([ ]1개월 [ ]2개월 [ ]3개월) 또는 미활용을 선택한다.
표준근로계약서(농업ㆍ축산업ㆍ어업 분야),2. 근로장소 1항 근로자를 이 계약서에서 정한 장소 외에서 근로하게 해서는 안 된다.
표준근로계약서(농업ㆍ축산업ㆍ어업 분야),"3. 업무내용 1항 업종, 사업내용, 직무내용을 상세하게 기재한다."
표준근로계약서(농업ㆍ축산업ㆍ어업 분야),4. 근로시간 1항 정규 근무시간은 시 분 ~ 시 분이며 월 근로시간은 시간으로 한다.
표준근로계약서(농업ㆍ축산업ㆍ어업 분야),"4. 근로시간 2항 농번기, 농한기, 계절 및 기상 요인에 따라 시간 내에서 변경이 가능하다."
표준근로계약서(농업ㆍ축산업ㆍ어업 분야),"5. 휴게시간 1항 1일 ( )회, ( )시간 ( )분으로 한다."
표준근로계약서(농업ㆍ축산업ㆍ어업 분야),"6. 휴일 1항 주1회, 월1회, 월2회, 월3회, 기타 중 선택하며 당사자 협의 하에 날짜 조정이 가능하다."
표준근로계약서(농업ㆍ축산업ㆍ어업 분야),6. 휴일 2항 농번기(성어기)의 휴일을 별도로 지정한다.
표준근로계약서(농업ㆍ축산업ㆍ어업 분야),"7. 임금 1항 월급, 시간급, 일급, 주급 중 선택하여 금액을 기입한다."
표준근로계약서(농업ㆍ축산업ㆍ어업 분야),7. 임금 2항 상여금 및 수당 지급 여부를 기입한다.
표준근로계약서(농업ㆍ축산업ㆍ어업 분야),7. 임금 3항 수습기간 중 임금 및 수습시작일부터 3개월 이내 근무기간 임금을 기입한다.
표준근로계약서(농업ㆍ축산업ㆍ어업 분야),"7. 임금 4항 근로시간을 넘는 연장근로에 대해 시간당 금액을 지급하며, 야간근로(22:00~06:00)는 통상임금의 50%를 가산하여 지급한다."
표준근로계약서(농업ㆍ축산업ㆍ어업 분야),"8. 임금 지급일 1항 매월 지정일 또는 매주 지정 요일에 지급하며, 공휴일인 경우 전날에 지급한다."
표준근로계약서(농업ㆍ축산업ㆍ어업 분야),9. 지급방법 1항 직접 지급 또는 통장 입금 방식 중 선택하며 사용자는 근로자 명의의 통장 및 도장을 관리해서는 안 된다.
표준근로계약서(농업ㆍ축산업ㆍ어업 분야),"10. 숙식제공 1항 숙박시설 제공 여부 및 유형, 근로자 부담금액을 기입한다."
표준근로계약서(농업ㆍ축산업ㆍ어업 분야),"10. 숙식제공 2항 식사 제공 여부(조식, 중식, 석식) 및 근로자 부담금액을 기입한다."
표준근로계약서(농업ㆍ축산업ㆍ어업 분야),"11. 준수사항 1항 사용자와 근로자는 각자가 근로계약, 취업규칙, 단체협약을 지키고 성실하게 이행해야 한다."
표준근로계약서(농업ㆍ축산업ㆍ어업 분야),12. 기타사항 1항 이 계약에서 정하지 않은 사항은 근로기준법에서 정하는 바에 따른다.
대중문화예술분야 연습생 표준계약서,"제1조 ① 이 계약의 목적은 기획업자와 연습생이 상호 발전을 위해 적극적으로 협력하는 것을 전제로, 기획업자는 연습생의 재능과 자질이 최대한 발휘될 수 있도록 훈련제공 등의 투자를 하며, 연습생은 기획업자가 제공하는 훈련 등에 충실히 임하고 자기개발을 위해 노력함으로써 상호 발전과 이익을 도모하는 데 있다."
대중문화예술분야 연습생 표준계약서,제1조 ② 이 계약에서 “연습생”이란 대중문화예술용역을 제공할 의사를 가지고 대중문화예술인의 직업수행에 필요한 능력의 습득·향상을 목적으로 하는 훈련을 제공받기 위하여 기획업자와 계약을 체결하는 사람을 말한다.
대중문화예술분야 연습생 표준계약서,제2조 ① 이 계약의 계약기간은 ____년 ____월 ____일부터 ____년 ____월 ____일까지 (____년 ____개월)로 한다.
대중문화예술분야 연습생 표준계약서,제2조 ② 제1항에 따른 계약기간은 3년을 초과할 수 없다.
대중문화예술분야 연습생 표준계약서,제2조 ③ 이 계약의 적용범위는 대한민국을 포함한 전 세계 지역으로 한다.
대중문화예술분야 연습생 표준계약서,"제3조 ① 기획업자는 연습생이 대중문화예술인으로 성장하는 데 필요한 훈련(예를 들어, 연기, 보컬, 안무 등을 말하며, 이하 ‘훈련활동’이라 한다)을 연습생에게 제공하며, 이 계약에 따른 연습생의 의무를 성실히 이행할 것을 연습생에게 요청할 수 있다."
대중문화예술분야 연습생 표준계약서,"제3조 ② 기획업자는 이 계약에 따른 연습생의 의무 이외에 연습생의 사생활이나 인격권을 침해하거나 침해할 우려가 있는 행위를 요구하여서는 아니 되며, 부당한 금품을 요구하여서는 아니 된다."
대중문화예술분야 연습생 표준계약서,제3조 ③ 기획업자는 이 계약에 따른 연습생의 훈련활동을 제3자가 침해하거나 방해하는 경우 그 침해나 방해를 배제하기 위해 필요한 조치를 취하여야 한다.
대중문화예술분야 연습생 표준계약서,"제3조 ④ 기획업자는 연습생에게 우울증세 등이 발견될 경우, 연습생의 동의하에 적절한 치료 등을 지원할 수 있다."
대중문화예술분야 연습생 표준계약서,제3조 ⑤ 기획업자는 연습생의 사전 서면동의를 얻은 후 이 계약상 권리 또는 지위의 전부 또는 일부를 제3자에게 양도할 수 있다.
대중문화예술분야 연습생 표준계약서,"제4조 ① 연습생은 기획업자가 제공하는 훈련활동에 충실히 임해야 하며, 훈련활동 관련 일 등의 제반사항을 준수하여야 한다."
대중문화예술분야 연습생 표준계약서,"제4조 ② 연습생은 계약기간 중 기획업자의 사전 동의 없이 제3자와 이 계약과 동일하거나 유사한 계약 또는 대중문화예술과 관련된 계약(대중문화예술용역 제공계약, 대중문화예술용역 제공의 알선계약 및 전속계약)을 체결하는 등 이 계약을 부당하게 파기 또는 침해하는 행위를 하여서는 아니 된다."
대중문화예술분야 연습생 표준계약서,"제4조 ③ 연습생은 법적으로 또는 사회상규 상 금지되는 행위(예를 들어 마약류의 복용·판매, 성범죄, 폭행, 도박, 음주운전 등)를 하여서는 아니 된다."
대중문화예술분야 연습생 표준계약서,"제4조 ④ 연습생은 기획업자에게 언제든지 자신의 의견을 제시할 수 있고, 이 계약에 따른 기획업자의 의무를 성실히 이행할 것을 기획업자에게 요청할 수 있다."
대중문화예술분야 연습생 표준계약서,제4조 ⑤ 연습생은 기획업자가 제3조 제2항의 규정에도 불구하고 부당한 요구를 하는 경우에는 이를 거부할 수 있다.
대중문화예술분야 연습생 표준계약서,제5조 ① 기획업자는 연습생의 훈련활동에 소요된 직접비용(이하 ‘훈련활동직접비’라 한다)을 연습생별로 분리하여 계상·관리하고 회계장부를 따로 작성하여야 한다.
대중문화예술분야 연습생 표준계약서,"제5조 ② 훈련활동직접비의 범위는 기획업자와 연습생이 상호 협의하여 정한다. 단, 훈련활동직접비에는 기획업자의 경영활동을 위한 비용을 포함할 수 없다."
대중문화예술분야 연습생 표준계약서,"제5조 ③ 2인 이상의 연습생에게 동시에 투자된 비용의 경우(예를 들어 단체훈련 등), 연습생별로 균등 배분하여 적용하는 것을 원칙으로 하되, 해당 연습생의 동의를 받아서 달리 적용할 수 있다."
대중문화예술분야 연습생 표준계약서,"제5조 ④ 기획업자는 연습생에게 훈련활동직접비 회계내역을 연 2회(__월, __월) 통보하여야 한다."
대중문화예술분야 연습생 표준계약서,제5조 ⑤ 기획업자는 연습생의 요구가 있는 경우에는 제4항에도 불구하고 훈련활동직접비 회계내역을 지체 없이 연습생에게 제공하여야 한다.
대중문화예술분야 연습생 표준계약서,"제5조 ⑥ 기획업자는 연습생의 훈련활동에 소요되는 모든 비용을 원칙적으로 부담한다. 다만, 기획업자와 연습생이 전속계약을 체결하게 되는 경우 연습생의 대중문화예술용역 제공에 따른 수익에서 훈련활동직접비를 공제할 수 있다. 이 경우 공제여부 및 방법은 기획업자와 연습생이 별도로 협의하여 정한다."
대중문화예술분야 연습생 표준계약서,"제6조 이 계약내용 중 일부를 변경할 필요가 있는 경우에는 기획업자와 연습생의 서면합의에 의하여 변경할 수 있으며, 그 서면합의에서 달리 정함이 없는 한, 변경된 사항은 그 다음 날부터 효력을 가진다."
대중문화예술분야 연습생 표준계약서,"제7조 ① 기획업자 또는 연습생이 고의 또는 과실로 이 계약상의 내용을 위반한 경우, 그 상대방은 위반자에 대하여 14일 간의 유예기간을 정하여 위반사항을 시정할 것을 요구하고, 그 기간 내에 위반사항이 시정되지 아니하는 경우 상대방은 계약을 해제 또는 해지할 수 있다."
대중문화예술분야 연습생 표준계약서,"제7조 ② 연습생이 중대한 질병에 걸리거나 상해를 당하는 등 부득이하게 이 계약내용을 계속하여 이행하기 어려운 경우 이 계약은 종료된다. 다만, 연습생이 계약의 종료를 목적으로 앞의 사정을 초래한 경우에는 그러하지 아니하다."
대중문화예술분야 연습생 표준계약서,"제7조 ③ 기획업자는 계약기간 중 연습생의 성장가능성에 대한 평가를 통해 연습생이 대중문화예술인으로서 성장가능성이 낮다고 판단되는 경우, 이 계약을 해지할 수 있다. 다만, 이 경우 기획업자는 연습생의 성장가능성에 관한 평가결과 등 합리적인 근거를 제시하여야 한다."
대중문화예술분야 연습생 표준계약서,"제7조 ④ 기획업자 또는 기획업자 소속 임직원(임원은 등기임원을 말하며 직원은 고용형태를 불문한다)이 연습생에 대하여 성폭력을 행사한 경우, 연습생은 계약을 해지할 수 있다."
대중문화예술분야 연습생 표준계약서,제7조 ⑤ 계약 해지일 현재 이미 발생한 당사자들의 권리·의무는 이 계약의 해지로 인하여 영향을 받지 않는다.
대중문화예술분야 연습생 표준계약서,"제8조 ① 기획업자 또는 연습생이 제7조에 따라 계약을 해제 또는 해지하는 경우, 상대방에게 손해배상을 청구할 수 있다."
대중문화예술분야 연습생 표준계약서,제8조 ② 연습생의 책임 있는 사유에 의하여 계약이 해제 또는 해지된 경우 기획업자에게 발생한 손해는 훈련활동직접비로 추정한다.
대중문화예술분야 연습생 표준계약서,"제8조 ③ 기획업자가 계약내용에 따른 자신의 의무를 충실히 이행하고 있음에도 불구하고 연습생이 제4조 제2항의 계약 체결을 위해 계약 상의 내용을 고의로 위반한 경우, 기획업자는 손해배상과 별도로 연습생에게 위약벌을 청구할 수 있다. 이 경우 위약벌은 훈련활동직접비의 50%를 넘지 못한다."
대중문화예술분야 연습생 표준계약서,"제8조 ④ 제7조 제2항 본문, 제3항 또는 제4항에 따라 계약이 종료 또는 해지되는 경우, 연습생은 손해배상 의무 등을 지지 않는다."
대중문화예술분야 연습생 표준계약서,"제8조 ⑤ 기획업자 또는 연습생이 이 계약에 따른 손해배상금 및 위약벌을 부담하는 경우, 양 당사자가 합의한 기한인 [ 사유 발생일로부터 00일 *수정 가능 ] 내에 상대방에게 이를 지급하여야 한다."
대중문화예술분야 연습생 표준계약서,제9조 ① 기획업자는 이 계약의 종료 1개월 전까지 재계약 또는 전속계약의 체결 여부 등을 연습생에게 통보하여야 한다.
대중문화예술분야 연습생 표준계약서,제9조 ② 기획업자가 제1항에 따른 통보를 하지 않는 경우에는 이 계약의 기간 만료 시 계약을 종료하는 의사표시를 한 것으로 본다.
대중문화예술분야 연습생 표준계약서,"제9조 ③ 기획업자와 연습생이 이 계약의 종료 전에 전속계약을 체결한 경우, 특별한 사정이 없는 한 이 계약은 종료된 것으로 본다."
대중문화예술분야 연습생 표준계약서,제10조 기획업자와 연습생은 이 계약의 내용 및 이 계약과 관련하여 알게 된 상대방의 업무상의 비밀을 제3자에게 누설하거나 부당한 목적으로 사용하여서는 아니 된다. 이 비밀유지의무는 계약기간 종료 후에도 유지된다.
대중문화예술분야 연습생 표준계약서,제11조 기획업자는 연습생에 대하여 「대중문화예술산업발전법」에 따라 대중문화예술기획업자로 등록한 것을 확인하고 보증한다.
대중문화예술분야 연습생 표준계약서,제12조 ① 이 계약에서 발생하는 모든 분쟁은 기획업자와 연습생이 자율적으로 해결하도록 노력한다.
대중문화예술분야 연습생 표준계약서,"제12조 ② 제1항에 따라 해결되지 않을 때에는 「콘텐츠산업 진흥법」에 따른 콘텐츠분쟁조정위원회에 분쟁조정을 신청할 수 있다. 이 경우, 기획업자와 연습생은 조정절차에 성실하게 임하며, 원활한 분쟁해결을 위해 노력한다."
대중문화예술분야 연습생 표준계약서,"제12조 ③ 기획업자와 연습생이 제2항에 따른 조정을 신청하지 아니하는 경우, 이 계약에 관한 분쟁의 해결은 통상의 민사절차에 의하며, 관할은 민사소송법에 따른다."
대중문화예술분야 연습생 표준계약서,"제13조 ① 기획업자와 연습생은 이 계약의 내용을 보충하거나, 이 계약에서 정하지 아니한 사항을 규정하기 위하여 부속 합의서를 작성할 수 있다."
대중문화예술분야 연습생 표준계약서,"제13조 ② 연습생이 청소년인 경우, 기획업자와 연습생은 문화체육관광부장관이 정하여 고시한 「청소년 대중문화예술인(또는 연습생) 표준 부속합의서」를 체결하여야 한다."
대중문화예술분야 연습생 표준계약서,"제13조 ③ 제6조에 따른 계약내용 변경 및 제1항에 따른 부속 합의는 이 계약의 내용과 배치되거나 위반하지 않는 범위에서 효력이 있다. 단, 제2항의 부속합의서는 이 계약보다 우선하여 적용된다."
대중문화예술인 방송·영상 출연표준계약서(음악 분야),제1조(기본원칙) ① ‘출연자’는 ‘사업자’가 제작하는 프로그램에 출연하여 <계약 주요사항>에 따른 대중문화예술용역을 제공하고 ‘사업자’는 그에 따른 대가를 지급하는 것에 합의한다.
대중문화예술인 방송·영상 출연표준계약서(음악 분야),"제1조(기본원칙) ② 계약 당사자들은 본 계약을 신의성실의 원칙에 따라 이행하여야 하며, 본 계약에 따라 선량한 관리자의 주의로써 양질의 결과물을 제작하기 위하여 상호 협력한다."
대중문화예술인 방송·영상 출연표준계약서(음악 분야),"제1조(기본원칙) ③ 본계약은 체결일로부터 효력을 발생하며, 계약기간은 달리 정함이 없는 한 계약 당사자의 권리·의무가 종료된 시점까지로 한다."
대중문화예술인 방송·영상 출연표준계약서(음악 분야),"제2조(‘사업자’의 의무) ① ‘사업자’는 본 계약에서 정하는 바에 따라 ‘출연자’ 또는 ‘매니지먼트사’가 지정한 <계약 주요사항>의 지급 계좌로 출연료를 지급하며, ‘출연자’ 또는 ‘매니지먼트사’의 요청이 있는 경우 출연료의 내역을 제공하여야 한다."
대중문화예술인 방송·영상 출연표준계약서(음악 분야),"제2조(‘사업자’의 의무) ② ‘사업자’는 본 프로그램 제작과정에서 ‘출연자’의 신체·정신적 상황을 고려하여야 하며, ‘출연자’의 사생활 등 인격이 침해되지 않도록 주의의무를 다하여야 한다."
대중문화예술인 방송·영상 출연표준계약서(음악 분야),"제2조(‘사업자’의 의무) ③ ‘사업자’는 ‘출연자’가 자신의 능력을 발휘할 수 있는 환경을 제공하도록 노력하여야 하며, 이를 위하여 ‘사업자'는 ‘출연자’가 프로그램의 내용을 숙지한 상태에서 촬영에 임할 수 있도록 하여야 한다."
대중문화예술인 방송·영상 출연표준계약서(음악 분야),제2조(‘사업자’의 의무) ④ 1일 최대 촬영 시간은 대기시간 및 촬영을 위한 이동시간을 포함하여 12시간을 초과할 수 없다.
대중문화예술인 방송·영상 출연표준계약서(음악 분야),제2조(‘사업자’의 의무) ⑤ ‘사업자’는 ‘출연자’가 ‘사업자’의 연출이나 연출에 필요한 일반적인 계약이행 요청 중에 사고를 당하는 경우 이에 필요한 조치를 적극적으로 취해야 한다.
대중문화예술인 방송·영상 출연표준계약서(음악 분야),"제2조(‘사업자’의 의무) ⑥ ‘출연자’가 ‘사업자’ 소속 임직원 등에 의하여 성희롱·성폭력 피해를 입은 경우, ‘출연자’ 또는 ‘매니지먼트사’는 해당 임직원 등을 관련 업무에서 배제 요청할 수 있으며, ‘사업자’는 사실을 확인한 후 관련자를 업무에서 배제하고 피해자 보호조치를 취해야 한다."
대중문화예술인 방송·영상 출연표준계약서(음악 분야),제3조(‘출연자’ 및 ‘매니지먼트사’의 의무) ① ‘출연자’는 대중문화예술인으로서 필요한 재능과 역량을 최대한 발휘하여 계약 당사자 간 합의된 범위 내에서 본 프로그램의 제작에 필요한 모든 용역을 성실히 제공하여야 한다.
대중문화예술인 방송·영상 출연표준계약서(음악 분야),제3조(‘출연자’ 및 ‘매니지먼트사’의 의무) ② ‘출연자’는 본 계약의 불이행으로 인해 ‘사업자’가 피해를 보지 않도록 하여야 한다.
대중문화예술인 방송·영상 출연표준계약서(음악 분야),"제3조(‘출연자’ 및 ‘매니지먼트사’의 의무) ③ ‘출연자’는 ‘사업자’가 보충촬영, 재촬영, 사후녹음 등의 용역제공을 요청하는 경우 이에 협조하여야 한다."
대중문화예술인 방송·영상 출연표준계약서(음악 분야),제3조(‘출연자’ 및 ‘매니지먼트사’의 의무) ④ ’출연자’는 사회적 물의를 일으켜 본 프로그램의 제작 및 방영ㆍ공개에 차질을 주어서는 아니된다.
대중문화예술인 방송·영상 출연표준계약서(음악 분야),제3조(‘출연자’ 및 ‘매니지먼트사’의 의무) ⑤ ‘매니지먼트사’는 ‘출연자’가 제1항부터 제4항까지 대중문화예술인으로서 필요한 재능과 역량을 최대한 발휘하여 본 프로그램 제작에 필요한 모든 용역을 성실히 제공할 수 있도록 관리자로서 의무를 다하여야 한다.
대중문화예술인 방송·영상 출연표준계약서(음악 분야),"제3조(‘출연자’ 및 ‘매니지먼트사’의 의무) ⑥ ‘사업자’ 소속 임직원이 ‘출연자’ 또는 ‘매니지먼트사’ 소속 임직원 등에 의하여 성희롱·성폭력 피해를 입은 경우, ‘사업자’는 해당 ‘출연자’ 또는 ‘매니지먼트사’ 소속 임직원 등을 관련 업무에서 배제 요청할 수 있다."
대중문화예술인 방송·영상 출연표준계약서(음악 분야),제4조(저작권·저작인접권 등) ① 본 계약을 통해 제작된 영상저작물의 저작권과 저작인접권에 관한 사항은 「저작권법」에 따른다.
대중문화예술인 방송·영상 출연표준계약서(음악 분야),제4조(저작권·저작인접권 등) ② ‘사업자’는 ‘출연자’의 실연(연기·무용·연주·가창·구연·낭독 등 표현행위)을 사용하는 경우에 저작권 신탁관리단체와 특약을 체결하여 저작인접권 사용료를 지급하거나 양 당사자간 계약에 따른 저작인접권 사용료를 지급하여야 한다.
대중문화예술인 방송·영상 출연표준계약서(음악 분야),제4조(저작권·저작인접권 등) ③ ‘사업자’가 본 프로그램의 영상물을 그대로 사용 또는 유통하는 것 이외에 본 계약에서 정한 범위를 초과하여 수정·편집 등 변형된 형태로 활용하고자 하는 경우 ‘사업자’는 이 이용에 따른 저작인접권 사용료를 ‘출연자’ 또는 ‘매니지먼트사’와 별도로 협의하여 지급하여야 한다.
대중문화예술인 방송·영상 출연표준계약서(음악 분야),"제4조(저작권·저작인접권 등) ④ ‘사업자’는 미방영·미공개된 촬영물을 추후 복제·배포·전송하고자 하는 경우, ‘출연자’ 또는 ‘매니지먼트사’에 이 이용에 따른 출연료 및 저작인접권 사용료를 지급하여야 한다. 단, 해당 촬영물에 대한 출연료가 사전에 지급된 경우 본 항에 따른 출연료는 지급하지 아니한다."
대중문화예술인 방송·영상 출연표준계약서(음악 분야),"제5조(계약 및 프로그램 내용의 변경) 합리적이고 객관적인 사유가 발생하여 부득이하게 계약 내용의 변경이 필요한 경우, 당사자는 서면(전자서면을 포함한다)으로 합의하여 본 계약의 내용을 변경할 수 있다."
대중문화예술인 방송·영상 출연표준계약서(음악 분야),"제6조(계약 해지·해제 및 손해배상) ① 계약 당사자 중 일방이 정당한 사유 없이 본 계약을 위반하는 경우, 계약 상대방은 본 계약을 해지 또는 해제할 수 있다."
대중문화예술인 방송·영상 출연표준계약서(음악 분야),제6조(계약 해지·해제 및 손해배상) ② 해지 또는 해제사유 발생에 책임이 있는 당사자는 계약의 불이행으로 인해 상대방에게 발생한 손해를 배상할 책임이 있다.
대중문화예술인 방송·영상 출연표준계약서(음악 분야),제7조(제반 법령 준수) ① ‘출연자’가 미성년자인 경우 출연자에 관한 사항은「대중문화예술산업발전법」 및 「청소년보호법」에 따라 보호한다.
대중문화예술인 방송·영상 출연표준계약서(음악 분야),제7조(제반 법령 준수) ② 계약의 당사자는 본 계약의 이행과 관련하여 「예술인복지법」 및 「고용보험법」상 예술인 고용보험에 관한 제반 법령을 준수하도록 한다.
대중문화예술인 방송·영상 출연표준계약서(음악 분야),제8조(비밀유지) 계약 당사자는 상대방의 동의 없이 본 계약 내용 및 본 프로그램 제작과정에서 알게 된 정보를 제3자에게 누설해서는 아니된다.
대중문화예술인 방송·영상 출연표준계약서(음악 분야),"제9조(위임 등의 금지) 계약 당사자는 본 계약상 권리나 의무 또는 지위의 전부 또는 일부를 상대방의 사전 서면 동의 없이 제3자에게 양도, 이전, 위임, 위탁할 수 없다."
대중문화예술인 방송·영상 출연표준계약서(음악 분야),제10조(분쟁 해결) ① 본 계약에서 정하지 아니하거나 다툼이 있는 사항에 대하여는 당사자 간 협의하여 최대한 원만하게 해결하도록 한다.
대중문화예술인 방송·영상 출연표준계약서(음악 분야),"제10조(분쟁 해결) ② 제1항에 따라 해결되지 아니하는 경우 다음 각 호의 하나에 해당하는 절차를 소송에 선행하여 거칠 수 있고, 양측 당사자는 해당 절차에 성실하게 임하여야 한다. 1. 콘텐츠분쟁조정위원회의 조정"
대중문화예술인 방송·영상 출연표준계약서(음악 분야),"제10조(분쟁 해결) ② 제1항에 따라 해결되지 아니하는 경우 다음 각 호의 하나에 해당하는 절차를 소송에 선행하여 거칠 수 있고, 양측 당사자는 해당 절차에 성실하게 임하여야 한다. 2. 한국저작권위원회의 조정"
대중문화예술인 방송·영상 출연표준계약서(음악 분야),"제10조(분쟁 해결) ② 제1항에 따라 해결되지 아니하는 경우 다음 각 호의 하나에 해당하는 절차를 소송에 선행하여 거칠 수 있고, 양측 당사자는 해당 절차에 성실하게 임하여야 한다. 3. 대한상사중재원의 중재(仲裁)"
대중문화예술인 방송·영상 출연표준계약서(음악 분야),"제10조(분쟁 해결) ③ 제2항에 따른 절차를 진행하지 않을 경우, 이 계약에 관한 분쟁의 해결은 민사소송법에 따른 소송절차에 의한다."
대중문화예술인 방송·영상 출연표준계약서(음악 분야),제11조(이행의 보증) ① ‘출연자’ 및 ‘매니지먼트사'는 본 계약에 규정된 의무 등 제반 사항을 상호 연대하여 준수하기로 한다.
대중문화예술인 방송·영상 출연표준계약서(음악 분야),제11조(이행의 보증) ② ‘매니지먼트사’는 본 계약상 ‘출연자’의 법률행위에 대한 위임권을 적법하게 보유하고 있음을 보증한다.
청소년 대중문화예술인(또는 연습생) 표준 부속합의서,"제1조(목적) 이 부속합의서의 목적은 대중문화예술기획업자(이하 ‘기획업자’라 한다)와 청소년 대중문화예술인(또는 청소년 연습생, 이하 ‘대중문화예술인’이라 한다) 사이에 (이하 ‘주계약’이라 한다)를 체결함에 있어서 청소년의 권익을 보다 명확하게 보호하고 청소년이 건전한 인격체로 성장할 수 있도록 지원하는데 필요한 사항을 정하는 것에 있다."
청소년 대중문화예술인(또는 연습생) 표준 부속합의서,"제2조(적용) 이 부속합의서는 별도의 계약을 구성하고 있으며, 주계약 보다 우선 적용된다."
청소년 대중문화예술인(또는 연습생) 표준 부속합의서,"제3조(청소년의 자유선택권 보장) 대중문화예술인은 기획업자에 대하여 자기 의사를 자유롭게 밝히고 스스로 결정할 권리를 가지며, 기획업자는 대중문화예술인의 자유 선택권을 침해하지 않아야 한다."
청소년 대중문화예술인(또는 연습생) 표준 부속합의서,제4조(청소년의 학습권 보장) ① 기획업자는 대중문화예술인이 「교육기본법」 제8조에 따른 의무교육을 받을 권리를 보장하여야 한다.
청소년 대중문화예술인(또는 연습생) 표준 부속합의서,제4조(청소년의 학습권 보장) ② 기획업자는 대중문화예술인이 의무교육 외의 「초·중등교육법」에 따른 학교 교육을 받을 것을 원할 경우 이에 협조하여야 한다.
청소년 대중문화예술인(또는 연습생) 표준 부속합의서,제4조(청소년의 학습권 보장) ③ 기획업자는 대중문화예술인에게 학교의 결석이나 자퇴 등을 강요하여 학습권을 침해하는 행위를 하여서는 아니 된다.
청소년 대중문화예술인(또는 연습생) 표준 부속합의서,제5조(청소년의 인격권 보장) ① 기획업자는 대중문화예술인이 안전하고 쾌적한 환경에서 자기발전을 추구하고 올바른 가치관을 확립하여 건전한 인격체로 성장할 수 있도록 노력하여야 한다.
청소년 대중문화예술인(또는 연습생) 표준 부속합의서,"제5조(청소년의 인격권 보장) ② 기획업자는 대중문화예술인에게 폭행, 폭언, 강요, 협박, 성희롱·성폭력 등 신체적·정신적 위해를 가해서는 아니 된다."
청소년 대중문화예술인(또는 연습생) 표준 부속합의서,"제5조(청소년의 인격권 보장) ③ 기획업자 또는 기획업자 소속 임직원(임원은 등기임원을 말하며 직원은 고용형태를 불문한다)이 대중문화예술인에 대하여 사회 상규에 위배되는 폭력 또는 성폭력을 행사하거나 학대를 한 경우, 대중문화예술인은 계약을 해지할 수 있다."
청소년 대중문화예술인(또는 연습생) 표준 부속합의서,"제6조(청소년의 신체적·정신적 건강 보장) ① 기획업자는 대중문화예술인이 「학교보건법」 제7조의 건강검사 에 참여할 수 있도록 협조하여야 한다. 다만, 대중문화예술인이 대중문화예술용역의 제공 등 부득이한 사유로 건강검사에 참석하지 못할 경우, 기획업자는 대중문화예술인이 이에 상응하는 건강검사를 받도록 조치하여야 한다."
청소년 대중문화예술인(또는 연습생) 표준 부속합의서,제6조(청소년의 신체적·정신적 건강 보장) ② 기획업자는 필요 시 대중문화예술인이 심리 건강에 관한 상담 또는 검사 등을 받도록 조치하는 등 대중문화예술인의 정신적 건강을 보호하기 위해 노력하여야 한다.
청소년 대중문화예술인(또는 연습생) 표준 부속합의서,제6조(청소년의 신체적·정신적 건강 보장) ③ 기획업자는 대중문화예술인에게 보건·안전상 위험이 있음에도 대중문화예술용역 제공을 강요하여서는 아니 된다.
청소년 대중문화예술인(또는 연습생) 표준 부속합의서,제7조(청소년의 수면권 및 휴식권 보장) 기획업자는 대중문화예술인이 적절한 휴식과 수면시간을 보장받을 수 있도록 대중문화예술제작업자와 협의하는 등 제반 조치를 하는데 노력하여야 한다.
청소년 대중문화예술인(또는 연습생) 표준 부속합의서,제8조(청소년의 대중문화예술용역 제공시간) ① 기획업자는 아래 <표>에 규정된 바에 따라 대중문화예술인이 대중문화예술용역을 제공할 수 있도록 대중문화예술제작업자와 협의하는 등 제반 조치를 하는데 노력하여야 한다.
청소년 대중문화예술인(또는 연습생) 표준 부속합의서,"제8조(청소년의 대중문화예술용역 제공시간) ② 국외 활동을 위한 이동, 장거리 이동 등 정당한 사유가 있는 경우에는 제1항의 <표>에 따른 대중문화예술용역 제공시간에 관한 제한을 적용하지 않는다. 다만, 이 경우에도 기획업자는 제4조 및 제7조에 의한 대중문화예술인의 학습권, 휴식권, 수면권이 보장될 수 있도록 노력하여야 한다."
청소년 대중문화예술인(또는 연습생) 표준 부속합의서,"제9조(청소년에게 금지된 행위 및 청소년 출입금지 장소) 대중문화예술인은 「청소년 보호법」 에 따라 음주·흡연 등 청소년에게 금지된 행위를 해서는 아니 되며, 청소년의 출입이 금지되는 장소에 출입해서는 아니 된다."
청소년 대중문화예술인(또는 연습생) 표준 부속합의서,제10조(대중문화예술용역 제공 알선의 제한) ① 기획업자는 「청소년 보호법」 에 따라 청소년의 고용이나 출입이 금지되는 업종에 대하여 대중문화예술인의 대중문화예술용역 제공을 알선해서는 아니 된다.
청소년 대중문화예술인(또는 연습생) 표준 부속합의서,제10조(대중문화예술용역 제공 알선의 제한) ② 기획업자는 대중문화예술인에게 과다한 노출 및 지나치게 선정적으로 표현하는 행위를 요구할 수 없다.
청소년 대중문화예술인(또는 연습생) 표준 부속합의서,"제11조(청소년 유해행위의 금지) 기획업자는 「청소년 보호법」 에 따른 청소년유해행위를 하여서는 아니 되며, 대중문화예술인이 대중문화예술용역과 관련하여 제3자로부터 이러한 유해행위를 요구받은 경우 대중문화예술인을 보호하기 위해 필요한 조치를 취하여야 한다."
청소년 대중문화예술인(또는 연습생) 표준 부속합의서,"제12조(청소년 법정대리인의 권한 등) ① 대중문화예술인의 법정대리인은 기획업자가 대중문화예술인을 대리하여 체결한 대중문화예술용역 제공계약의 내용 및 관련 일정을 요청할 수 있으며, 이 경우 기획업자는 대중문화예술인의 법정대리인에게 이를 지체 없이 제공하여야 한다."
청소년 대중문화예술인(또는 연습생) 표준 부속합의서,제12조(청소년 법정대리인의 권한 등) ② 대중문화예술인의 법정대리인은 주계약에 따른 기획업자의 활동(교육활동을 포함한다)에 대하여 자신의 의견을 언제든지 제시할 수 있다. 이 경우 대중문화예술인의 법정대리인은 미리 대중문화예술인과 협의하여야 한다.
청소년 대중문화예술인(또는 연습생) 표준 부속합의서,"제12조(청소년 법정대리인의 권한 등) ③ 대중문화예술인의 법정대리인은 기획업자에게 대중문화예술인의 정산자료를 비롯한 관련 내역을 요청할 수 있으며, 이 경우 기획업자는 대중문화예술인의 법정대리인에게 이를 지체 없이 제공하여야 한다."
청소년 대중문화예술인(또는 연습생) 표준 부속합의서,"제12조(청소년 법정대리인의 권한 등) ④ 기획업자가 대중문화예술인에게 주계약 및 이 부속합의서의 위반사항 시정 요구 및 계약 해제 또는 해지, 손해배상의 청구를 할 경우에는 대중문화예술인의 법정대리인에게도 통보하여야 한다."
청소년 대중문화예술인(또는 연습생) 표준 부속합의서,"제13조(청소년보호책임자 지정 등) 기획업자는 대중문화예술인이 대중문화예술용역을 제공하는 경우 기본적 인권을 보장받을 수 있도록 그 종사자 중에서 청소년보호책임자를 지정하고, 대중문화예술인과 친권자 등 보호자에게 청소년보호책임자와 관련된 사항을 고지하여야 한다."
청소년 대중문화예술인(또는 연습생) 표준 부속합의서,"제14조(청소년의 정산금액 지급) 대중문화예술인이 기획업자에게 정산금액의 지급을 청구하는 경우, 대중문화예술용역에 대한 보수청구권이 법정대리인에게 있다는 계약이 있더라도, 기획업자는 대중문화예술인에게 정산금액을 지급하여야 한다."
청소년 대중문화예술인(또는 연습생) 표준 부속합의서,제15조(확인 및 보증) 기획업자는 대중문화예술인에 대하여 「대중문화예술산업발전법」 에 따라 대중문화예술기획업자로 등록한 것을 확인하고 보증한다.
청소년 대중문화예술인(또는 연습생) 표준 부속합의서,제16조(계약의 실효) 이 합의서는 대중문화예술인이 만 19세가 되는 해의 1월 1일이 되는 날에 그 효력을 상실한다.
대중문화예술인 방송·영상 출연표준계약서(드라마 분야),제1조(기본원칙) ① '출연자'는 '사업자'가 제작하는 프로그램에 출연하여 <계약 주요사항>에 따른 대중문화예술용역을 제공하고 '사업자'는 그에 따른 대가를 지급하는 것에 합의한다.
대중문화예술인 방송·영상 출연표준계약서(드라마 분야),"제1조(기본원칙) ② 계약 당사자들은 본 계약을 신의성실의 원칙에 따라 이행하여야 하며, 본 계약에 따라 선량한 관리자의 주의로써 양질의 결과물을 제작하기 위하여 상호 협력한다."
대중문화예술인 방송·영상 출연표준계약서(드라마 분야),"제1조(기본원칙) ③ 본 계약은 촬영 개시 전에 체결하는 것을 원칙으로 하며, 계약을 체결한 시점부터 즉시 효력을 지닌다."
대중문화예술인 방송·영상 출연표준계약서(드라마 분야),제1조(기본원칙) ④ 계약기간은 달리 정함이 없는 한 계약 당사자의 권리·의무가 종료된 시점까지로 한다.
대중문화예술인 방송·영상 출연표준계약서(드라마 분야),"제2조('사업자'의 의무) ① '사업자'는 본 계약에서 정하는 바에 따라 '출연자' 또는 '매니지먼트사'가 지정한 <계약 주요사항>의 지급 계좌로 출연료를 지급하며, '출연자' 또는 '매니지먼트사'의 요청이 있는 경우 출연료의 내역을 제공하여야 한다."
대중문화예술인 방송·영상 출연표준계약서(드라마 분야),제2조('사업자'의 의무) ② 출연료의 집행을 담보하기 위하여 '사업자'는 현실적인 가액의 지급보증보험을 가입하거나 정지조건부 외주제작비 채무를 설정하여 '출연자'에게 지급하여야 하는 출연료에 대해 적극적인 조치를 취하여야 한다.
대중문화예술인 방송·영상 출연표준계약서(드라마 분야),"제2조('사업자'의 의무) ③ '사업자'는 '출연자'가 자신의 능력을 발휘할 수 있는 환경을 제공하도록 노력하여야 하며, 이를 위하여 '사업자'는 '출연자'가 프로그램의 내용을 숙지한 상태에서 촬영에 임할 수 있도록 하여야 한다."
대중문화예술인 방송·영상 출연표준계약서(드라마 분야),제2조('사업자'의 의무) ④ '사업자'는 촬영 중 각호의 사항을 준수하여야 한다.
대중문화예술인 방송·영상 출연표준계약서(드라마 분야),제2조('사업자'의 의무) ④항 1호 '사업자'는 본 프로그램 제작과정에서 '출연자'의 신체·정신적 상황과 사생활 등 인격이 침해될 위험 요소가 없는지를 고려하여야 한다.
대중문화예술인 방송·영상 출연표준계약서(드라마 분야),제2조('사업자'의 의무) ④항 2호 1일 최대 촬영시간은 대기시간 및 촬영을 위한 이동시간을 포함하여 18시간을 초과할 수 없다.
대중문화예술인 방송·영상 출연표준계약서(드라마 분야),"제2조('사업자'의 의무) ④항 3호 동일한 장소에서 장기간에 걸쳐 고정적으로 촬영하는 경우, '사업자'는 '출연자'가 촬영장에서 충분히 휴식을 취할 수 있는 시설(대기실, 화장실, 식사 공간 등 편의시설)을 제공하여야 한다."
대중문화예술인 방송·영상 출연표준계약서(드라마 분야),"제2조('사업자'의 의무) ⑤ '사업자'의 사정으로 인하여 보충촬영, 재촬영, 사후녹음(이하 '추가촬영 등')을 하여야 하는 경우 '사업자'는 '출연자'의 다른 일정에 방해가 되지 않도록 '출연자' 또는 '매니지먼트사'와 추가촬영 등 일정에 관하여 신속히 협의하여야 하며 추가촬영 등이 부당하게 지연되지 않도록 노력하여야 한다. 이 경우에 '사업자'는 '출연자'에게 제수당(식비, 숙박비, 교통비)을 지급한다."
대중문화예술인 방송·영상 출연표준계약서(드라마 분야),제2조('사업자'의 의무) ⑥ '사업자'는 '출연자'가 '사업자'의 연출이나 연출에 필요한 일반적인 계약이행 요청 중에 사고를 당하는 경우(무리한 촬영일정 등에 의한 이동시간 중에 발생한 사고를 포함한다)에 대비하여 상당한 가액의 상해보험에 가입하여야 한다.
대중문화예술인 방송·영상 출연표준계약서(드라마 분야),"제2조('사업자'의 의무) ⑦ 해외 촬영이 있는 경우 '사업자'는 촬영 내용, 체류 기간, 제반 비용, 촬영에 필요한 필수인원, 여행보험 및 안전에 대해 '출연자'의 의견을 충분히 반영하여 별도의 협의를 하여야 한다."
대중문화예술인 방송·영상 출연표준계약서(드라마 분야),"제2조('사업자'의 의무) ⑧ '출연자'가 '사업자' 소속 임직원 등에 의하여 성희롱·성폭력 피해를 입은 경우, '출연자' 또는 '매니지먼트사'는 해당 임직원 등을 관련 업무에서 배제 요청할 수 있으며, '사업자'는 사실을 확인한 후 관련자를 업무에서 배제하고 피해자 보호조치를 취해야 한다."
대중문화예술인 방송·영상 출연표준계약서(드라마 분야),제3조('출연자' 및 '매니지먼트사'의 의무) ① '출연자'는 대중문화예술인으로서 필요한 재능과 역량을 최대한 발휘하여 계약 당사자 간 합의된 범위 내에서 본 프로그램의 제작에 필요한 모든 용역을 성실히 제공하여야 한다.
대중문화예술인 방송·영상 출연표준계약서(드라마 분야),"제3조('출연자' 및 '매니지먼트사'의 의무) ② '출연자'는 촬영 전 '사업자'(사업자가 지정하는 자를 포함한다. 이하 같다)의 요청에 따라 본 프로그램의 작품분석, 작품협의, 리허설, 워크숍, 국내외 제작발표회 및 홍보활동 등과 관련한 용역을 성실하게 제공한다."
대중문화예술인 방송·영상 출연표준계약서(드라마 분야),제3조('출연자' 및 '매니지먼트사'의 의무) ③ '출연자'는 촬영 중 각호의 사항을 준수하여야 한다.
대중문화예술인 방송·영상 출연표준계약서(드라마 분야),"제3조('출연자' 및 '매니지먼트사'의 의무) ③항 1호 '출연자'는 '사업자'의 본 프로그램 제작과 관련한 정당한 이행이나 요청에 대해 거부하여서는 아니되며, 제작진이 제시하는 안전 수칙을 준수하여야 한다."
대중문화예술인 방송·영상 출연표준계약서(드라마 분야),제3조('출연자' 및 '매니지먼트사'의 의무) ③항 2호 '출연자'는 다른 영상이나 광고 등 대중문화예술인으로서의 활동을 하는 경우 사전에 '사업자'와 일정에 대해 협의하여 본 프로그램 제작에 지장이 없도록 한다.
대중문화예술인 방송·영상 출연표준계약서(드라마 분야),"제3조('출연자' 및 '매니지먼트사'의 의무) ③항 3호 '출연자'는 '사업자'가 제작하는 프로그램에 대한 모든 연출적 상황(연기, 의상, 분장, 미용, 코디네이션 등)에 대해 제작 의도에 반하지 않는 한도 내에서 연출자와 상의하여 이행을 다하여야 한다."
대중문화예술인 방송·영상 출연표준계약서(드라마 분야),"제3조('출연자' 및 '매니지먼트사'의 의무) ③항 4호 '출연자'는 '사업자'가 제시하는 촬영 조건(촬영대기 시간엄수, 연출자의 관리 통제 이행, 해당 드라마와 연기에 충실할 의무 등)을 성실히 수행하여야 한다."
대중문화예술인 방송·영상 출연표준계약서(드라마 분야),제3조('출연자' 및 '매니지먼트사'의 의무) ③항 5호 '출연자'는 본 계약의 불이행으로 인해 '사업자'가 피해를 보지 않도록 하여야 한다.
대중문화예술인 방송·영상 출연표준계약서(드라마 분야),제3조('출연자' 및 '매니지먼트사'의 의무) ④ '출연자'는 촬영종료 후 '사업자'가 제2조 제5항에 따른 추가촬영 등 용역제공을 요청하는 경우 이에 협조하여야 한다.
대중문화예술인 방송·영상 출연표준계약서(드라마 분야),"제3조('출연자' 및 '매니지먼트사'의 의무) ⑤ '출연자'는 본 프로그램의 홍보활동(포스터 촬영, 예고편 제작, 홍보 인터뷰 등)과 관련된 '사업자'의 요청에 적극 협조한다."
대중문화예술인 방송·영상 출연표준계약서(드라마 분야),제3조('출연자' 및 '매니지먼트사'의 의무) ⑥ '출연자'는 사회적 물의를 일으켜 본 프로그램의 제작 및 방영·공개에 차질을 주어서는 아니된다.
대중문화예술인 방송·영상 출연표준계약서(드라마 분야),제3조('출연자' 및 '매니지먼트사'의 의무) ⑦ '출연자' 또는 '매니지먼트사'는 상해보험 및 예술인고용보험 등 가입 또는 보험료 납부에 필요한 정보 및 자료를 '사업자'에 제공하여야 한다.
대중문화예술인 방송·영상 출연표준계약서(드라마 분야),"제3조('출연자' 및 '매니지먼트사'의 의무) ⑧ '매니지먼트사'는 '출연자'가 제1항부터 제7항까지 대중문화예술인으로서 필요한 재능과 역량을 최대한 발휘하여 본 프로그램 제작에 필요한 모든 용역을 성실히 제공할 수 있도록 관리자로서 의무를 다하여야 하며, 본 계약기간 중 '출연자'와 '매니지먼트사'의 전속계약이 종료되는 등 사유가 발생하는 경우 '사업자'에 통보하여야 한다."
대중문화예술인 방송·영상 출연표준계약서(드라마 분야),"제3조('출연자' 및 '매니지먼트사'의 의무) ⑨ '사업자' 소속 임직원이 '출연자' 또는 '매니지먼트사' 소속 임직원 등에 의하여 성희롱·성폭력 피해를 입은 경우, '사업자'는 해당 '출연자' 또는 '매니지먼트사' 소속 임직원 등을 관련 업무에서 배제 요청할 수 있다."
대중문화예술인 방송·영상 출연표준계약서(드라마 분야),제4조(저작권·저작인접권 등) ① 본 계약을 통해 제작된 영상저작물의 저작권과 저작인접권에 관한 사항은 「저작권법」에 따른다.
대중문화예술인 방송·영상 출연표준계약서(드라마 분야),제4조(저작권·저작인접권 등) ② '출연자'가 저작권 신탁단체에 속한 경우 '사업자'는 신탁단체와 특약을 체결하여 '출연자'의 저작인접권 이용에 따른 사용료를 지급하여야 한다.
대중문화예술인 방송·영상 출연표준계약서(드라마 분야),제4조(저작권·저작인접권 등) ③ '사업자'가 본 프로그램의 영상물을 그대로 사용 또는 유통하는 것 이외에 본 계약에서 정한 범위를 초과하여 수정·편집 등 변형된 형태로 활용하고자 하는 경우 '사업자'는 이 이용에 따른 저작인접권 사용료를 '출연자' 또는 '매니지먼트사'와 별도로 협의하여 지급하여야 한다.
대중문화예술인 방송·영상 출연표준계약서(드라마 분야),"제4조(저작권·저작인접권 등) ④ '사업자'는 미방영·미공개된 촬영물을 추후 복제·배포·전송하고자 하는 경우, '출연자' 또는 '매니지먼트사'에 이 이용에 따른 출연료 및 저작인접권 사용료를 지급하여야 한다. 단, 해당 촬영물에 대한 출연료가 사전에 지급된 경우 본 항에 따른 출연료는 지급하지 아니한다."
대중문화예술인 방송·영상 출연표준계약서(드라마 분야),"제5조(계약의 변경) 합리적이고 객관적인 사유가 발생하여 부득이하게 계약 내용의 변경이 필요한 경우, 당사자는 상호 합의하여 기명·날인한 서면(전자서면을 포함한다)으로 본 계약의 내용을 변경할 수 있다."
대중문화예술인 방송·영상 출연표준계약서(드라마 분야),"제5조의2(프로그램 출연 회차의 변경 등) ① '사업자'가 프로그램 회차를 연장하거나 감축하여 '출연자'의 출연 횟수에 변동이 생기는 경우, 사전에 '출연자'에게 고지하여야 한다."
대중문화예술인 방송·영상 출연표준계약서(드라마 분야),제5조의2(프로그램 출연 회차의 변경 등) ② 제1항에 따라 프로그램 회차를 연장하고자 하는 경우에 연장분에 대한 출연료 등 계약 조건에 대하여 별도로 합의하여야 한다.
대중문화예술인 방송·영상 출연표준계약서(드라마 분야),"제5조의2(프로그램 출연 회차의 변경 등) ③ 출연 회차에 대한 계약을 체결하고 대본대로 촬영을 모두 완료하였으나, 프로그램 회차를 감축(조기종영 포함)하고자 하는 경우에 방영·공개되지 않은 누락 회차분에 한하여 <계약 주요사항>의 출연료에 준하는 용역제공 대가를 지급하여야 한다."
대중문화예술인 방송·영상 출연표준계약서(드라마 분야),"제5조의2(프로그램 출연 회차의 변경 등) ④ 이미 방송된 내용을 재편집하여 본 프로그램에서 방송하는 경우(회상장면, 줄거리와 관계된 영상·사진·음성출연) 당사자간 합의에 따라 출연료 등을 별도로 지급할 수 있다."
대중문화예술인 방송·영상 출연표준계약서(드라마 분야),제5조의2(프로그램 출연 회차의 변경 등) ⑤ '출연자' 또는 '매니지먼트사'가 제3조의 계약사항을 위반하여 제1항의 프로그램 회차가 감축되거나 제3항의 편집과정에서 출연 장면이 삭제되는 경우 용역제공의 대가는 지급하지 아니한다.
대중문화예술인 방송·영상 출연표준계약서(드라마 분야),"제6조(계약 해지·해제 및 손해배상) ① 계약 당사자 중 일방이 본 계약을 위반하거나, 제2조 또는 제3조의 당사자간 의무를 다하지 않은 경우 상대방은 15일의 기간을 정하여 위반사항을 시정할 것을 요구할 수 있으며, 해당 기간이 지나도록 시정되지 않는 경우 본 계약을 해지 또는 해제할 수 있다. 단, 본 계약을 더이상 유지하기 어려울 정도로 중대한 위반사항이 있거나 위반사항의 성질상 시정하기에 적합하지 않은 경우 시정 요구 없이 계약을 해지 또는 해제할 수 있다."
대중문화예술인 방송·영상 출연표준계약서(드라마 분야),"제6조(계약 해지·해제 및 손해배상) ② 본 계약을 체결한 이후 '출연자' 또는 '사업자'가 정당한 사유 없이 본 계약을 해지하고자 하는 경우, 해지 당사자는 상대방에게 그에 따른 손해를 배상할 책임이 있다."
대중문화예술인 방송·영상 출연표준계약서(드라마 분야),제6조(계약 해지·해제 및 손해배상) ③ 해지 또는 해제사유 발생에 책임이 있는 당사자는 계약의 불이행으로 상대방에게 발생한 손해를 배상할 책임이 있다.
대중문화예술인 방송·영상 출연표준계약서(드라마 분야),"제6조(계약 해지·해제 및 손해배상) ④ 본 계약의 당사자는 천재지변, 전쟁, 기타 객관적으로 통제할 수 없는 불가항력으로 인하여 계약을 유지할 수 없는 경우에 본 계약을 해지 또는 해제할 수 있다."
대중문화예술인 방송·영상 출연표준계약서(드라마 분야),"제6조(계약 해지·해제 및 손해배상) ⑤ '사업자'가 출연료 지급 의무의 이행을 지체하는 경우 '출연자'는 이행이 완료될 때까지 잔여분 촬영을 거부할 수 있으며, 이로 인한 손해에 대하여 '사업자'는 '출연자'에게 손해배상 책임을 물을 수 없다."
대중문화예술인 방송·영상 출연표준계약서(드라마 분야),제6조(계약 해지·해제 및 손해배상) ⑥ 고의 또는 과실로 본 계약을 위반하여 상대방에게 손해를 가한 자는 그 손해를 배상할 책임이 있다.
대중문화예술인 방송·영상 출연표준계약서(드라마 분야),제7조(제반 법령 준수) ① '출연자'가 미성년자인 경우 출연자에 관한 사항은 「대중문화예술산업발전법」 및 「청소년보호법」에 따라 보호한다.
대중문화예술인 방송·영상 출연표준계약서(드라마 분야),제7조(제반 법령 준수) ② 계약의 당사자는 본 계약의 이행과 관련하여 「예술인복지법」 및 「고용보험법」 상 예술인 고용보험에 관한 제반 법령을 준수하도록 한다.
대중문화예술인 방송·영상 출연표준계약서(드라마 분야),제8조(비밀유지) 계약 당사자는 상대방의 동의 없이 본 계약 내용 및 본 프로그램 제작과정에서 알게 된 정보를 제3자에게 누설해서는 아니된다.
대중문화예술인 방송·영상 출연표준계약서(드라마 분야),"제9조(위임 등의 금지) 계약 당사자는 본 계약상 권리나 의무 또는 지위의 전부 또는 일부를 상대방의 사전 서면 동의 없이 제3자에게 양도, 이전, 위임, 위탁할 수 없다."
대중문화예술인 방송·영상 출연표준계약서(드라마 분야),제10조(분쟁 해결) ① 본 계약에서 정하지 아니하거나 다툼이 있는 사항에 대하여 당사자 간 협의하여 최대한 원만하게 해결하도록 한다.
대중문화예술인 방송·영상 출연표준계약서(드라마 분야),"제10조(분쟁 해결) ② '출연자'가 자신의 권리 보호를 위하여 소속 노동조합 등을 통해 협의를 요청하는 경우, '사업자'는 이에 성실하게 임해야 한다."
대중문화예술인 방송·영상 출연표준계약서(드라마 분야),"제10조(분쟁 해결) ③ 제1항 및 제2항에 따라 해결되지 아니하는 경우 다음 각 호의 하나에 해당하는 절차를 소송에 선행하여 거칠 수 있고, 양측 당사자는 해당 절차에 성실하게 임하여야 한다. 1. 콘텐츠분쟁조정위원회의 조정. 2. 한국저작권위원회의 조정. 3. 대한상사중재원의 중재(仲裁)."
대중문화예술인 방송·영상 출연표준계약서(드라마 분야),"제10조(분쟁 해결) ④ 제3항에 따른 절차를 진행하지 않을 경우, 이 계약에 관한 분쟁의 해결은 민사소송법에 따른 소송절차에 의한다."
대중문화예술인 방송·영상 출연표준계약서(드라마 분야),"제11조(기타 부속 합의) ① '사업자'와 '출연자'는 본 계약의 내용을 보충하거나, 본 계약에서 정하지 아니한 사항을 규정하기 위하여 부속합의서를 작성할 수 있다."
대중문화예술인 방송·영상 출연표준계약서(드라마 분야),제11조(기타 부속 합의) ② 제1항에 따른 부속 합의 및 제5조의2에 따른 계약 내용의 변경은 본 계약의 내용과 배치되거나 위반하지 않는 범위로 한정한다.
대중문화예술인 방송·영상 출연표준계약서(드라마 분야),제12조(이행의 보증) ① '출연자' 및 '매니지먼트사'는 본 계약에 규정된 의무 등 제반 사항을 상호 연대하여 준수하기로 한다.
대중문화예술인 방송·영상 출연표준계약서(드라마 분야),제12조(이행의 보증) ② '매니지먼트사'는 본 계약상 '출연자'의 법률행위에 대한 위임권을 적법하게 보유하고 있음을 보증한다.
대중문화예술인 방송·영상 출연표준계약서(비드라마 분야),제1조(기본원칙) ① '출연자'는 '사업자'가 제작하는 프로그램에 출연하여 <계약 주요사항>에 따른 대중문화예술용역을 제공하고 '사업자'는 그에 따른 대가를 지급하는 것에 합의한다.
대중문화예술인 방송·영상 출연표준계약서(비드라마 분야),"제1조(기본원칙) ② 계약 당사자들은 본 계약을 신의성실의 원칙에 따라 이행하여야 하며, 본 계약에 따라 선량한 관리자의 주의로써 양질의 결과물을 제작하기 위하여 상호 협력한다."
대중문화예술인 방송·영상 출연표준계약서(비드라마 분야),"제1조(기본원칙) ③ 본 계약은 촬영 개시 전에 체결하는 것을 원칙으로 하며, 계약을 체결한 시점부터 즉시 효력을 지닌다."
대중문화예술인 방송·영상 출연표준계약서(비드라마 분야),제1조(기본원칙) ④ 계약기간은 달리 정함이 없는 한 계약 당사자의 권리·의무가 종료된 시점까지로 한다.
대중문화예술인 방송·영상 출연표준계약서(비드라마 분야),"제2조('사업자'의 의무) ① '사업자'는 본 계약에서 정하는 바에 따라 '출연자' 또는 '매니지먼트사'가 지정한 <계약 주요사항>의 지급 계좌로 출연료를 지급하며, '출연자' 또는 '매니지먼트사'의 요청이 있는 경우 출연료의 내역을 제공하여야 한다."
대중문화예술인 방송·영상 출연표준계약서(비드라마 분야),제2조('사업자'의 의무) ② 출연료의 집행을 담보하기 위하여 '사업자'는 현실적인 가액의 지급보증보험을 가입하거나 정지조건부 외주제작비 채무를 설정하여 '출연자'에게 지급하여야 하는 출연료에 대해 적극적인 조치를 취하여야 한다.
대중문화예술인 방송·영상 출연표준계약서(비드라마 분야),"제2조('사업자'의 의무) ③ '사업자'는 '출연자'가 자신의 능력을 발휘할 수 있는 환경을 제공하도록 노력하여야 하며, 이를 위하여 '사업자'는 '출연자'가 프로그램의 내용을 숙지한 상태에서 촬영에 임할 수 있도록 하여야 한다."
대중문화예술인 방송·영상 출연표준계약서(비드라마 분야),제2조('사업자'의 의무) ④ '사업자'는 촬영 중 각호의 사항을 준수하여야 한다. 1. '사업자'는 본 프로그램 제작과정에서 '출연자'의 신체·정신적 상황과 사생활 등 인격이 침해될 위험 요소가 없는지를 고려하여야 한다.
대중문화예술인 방송·영상 출연표준계약서(비드라마 분야),제2조('사업자'의 의무) ④ '사업자'는 촬영 중 각호의 사항을 준수하여야 한다. 2. 1일 최대 촬영시간은 대기시간 및 촬영을 위한 이동시간을 포함하여 18시간을 초과할 수 없다.
대중문화예술인 방송·영상 출연표준계약서(비드라마 분야),"제2조('사업자'의 의무) ④ '사업자'는 촬영 중 각호의 사항을 준수하여야 한다. 3. 동일한 장소에서 장기간에 걸쳐 고정적으로 촬영하는 경우, '사업자'는 '출연자'가 촬영장에서 충분히 휴식을 취할 수 있는 시설(대기실, 화장실, 식사 공간 등 편의시설)을 제공하여야 한다."
대중문화예술인 방송·영상 출연표준계약서(비드라마 분야),"제2조('사업자'의 의무) ⑤ '사업자'의 사정으로 인하여 보충촬영, 재촬영, 사후녹음(이하 ‘추가촬영 등’)을 하여야 하는 경우 '사업자'는 '출연자'의 일정에 방해가 되지 않도록 '출연자' 또는 '매니지먼트사'와 추가촬영 등 일정에 관하여 신속히 협의하여야 하며 추가촬영 등이 부당하게 지연되지 않도록 노력하여야 한다. 이 경우에 '사업자'는 '출연자'에게 제수당(식비, 숙박비, 교통비)을 지급한다."
대중문화예술인 방송·영상 출연표준계약서(비드라마 분야),제2조('사업자'의 의무) ⑥ '사업자'는 '출연자'가 '사업자'의 연출이나 연출에 필요한 일반적인 계약이행 요청 중에 사고를 당하는 경우(무리한 촬영일정 등에 의한 이동시간 중에 발생한 사고를 포함한다)에 대비하여 상당한 가액의 상해보험에 가입하여야 한다.
대중문화예술인 방송·영상 출연표준계약서(비드라마 분야),"제2조('사업자'의 의무) ⑦ 해외 촬영이 있는 경우 '사업자'는 촬영 내용, 체류 기간, 제반 비용, 촬영에 필요한 필수인원, 여행보험 및 안전에 대해 '출연자'의 의견을 충분히 반영하여 별도의 협의를 하여야 한다."
대중문화예술인 방송·영상 출연표준계약서(비드라마 분야),"제2조('사업자'의 의무) ⑧ '출연자'가 '사업자' 소속 임직원 등에 의하여 성희롱·성폭력 피해를 입은 경우, '출연자' 또는 '매니지먼트사'는 해당 임직원 등을 관련 업무에서 배제 요청할 수 있으며, '사업자'는 사실을 확인한 후 관련자를 업무에서 배제하고 피해자 보호조치를 취해야 한다."
대중문화예술인 방송·영상 출연표준계약서(비드라마 분야),제3조('출연자' 및 '매니지먼트사'의 의무) ① '출연자'는 대중문화예술인으로서 필요한 재능과 역량을 최대한 발휘하여 계약 당사자 간 합의된 범위 내에서 본 프로그램의 제작에 필요한 모든 용역을 성실히 제공하여야 한다.
대중문화예술인 방송·영상 출연표준계약서(비드라마 분야),"제3조('출연자' 및 '매니지먼트사'의 의무) ② '출연자'는 촬영 전 '사업자'(사업자가 지정하는 자를 포함한다. 이하 같다)의 요청에 따라 본 프로그램의 작품분석, 작품협의, 리허설, 워크숍, 국내외 제작발표회 및 홍보활동 등과 관련한 용역을 성실하게 제공한다."
대중문화예술인 방송·영상 출연표준계약서(비드라마 분야),"제3조('출연자' 및 '매니지먼트사'의 의무) ③ '출연자'는 촬영 중 각호의 사항을 준수하여야 한다. 1. '출연자'는 '사업자'의 본 프로그램 제작과 관련한 정당한 이행이나 요청에 대해 거부하여서는 아니되며, 제작진이 제시하는 안전 수칙을 준수하여야 한다."
대중문화예술인 방송·영상 출연표준계약서(비드라마 분야),제3조('출연자' 및 '매니지먼트사'의 의무) ③ '출연자'는 촬영 중 각호의 사항을 준수하여야 한다. 2. '출연자'는 다른 영상물이나 광고 등 대중문화예술인으로서의 활동을 하는 경우 사전에 '사업자'와 일정에 대해 협의하여 본 프로그램 제작에 지장이 없도록 한다.
대중문화예술인 방송·영상 출연표준계약서(비드라마 분야),"제3조('출연자' 및 '매니지먼트사'의 의무) ③ '출연자'는 촬영 중 각호의 사항을 준수하여야 한다. 3. '출연자'는 '사업자'가 제작하는 프로그램에 대한 모든 연출 상황(연기, 의상, 분장, 미용, 코디네이션 등)에 대해 제작 의도에 반하지 않는 한도 내에서 연출자와 상의하여 이행을 다하여야 한다."
대중문화예술인 방송·영상 출연표준계약서(비드라마 분야),"제3조('출연자' 및 '매니지먼트사'의 의무) ③ '출연자'는 촬영 중 각호의 사항을 준수하여야 한다. 4. '출연자'는 '사업자'가 제시하는 촬영 조건(촬영대기 시간엄수, 연출자의 관리통제 이행 등)을 성실히 수행하여야 한다."
대중문화예술인 방송·영상 출연표준계약서(비드라마 분야),제3조('출연자' 및 '매니지먼트사'의 의무) ③ '출연자'는 촬영 중 각호의 사항을 준수하여야 한다. 5. '출연자'는 본 계약의 불이행으로 인해 '사업자'가 피해를 보지 않도록 하여야 한다.
대중문화예술인 방송·영상 출연표준계약서(비드라마 분야),제3조('출연자' 및 '매니지먼트사'의 의무) ④ '출연자'는 촬영종료 후 '사업자'가 제2조 제5항에 따른 추가촬영 등 용역제공을 요청하는 경우 이에 협조하여야 한다.
대중문화예술인 방송·영상 출연표준계약서(비드라마 분야),제3조('출연자' 및 '매니지먼트사'의 의무) ⑤ '출연자'는 사회적 물의를 일으켜 본 프로그램의 제작 및 방영·공개에 차질을 주어서는 아니된다.
대중문화예술인 방송·영상 출연표준계약서(비드라마 분야),제3조('출연자' 및 '매니지먼트사'의 의무) ⑥ '출연자' 또는 '매니지먼트사'는 상해보험 및 예술인고용보험 등 가입 또는 보험료 납부에 필요한 정보 및 자료를 '사업자'에 제공하여야 한다.
대중문화예술인 방송·영상 출연표준계약서(비드라마 분야),"제3조('출연자' 및 '매니지먼트사'의 의무) ⑦ '매니지먼트사'는 '출연자'가 제1항부터 제7항까지 대중문화예술인으로서 필요한 재능과 역량을 최대한 발휘하여 본 프로그램 제작에 필요한 모든 용역을 성실히 제공할 수 있도록 관리자로서 의무를 다하여야 하며, 본 계약기간 중 '출연자'와 '매니지먼트사'의 전속계약이 종료되는 등 사유가 발생하는 경우 '사업자'에 통보하여야 한다."
대중문화예술인 방송·영상 출연표준계약서(비드라마 분야),"제3조('출연자' 및 '매니지먼트사'의 의무) ⑧ '사업자' 소속 임직원이 '출연자' 또는 '매니지먼트사' 소속 임직원 등에 의하여 성희롱·성폭력 피해를 입은 경우, '사업자'는 해당 '출연자' 또는 '매니지먼트사' 소속 임직원 등을 관련 업무에서 배제 요청할 수 있다."
대중문화예술인 방송·영상 출연표준계약서(비드라마 분야),제4조(저작권·저작인접권 등) ① 본 계약을 통해 제작된 영상저작물의 저작권과 저작인접권에 관한 사항은 「저작권법」에 따른다.
대중문화예술인 방송·영상 출연표준계약서(비드라마 분야),제4조(저작권·저작인접권 등) ② '출연자'가 저작권 신탁단체에 속한 경우 '사업자'는 신탁단체와 특약을 체결하여 '출연자'의 저작인접권 이용에 따른 사용료를 지급하여야 한다.
대중문화예술인 방송·영상 출연표준계약서(비드라마 분야),제4조(저작권·저작인접권 등) ③ '사업자'가 본 프로그램의 영상물을 그대로 사용 또는 유통하는 것 이외에 본 계약에서 정한 범위를 초과하여 수정·편집 등 변형된 형태로 활용하고자 하는 경우 '사업자'는 이 이용에 따른 저작인접권 사용료를 '출연자' 또는 '매니지먼트사'와 별도로 협의하여 지급하여야 한다.
대중문화예술인 방송·영상 출연표준계약서(비드라마 분야),"제4조(저작권·저작인접권 등) ④ '사업자'는 미방영·미공개된 촬영물을 추후 복제·배포·전송하고자 하는 경우, '출연자' 또는 '매니지먼트사'에 이 이용에 따른 출연료 및 저작인접권 사용료를 지급하여야 한다. 단, 해당 촬영물에 대한 출연료가 사전에 지급된 경우 본 항에 따른 출연료는 지급하지 아니한다."
대중문화예술인 방송·영상 출연표준계약서(비드라마 분야),"제5조(계약의 변경) 합리적이고 객관적인 사유가 발생하여 부득이하게 계약 내용의 변경이 필요한 경우, 당사자는 서면(전자서면을 포함한다)으로 합의하여 본 계약의 내용을 변경할 수 있다."
대중문화예술인 방송·영상 출연표준계약서(비드라마 분야),"제5조의2(프로그램 출연 회차의 변경) ① '사업자'가 프로그램 회차를 연장하거나 감축하여 '출연자'의 출연 횟수에 변동이 생기는 경우, 사전에 '출연자'에게 고지하여야 한다."
대중문화예술인 방송·영상 출연표준계약서(비드라마 분야),제5조의2(프로그램 출연 회차의 변경) ② 제1항에 따라 프로그램 회차를 연장하고자 하는 경우에 연장분에 대한 출연료 등 계약 조건에 대하여 별도로 합의하여야 한다.
대중문화예술인 방송·영상 출연표준계약서(비드라마 분야),"제6조(계약 해지·해제 및 손해배상) ① 계약 당사자 중 일방이 본 계약을 위반하거나, 제2조 또는 제3조의 당사자간 의무를 다하지 않은 경우 상대방은 15일의 기간을 정하여 위반사항을 시정할 것을 요구할 수 있으며, 해당 기간이 지나도록 시정되지 않는 경우 본 계약을 해지 또는 해제할 수 있다. 단, 본 계약을 더이상 유지하기 어려울 정도로 중대한 위반사항이 있거나 위반사항의 성질상 시정하기에 적합하지 않은 경우 시정 요구 없이 계약을 해지 또는 해제할 수 있다."
대중문화예술인 방송·영상 출연표준계약서(비드라마 분야),"제6조(계약 해지·해제 및 손해배상) ② 본 계약을 체결한 이후 '출연자' 또는 '사업자'가 정당한 사유 없이 본 계약을 해지하고자 하는 경우, 해지 당사자는 상대방에게 그에 따른 손해를 배상할 책임이 있다."
대중문화예술인 방송·영상 출연표준계약서(비드라마 분야),제6조(계약 해지·해제 및 손해배상) ③ 해지 또는 해제사유 발생에 책임이 있는 당사자는 계약의 불이행으로 상대방에게 발생한 손해를 배상할 책임이 있다.
대중문화예술인 방송·영상 출연표준계약서(비드라마 분야),"제6조(계약 해지·해제 및 손해배상) ④ 본 계약의 당사자는 천재지변, 전쟁, 기타 객관적으로 통제할 수 없는 불가항력으로 인하여 계약을 유지할 수 없는 경우에 본 계약을 해지 또는 해제할 수 있다."
대중문화예술인 방송·영상 출연표준계약서(비드라마 분야),"제6조(계약 해지·해제 및 손해배상) ⑤ '사업자'가 출연료 지급 의무의 이행을 지체하는 경우 '출연자'는 이행이 완료될 때까지 잔여분 촬영을 거부할 수 있으며, 이로 인한 손해에 대하여 '사업자'는 '출연자'에게 손해배상 책임을 물을 수 없다."
대중문화예술인 방송·영상 출연표준계약서(비드라마 분야),제6조(계약 해지·해제 및 손해배상) ⑥ 고의 또는 과실로 본 계약을 위반하여 상대방에게 손해를 가한 자는 그 손해를 배상할 책임이 있다.
대중문화예술인 방송·영상 출연표준계약서(비드라마 분야),제7조(제반 법령 준수) ① '출연자'가 미성년자인 경우 출연자에 관한 사항은 「대중문화예술산업발전법」 및 「청소년보호법」에 따라 보호한다.
대중문화예술인 방송·영상 출연표준계약서(비드라마 분야),제7조(제반 법령 준수) ② 계약의 당사자는 본 계약의 이행과 관련하여 「예술인복지법」 및 「고용보험법」상 예술인 고용보험에 관한 제반 법령을 준수하도록 한다.
대중문화예술인 방송·영상 출연표준계약서(비드라마 분야),제8조(비밀유지) 계약 당사자는 상대방의 동의 없이 본 계약 내용 및 본 프로그램 제작과정에서 알게 된 정보를 제3자에게 누설해서는 아니된다.
대중문화예술인 방송·영상 출연표준계약서(비드라마 분야),"제9조(위임 등의 금지) 계약 당사자는 본 계약상 권리나 의무 또는 지위의 전부 또는 일부를 상대방의 사전 서면 동의 없이 제3자에게 양도, 이전, 위임, 위탁할 수 없다."
대중문화예술인 방송·영상 출연표준계약서(비드라마 분야),제10조(분쟁 해결) ① 본 계약에서 정하지 아니하거나 다툼이 있는 사항에 대하여 당사자 간 협의하여 최대한 원만하게 해결하도록 한다.
대중문화예술인 방송·영상 출연표준계약서(비드라마 분야),"제10조(분쟁 해결) ② '출연자'가 자신의 권리 보호를 위하여 소속 노동조합 등을 통해 협의를 요청하는 경우, '사업자'는 이에 성실하게 임해야 한다."
대중문화예술인 방송·영상 출연표준계약서(비드라마 분야),"제10조(분쟁 해결) ③ 제1항 및 제2항에 따라 해결되지 아니하는 경우 다음 각 호의 하나에 해당하는 절차를 소송에 선행하여 거칠 수 있고, 양측 당사자는 해당 절차에 성실하게 임하여야 한다. 1. 콘텐츠분쟁조정위원회의 조정"
대중문화예술인 방송·영상 출연표준계약서(비드라마 분야),"제10조(분쟁 해결) ③ 제1항 및 제2항에 따라 해결되지 아니하는 경우 다음 각 호의 하나에 해당하는 절차를 소송에 선행하여 거칠 수 있고, 양측 당사자는 해당 절차에 성실하게 임하여야 한다. 2. 한국저작권위원회의 조정"
대중문화예술인 방송·영상 출연표준계약서(비드라마 분야),"제10조(분쟁 해결) ③ 제1항 및 제2항에 따라 해결되지 아니하는 경우 다음 각 호의 하나에 해당하는 절차를 소송에 선행하여 거칠 수 있고, 양측 당사자는 해당 절차에 성실하게 임하여야 한다. 3. 대한상사중재원의 중재(仲裁)"
대중문화예술인 방송·영상 출연표준계약서(비드라마 분야),"제10조(분쟁 해결) ④ 제3항에 따른 절차를 진행하지 않을 경우, 이 계약에 관한 분쟁의 해결은 민사소송법에 따른 소송절차에 의한다."
대중문화예술인 방송·영상 출연표준계약서(비드라마 분야),"제11조(기타 부속 합의) ① '사업자'와 '출연자'는 본 계약의 내용을 보충하거나, 본 계약에서 정하지 아니한 사항을 규정하기 위하여 부속합의서를 작성할 수 있다."
대중문화예술인 방송·영상 출연표준계약서(비드라마 분야),제11조(기타 부속 합의) ② 제1항에 따른 부속 합의 및 제5조의2에 따른 계약 내용의 변경은 본 계약의 내용과 배치되거나 위반하지 않는 범위로 한정한다.
대중문화예술인 방송·영상 출연표준계약서(비드라마 분야),제12조(이행의 보증) ① '출연자' 및 '매니지먼트사'는 본 계약에 규정된 의무 등 제반 사항을 상호 연대하여 준수하기로 한다.
대중문화예술인 방송·영상 출연표준계약서(비드라마 분야),제12조(이행의 보증) ② '매니지먼트사'는 본 계약상 '출연자'의 법률행위에 대한 위임권을 적법하게 보유하고 있음을 보증한다.
방송프로그램 제작스태프 표준근로계약서,제1조(기본원칙) 1항 ‘방송사 또는 제작사’와 ‘스태프’는 본 계약을 신의성실의 원칙에 따라 이행하여야 한다.
방송프로그램 제작스태프 표준근로계약서,제1조(기본원칙) 2항 ‘방송사 또는 제작사’와 ‘스태프’는 ‘프로그램’ 제작과 관련된 임금 산정 시 본 표준계약서에서 정하는 바에 따른다.
방송프로그램 제작스태프 표준근로계약서,제2조(계약의 내용) 본 계약의 주요내용은 다음과 같다.
방송프로그램 제작스태프 표준근로계약서,제3조(계약기간) 본 계약의 기간은 년 월 일부터 년 월 일 까지로 한다. ‘방송사 또는 제작사’의 계약연장 또는 갱신의 통지가 없는 한 계약기간 만료로 본 계약에 기초한 근로관계는 종료된 것으로 본다.
방송프로그램 제작스태프 표준근로계약서,제4조 (4대 보험 가입) 1항 ‘방송사 또는 제작사’는 본 계약의 효력발생일로부터 상당한 기한 내에 각‘스태프’에 대한 4대보험을 가입하여야 한다.
방송프로그램 제작스태프 표준근로계약서,제4조 (4대 보험 가입) 2항 ‘방송사 또는 제작사’는‘스태프’가 자신의 보험가입정보에 대한 확인을 요청할 경우 이에 응하여야 한다.
방송프로그램 제작스태프 표준근로계약서,"제5조(‘방송사 또는 제작사’의 의무) 1항 ‘방송사 또는 제작사’는‘프로그램’의 제작을 위하여 필요한 인적, 물적 자원을 제공하여야 한다."
방송프로그램 제작스태프 표준근로계약서,"제5조(‘방송사 또는 제작사’의 의무) 2항 ‘방송사 또는 제작사’는 위험한 장면 촬영 등 작업안전상 위해요소 발견이 예상되는 경우‘스태프’에 대한 안전 배려의 의무를 다하여야 하며, 기타‘스태프’의 노무 제공 과정에서‘스태프’의 생명, 신체, 건강에 대한 보호 의무를 다하여야 한다."
방송프로그램 제작스태프 표준근로계약서,"제5조(‘방송사 또는 제작사’의 의무) 3항 ‘방송사 또는 제작사’는 건전한 근로환경의 유지를 위해 평등한 기회를 제공하여야 하며‘스태프’의 성별, 종교, 성정체성, 장애, 연령, 조합원여부, 단기고용 등을 이유로 차별하여서는 아니 된다."
방송프로그램 제작스태프 표준근로계약서,제5조(‘방송사 또는 제작사’의 의무) 4항 ‘방송사 또는 제작사’는‘프로그램’ 제작과 관련하여‘스태프’가 자신의 역량과 능력을 최대한 발휘할 수 있는 환경을 제공하여야 한다.
방송프로그램 제작스태프 표준근로계약서,"제5조(‘방송사 또는 제작사’의 의무) 5항 ‘방송사 또는 제작사’가 계약기간 이내에 작업을 완료하지 못하여 계약기간을 초과하여 추가 작업을 하여야 하는 경우,‘방송사 또는 제작사’는‘스태프’의 다른 일정에 방해가 되지 않도록 추가 제작일정을 신속히 협의하여야 하며, 이로 인해 발생하는 제비용(야외비 및 제수당 등)을 지급하여야 한다."
방송프로그램 제작스태프 표준근로계약서,"제5조(‘방송사 또는 제작사’의 의무) 6항 동일한 장소에서 장기간에 걸쳐 고정적으로 작업하는 경우,‘방송사 또는 제작사’는‘스태프’가 제작 현장에서 충분히 휴식을 취할 수 있도록 편의(화장실, 식사 및 휴게공간 등)를 제공하여야 한다. 다만, 편의의 제공이 곤란한 경우‘방송사 또는 제작사’와 ‘스태프’는 상호 협의하여 정할 수 있다."
방송프로그램 제작스태프 표준근로계약서,"제5조(‘방송사 또는 제작사’의 의무) 7항 해외 로케이션이 있는 경우, ‘방송사 또는 제작사’는 체류 기간 및 제반 비용, 여행 보험, 안전 등에 대해서 ‘스태프’와 별도로 협의하여야 한다."
방송프로그램 제작스태프 표준근로계약서,제5조(‘방송사 또는 제작사’의 의무) 8항 ‘방송사 또는 제작사’는‘스태프’의 인격을 손상시키는 성희롱ㆍ성폭력 등 강압적인 행위를 하여서는 아니 된다.
방송프로그램 제작스태프 표준근로계약서,제6조(‘스태프’의 의무) 1항 ‘스태프’는 제작에 필요한 재능과 역량을 최대한 발휘하여 본‘프로그램’ 제작에 필요한 모든 서비스를 성실히 제공하여야 한다.
방송프로그램 제작스태프 표준근로계약서,제6조(‘스태프’의 의무) 2항 ‘스태프’는‘프로그램’ 제작 중 안전조치에 관한‘방송사 또는 제작사’의 제반 지시를 성실히 따라야 한다.
방송프로그램 제작스태프 표준근로계약서,제6조(‘스태프’의 의무) 3항 ‘스태프’는 업무와 관련하여 ‘방송사 또는 제작사’및‘방송사 또는 제작사’와 동일시할 수 있는 자의 업무지시에 따라야 한다.
방송프로그램 제작스태프 표준근로계약서,"제6조(‘스태프’의 의무) 4항 ‘스태프’는‘방송사 또는 제작사’의 동의가 없는 한 근로계약 기간 중 관련업에 겸직하거나 제3자와 거래할 수 없으며,‘방송사 또는 제작사’의 경영상 이익에 반하는 행위를 해서는 아니 된다."
방송프로그램 제작스태프 표준근로계약서,제6조(‘스태프’의 의무) 5항 ‘스태프’는 자신이 제공하는 역무가 타인의 저작권 및 기타 지적재산권을 비롯한 권리를 침해하지 않는 것을 보증한다.
방송프로그램 제작스태프 표준근로계약서,"제6조(‘스태프’의 의무) 6항 ‘스태프’는‘방송사 또는 제작사’가 정하고 있는 촬영 및 녹화, 편집 등에 관한 규칙을 준수하고 문화체육관광부 및 과학기술정보통신부, 방송통신위원회 등 관련 규제 기관이 정하고 있는‘프로그램’에 대한 가이드라인을 숙지한 후 작업에 임해야 한다."
방송프로그램 제작스태프 표준근로계약서,"제6조(‘스태프’의 의무) 7항 본 계약에 따른‘프로그램’ 제작에‘스태프’로서 참여하는 자는 사회적 물의(폭행, 도박, 성희롱ㆍ성폭력 등 법령위반과 이에 준하는 물의)를 일으켜 본 프로그램에 부정적인 영향을 미칠 수 있는 행위를 하여서는 아니 된다."
방송프로그램 제작스태프 표준근로계약서,제7조(부당한 계약취소의 금지) ‘방송사 또는 제작사’는‘스태프’의 책임으로 돌릴 사유가 없음에도 불구하고 본 계약의 내용을 임의로 취소하거나 변경하는 행위를 하여서는 아니 된다.
방송프로그램 제작스태프 표준근로계약서,제8조(역무제공 부당거부의 금지) 1항 ‘방송사 또는 제작사’는‘스태프’로부터 계약내용의 역무를 인도받을 때에는 ‘스태프’에게 책임을 돌릴 사유가 없음에도 불구하고 부당하게 역무의 제공을 거부하여서는 아니 된다.
방송프로그램 제작스태프 표준근로계약서,제8조(역무제공 부당거부의 금지) 2항 1호 ‘방송사 또는 제작사’의 경영상황 변동 등을 이유로 계약내용의 역무 제공을 거부하는 행위.
방송프로그램 제작스태프 표준근로계약서,제8조(역무제공 부당거부의 금지) 2항 2호 ‘스태프’의 역무 제공에 대하여 부당한 업무지시를 계속적으로 반복하는 행위.
방송프로그램 제작스태프 표준근로계약서,제8조(역무제공 부당거부의 금지) 2항 3호 ‘방송사 또는 제작사’의 귀책사유로 인하여 역무의 제공이 지연되었음에도 불구하고 이를 이유로 역무의 제공을 거부하는 행위.
방송프로그램 제작스태프 표준근로계약서,"제9조 (근로시간 및 휴가 등) 1항 ‘방송사 또는 제작사’와‘스태프’는 근로기준법 제50조 내지 제53조에 따른 근로시간(1주간 40시간, 상호 합의 시 연장근로 1주간 12시간 포함)을 준수하여야 한다. 이 경우 대기시간 및 제작을 위해 이동하는 시간을 포함한다."
방송프로그램 제작스태프 표준근로계약서,"제9조 (근로시간 및 휴가 등) 2항 근로기준법 제50조에 따른 1주간의 근로시간인 40시간과 1일의 근로시간인 휴게시간을 제외한 8시간을 기준으로 연장근로를 할 경우‘스태프’의 휴게시간을 최대한 보장하여야 한다.‘방송사 또는 제작사’는‘스태프’에게 근로시간이 4시간인 경우에는 30분 이상, 8시간 이상인 경우에는 1시간 이상의 휴게시간을 근로시간 도중에 주어야 한다."
방송프로그램 제작스태프 표준근로계약서,제9조 (근로시간 및 휴가 등) 3항 ‘방송사 또는 제작사’는‘스태프’에게 매주 정기적으로 주휴일을 부여하여야 한다. 다만 제작 일정 등의 문제로 주휴일을 변경하고자 하는 경우는 상호 합의하여 정할 수 있으나 주휴일의 간격은 7일을 원칙으로 한다.
방송프로그램 제작스태프 표준근로계약서,제9조 (근로시간 및 휴가 등) 4항 ‘방송사 또는 제작사’는‘스태프’가 1개월을 만근한 경우 1일의 유급휴가를 주어야 한다.
방송프로그램 제작스태프 표준근로계약서,제9조 (근로시간 및 휴가 등) 5항 ‘방송사 또는 제작사’는‘프로그램’ 제작 일정 등의 문제로‘스태프’에게 정기 주휴일 및 유급휴가를 부여하기 어려운 경우 상호 협의하여 임금 추가 지급 등의 상응하는 대가를 지불하여야 한다.
방송프로그램 제작스태프 표준근로계약서,제10조 (임금의 결정 지급) 1항 ‘방송사 또는 제작사’는 급여를 정함에 있어 부당한 방법을 이용하여‘스태프’로 하여금 통상 지급되는 임금보다 현저하게 낮은 수준으로 결정하도록 강요하여서는 아니 된다.
방송프로그램 제작스태프 표준근로계약서,제10조 (임금의 결정 지급) 2항 1호 월 기본급은 당사자 간 약정한 근로일수를 기준으로 정한다.
방송프로그램 제작스태프 표준근로계약서,제10조 (임금의 결정 지급) 2항 2호 월 기본급의 형태가 아닌 경우에는‘스태프’의 근로일수에 상응하는 급여를 정한다.
방송프로그램 제작스태프 표준근로계약서,"제10조 (임금의 결정 지급) 2항 3호 임금의 지급은 현금으로 하되, 그 방법은 상호 협의로 정한다."
방송프로그램 제작스태프 표준근로계약서,"제10조 (임금의 결정 지급) 2항 4호 ‘방송사 또는 제작사’는‘프로그램’(방송사의 경우)이나, 납품한‘프로그램’(외주제작사의 경우)의 시청률에 따라 상호 협의 하에 연동 인센티브를 지급할 수 있다."
방송프로그램 제작스태프 표준근로계약서,"제10조 (임금의 결정 지급) 3항 전항에 따른 급여 산정에 대해 월별 약정한 회차 또는 근로일수를 초과하는 경우, 추가로 임금(시급×초과근로시간)을 지급하여야 한다. 다만, 실제로 근로를 제공한 월별 회차(또는 근로일수)가 약정한 회차(또는 근로일수)에 미달하더라도 이를 이유로 제2조에서 정한 임금 지급 금액을 감액할 수 없다."
방송프로그램 제작스태프 표준근로계약서,"제10조 (임금의 결정 지급) 4항 ‘방송사 또는 제작사’는 ‘스태프’에게 <서식1>에 따라 연장근로(1일 근로시간이 8시간을 초과하는 시간의 근로)와 야간근로(오후 10시부터 오전 6시까지 사이의 근로), 8시간 이내의 휴일근로에 대해서는 ‘시간당 통상임금’의 100분의 50 이상을 가산하고, 8시간을 초과하는 휴일근로에 대해서는 ‘시간당 통상임금’ 이상을 가산하여 지급하여야 한다."
방송프로그램 제작스태프 표준근로계약서,"제10조 (임금의 결정 지급) 5항 ‘방송사 또는 제작사’는 제2조에 정한 지급시기에 따라 임금을 지급하여야 한다. 다만, 계약기간 연장 등 특별한 사정이 있는 경우에는 정산 기일에 관하여 당사자 간의 합의 하에 별도로 정할 수 있다."
방송프로그램 제작스태프 표준근로계약서,"제10조 (임금의 결정 지급) 6항 ‘방송사 또는 제작사’는 제2항의 임금을 지급하는 경우에 월 급여(월 기본급, 초과근무수당)에서 근로소득세 및 4대 보험료 중‘스태프’의 부담부분을 공제한 후‘스태프’에게 지급한다."
방송프로그램 제작스태프 표준근로계약서,"제11조 (임금의 직접청구) ‘제작사’가 약정한 임금을 지급하지 않는 경우에‘스태프’는 ""방송프로그램 제작 표준계약서"" 제7조제4항에 따른 금액을 한도로 동조에서 정한 타 채권자와 함께 ‘방송사’에게 직접 급여를 청구할 수 있다. 이 경우 ‘방송사’는 제7조제4항에 따른 금액을 스태프와 타 채권자에게 이를 안분하여 지급하거나 법원에 공탁하여‘스태프’의 권리를 침해하는 일이 없도록 하여야 한다."
방송프로그램 제작스태프 표준근로계약서,제12조 (실비변상) 1항 ‘스태프’가‘방송사 또는 제작사’의 사전 동의를 얻어 지출한 물품구매비용 등은 ‘방송사 또는 제작사’의 부담으로 한다.
방송프로그램 제작스태프 표준근로계약서,"제12조 (실비변상) 2항 ‘스태프’는 전항의 비용을 청구하는 경우에 영수증을 제출하여야 하며, 영수증이 첨부되지 않은 경비는 청구할 수 없다. 인정되는 영수증의 종류 및 범위에 대해서는 ‘방송사 또는 제작사’와 ‘스태프’가 상호 간에 협의한다."
방송프로그램 제작스태프 표준근로계약서,"제12조 (실비변상) 3항 ‘스태프’는 ‘방송사 또는 제작사’의 사전 동의 없이 임의로 장비, 물품 등을 구매, 임대 등의 명목으로 지출을 하여서는 아니 된다."
방송프로그램 제작스태프 표준근로계약서,제13조 (권리의 귀속) 1항 ‘스태프’가 ‘프로그램’과 관련하여 제공한 모든 역무의 결과물에 관련된 저작재산권은 저작권법에 따른다.
방송프로그램 제작스태프 표준근로계약서,"제13조 (권리의 귀속) 2항 ‘방송사 또는 제작사’는 ‘프로그램’의 국내외 방송(지상파, 유선, 위성, DMB 등 모든 형태의 방송 포함), 국내외에서의 판매용 비디오 복제 및 배포, 국내외에서의 무선 또는 유선통신의 방법에 의한 전송,‘프로그램’을 구성하는 타이틀 명, 서브타이틀 명, 등장 캐릭터의 형상 및 명칭, CF, 행사, 공연물, CD롬 제작, DVD 제작 등 본 ‘프로그램’으로부터 발생 및 파생 가능한 지식재산권을 소유한다."
방송프로그램 제작스태프 표준근로계약서,"제14조 (계약의 연장 및 변경) 1항 합리적이고 객관적인 사유가 발생하여 부득이하게 계약내용의 연장 및 변경이 필요한 경우에는‘방송사 또는 제작사’와‘스태프’는 상호 합의하여 본 계약을 기명ㆍ날인한 서면(전자서면을 포함한다)에 의해 변경할 수 있다. 다만, 일용직이거나 주 단위 고용형태의‘스태프’의 경우에는 구술로 정할 수 있다."
방송프로그램 제작스태프 표준근로계약서,"제14조 (계약의 연장 및 변경) 2항 ‘방송사 또는 제작사’의 사정으로‘프로그램’의 제작이 불가능한 경우에‘방송사 또는 제작사’는‘스태프’의 동의 하에 다른‘프로그램’의 제작에 근로를 요청할 수 있다. 다만,‘스태프’에게 발생한 실제 손해금액을 합리적으로 보상하여야 한다."
방송프로그램 제작스태프 표준근로계약서,제15조(권리ㆍ의무의 양도) ‘방송사 또는 제작사’와‘스태프’는 서면으로 상대방의 승낙을 얻지 아니하는 한 본 계약 또는 개별계약으로부터 발생하는 권리ㆍ의무의 전부 또는 일부를 제3자에게 양도하거나 담보로 제공할 수 없다.
방송프로그램 제작스태프 표준근로계약서,"제16조 (크레딧) 1항 ‘방송사 또는 제작사’는‘프로그램’에‘스태프’의 역할을 명시한 크레딧을 명기하여야 한다. 다만,‘스태프’가 근로의 제공을 완료하지 못한 경우에는 그러하지 아니하다."
방송프로그램 제작스태프 표준근로계약서,"제16조 (크레딧) 2항 크레딧의 위치, 크기, 표시방법 등은 상호 간의 협의와 방송업계의 관례에 따른다."
방송프로그램 제작스태프 표준근로계약서,"제17조(계약의 해제 또는 해지) 1항 ‘방송사 또는 제작사’ 또는‘스태프’는 다음 각 호의 어느 하나에 해당하는 사유가 발생한 경우에는 본 계약에 대하여 그 전부 또는 일부를 해제ㆍ해지할 수 있다. 이 경우 상대방에게 지체 없이 서면(전자서면을 포함한다)으로 통지하여야 하며, 7일 이내에 서면으로 이의제기가 없을 경우 계약이 해제ㆍ해지된 것으로 본다."
방송프로그램 제작스태프 표준근로계약서,"제17조(계약의 해제 또는 해지) 1항 1호 ‘방송사 또는 제작사’가 감독관청으로부터 영업취소ㆍ영업정지 등의 처분을 받거나 어음ㆍ수표의 부도, 제3자에 의한 강제집행(가압류 및 가처분 포함), 파산 및 회생절차개시의 신청 등 영업상의 중대한 사유가 발생하여 계약내용을 이행할 수 없다고 인정될 경우."
방송프로그램 제작스태프 표준근로계약서,제17조(계약의 해제 또는 해지) 1항 2호 ‘스태프’가 민ㆍ형사상의 법률분쟁이나 사망 또는 질병과 같은 건강상의 이유로 계약 내용을 이행할 수 없다고 인정될 경우.
방송프로그램 제작스태프 표준근로계약서,제17조(계약의 해제 또는 해지) 1항 3호 ‘방송사 또는 제작사’가 계약내용과 관련하여 수정을 요청하였으나‘스태프’가 그 요구에 정당한 사유 없이 불응하는 경우.
방송프로그램 제작스태프 표준근로계약서,제17조(계약의 해제 또는 해지) 1항 4호 ‘방송사 또는 제작사’ 또는‘스태프’가 재해 기타 사유로 인하여 본 계약의 내용을 이행하기 곤란하다고 쌍방이 인정한 경우.
방송프로그램 제작스태프 표준근로계약서,제17조(계약의 해제 또는 해지) 1항 5호 ‘방송사 또는 제작사’ 또는‘스태프’가 본 계약을 이행하지 않거나 본 계약의 중요한 내용을 위반한 경우.
방송프로그램 제작스태프 표준근로계약서,제17조(계약의 해제 또는 해지) 1항 6호 ‘방송사 또는 제작사’가 정당한 사유 없이‘스태프’의 계약내용 수행에 필요한 사항의 이행을 지연하여‘스태프’의 계약내용 수행에 지장을 초래한 경우.
방송프로그램 제작스태프 표준근로계약서,제17조(계약의 해제 또는 해지) 1항 7호 ‘스태프’가 정당한 사유 없이 계약내용의 수행을 거부하는 경우.
방송프로그램 제작스태프 표준근로계약서,제17조(계약의 해제 또는 해지) 1항 8호 ‘스태프’의 제작 능력이 부족하여 계약내용을 원만히 이행할 수 없다고 인정되는 상당한 이유가 있는 경우.
방송프로그램 제작스태프 표준근로계약서,"제18조(손해배상) 1항 ‘방송사 또는 제작사’와‘스태프’는 자신의 귀책사유로 인하여 본 계약의 전부 또는 일부가 해제ㆍ해지됨으로써 발생한 상대방의 손해를 배상하여야 한다. 다만, 천재지변, 전쟁, 폭동, 테러 기타 합리적인 지배범위 밖의 사유로 인하여 상대방 및 제3자에게 발생시킨 손해에 대해서는 상호 면책한다."
방송프로그램 제작스태프 표준근로계약서,제18조(손해배상) 2항 ‘방송사 또는 제작사’의 귀책사유로 인해 계약이 해지된 경우에는 ‘스태프’에게 실제 발생한 손해를 배상하여야 한다.
방송프로그램 제작스태프 표준근로계약서,제18조(손해배상) 3항 ‘방송사 또는 제작사’가 본 계약에서 합의된 사항을 이행하지 않거나‘방송사 또는 제작사’의 행위가 제8조의 사유에 해당되어‘스태프’에게 손해가 발생한 경우 실제 발생한 손해를‘스태프’에게 배상하여야 한다.
방송프로그램 제작스태프 표준근로계약서,제18조(손해배상) 4항 ‘스태프’가 본 계약에서 합의된 사항을 이행하지 않거나‘스태프’의 귀책사유로 인해 발생한 다음 각 호 어느 하나의 손해에 대해서는‘스태프’가‘방송사 또는 제작사’에게 실제 발생한 손해를 배상하여야 한다.
방송프로그램 제작스태프 표준근로계약서,제18조(손해배상) 4항 1호 역무를 제공하지 않아 결방으로 인한 손해.
방송프로그램 제작스태프 표준근로계약서,제18조(손해배상) 4항 2호 역무의 개시 지연으로 결방되거나 계약의 해지로 인한 손해.
방송프로그램 제작스태프 표준근로계약서,제18조(손해배상) 4항 3호 ‘스태프’의 관련 법규 위반으로 인한 손해.
방송프로그램 제작스태프 표준근로계약서,제18조(손해배상) 5항 ‘방송사 또는 제작사’는 다음 각 호의 어느 하나에 해당되어 역무의 수행이 지체되었다고 인정할 때에는 손해배상 청구를 하지 아니한다.
방송프로그램 제작스태프 표준근로계약서,제18조(손해배상) 5항 1호 불가항력의 사유에 의한 경우.
방송프로그램 제작스태프 표준근로계약서,제18조(손해배상) 5항 2호 ‘방송사 또는 제작사’의 책임으로 프로그램의 제작 착수가 지연되었거나 중단된 경우.
방송프로그램 제작스태프 표준근로계약서,제18조(손해배상) 5항 3호 기타‘스태프’의 책임에 속하지 않는 사유로 인하여 지체된 경우.
방송프로그램 제작스태프 표준근로계약서,"제18조(손해배상) 6항 ‘방송사 또는 제작사’와‘스태프’는 본 계약으로 알게 된 상대방의 업무 및 기술상 비밀을 상대방의 승인 없이 계약의 목적과 달리 부당하게 이를 이용하거나 제3자에게 누설하여 상대방에게 손해를 입힌 경우, 실제 발생한 손해를 배상한다."
방송프로그램 제작스태프 표준근로계약서,제19조(계약의 전속) 1항 ‘스태프’는 본인의 근로 제공을‘방송사 또는 제작사’의 동의 없이 제3자에게 대리하거나 대행하게 할 수 없다.
방송프로그램 제작스태프 표준근로계약서,제19조(계약의 전속) 2항 ‘방송사 또는 제작사’는‘스태프’의 동의 없이 본 계약상 사용자의 지위를 제3자에게 이전하지 않는다.
방송프로그램 제작스태프 표준근로계약서,제20조(비밀의 유지) 1항 ‘방송사 또는 제작사’와‘스태프’는 본‘프로그램’과 관련하여 상대방의 업무상ㆍ기술상 비밀을 상대방의 승인이 없는 한 계약의 목적과 달리 부당하게 이를 이용하거나 제3자에게 누설하여서는 아니 된다.
방송프로그램 제작스태프 표준근로계약서,"제20조(비밀의 유지) 2항 ‘방송사 또는 제작사’와‘스태프’는 계약기간 중, 계약기간의 만료 또는 계약의 해제ㆍ해지 후에도 동조 제1항에서 정한 의무가 있다."
방송프로그램 제작스태프 표준근로계약서,제21조(이의 및 분쟁의 해결) 1항 ‘방송사 또는 제작사’와‘스태프’는 본 계약에 명시되지 아니한 사항 또는 계약의 해석에 다툼이 있는 경우에는 우선적으로 서면상의 자료에 따르며 자료가 없는 경우에는 상관습에 따르거나 상호 협의하여 해결한다.
방송프로그램 제작스태프 표준근로계약서,"제21조(이의 및 분쟁의 해결) 2항 제1항의 규정에도 불구하고 법률상 분쟁이 발생한 경우에는‘방송사 또는 제작사’또는‘스태프’는 콘텐츠산업진흥법 제29조에 따른 콘텐츠분쟁조정위원회의 조정, 저작권법에 따른 한국저작권위원회의 조정, 법원에서의 소송 등에 따라 분쟁을 해결한다."
방송프로그램 제작스태프 표준근로계약서,제21조(이의 및 분쟁의 해결) 3항 ‘방송사 또는 제작사’와‘스태프’는 본 계약의 이행에 참여하는 구성원 중 어느 일방이 상대 구성원으로부터의 성희롱ㆍ성폭력 등으로 인한 피해를 입은 경우 계약을 해지하지 않고 한국콘텐츠진흥원 콘텐츠성평등센터에 신고하거나 국가인권위원회에 진정하여 분쟁을 해결할 수 있다.
방송프로그램 제작스태프 표준근로계약서,제22조(관할법원) 상호 원만히 합의가 이루어지지 아니할 경우 법령에 정한 절차에 따른 법원을 관할법원으로 한다.
방송프로그램 제작스태프 표준근로계약서,"제23조(변경신고) ‘방송사 또는 제작사’는 인수합병, 영업양도 등 경영권 양도 사유가 발생할 경우 서면(전자서면을 포함한다)으로 ‘스태프’에게 통보하여야 한다."
방송프로그램 제작스태프 표준근로계약서,제24조(효력의 발생) 본 계약의 효력은 계약 체결일로부터 발생한다.
방송프로그램 제작스태프 표준하도급계약서,제1조(기본원칙) 1항 ‘방송사 또는 제작사’와 ‘회사’는 본 계약을 신의성실의 원칙에 따라 이행하여야 한다.
방송프로그램 제작스태프 표준하도급계약서,제1조(기본원칙) 2항 ‘방송사 또는 제작사’와 ‘회사’는 ‘프로그램’ 제작과 관련된 하도급 대금 산정 시 본 표준계약서에서 정하는 바에 따른다.
방송프로그램 제작스태프 표준하도급계약서,제2조(계약의 내용) 본 계약의 주요내용은 다음과 같다.
방송프로그램 제작스태프 표준하도급계약서,제3조(계약이행보증) 1항 ‘방송사 또는 제작사’는 본 계약의 이행을 보증하기 위하여 계약 총액(선급금에 대한 보증 대상 금액은 제외한다)의 (5%) 금액에 대한 계약이행 보증보험증권을 계약 체결 시 ‘회사’에게 요구할 수 있다. 보증 기간은 방송 시작일부터 방송 종료일까지로 한다.
방송프로그램 제작스태프 표준하도급계약서,"제3조(계약이행보증) 2항 ‘방송사 또는 제작사’가 제1항에 따라 ‘회사’에게 계약이행보증을 요구한 경우, ‘방송사 또는 제작사’는 계약 이행을 조건으로 ‘회사’에게 계약총액금액에 대한 대금 지급을 보증하여야 한다."
방송프로그램 제작스태프 표준하도급계약서,"제4조(‘스태프’ 임금 지급 보증) 1항 ‘방송사 또는 제작사’는 본 계약으로 인한 ‘스태프’ 임금 등의 원활한 집행을 담보하기 위하여 ‘회사’에게 지급보증보험에 가입하여 계약직후 15일 이내에 ‘방송사 또는 제작사’에게 제출하도록 요구할 수 있다. 이때 지급보증보험상의 지급보증대상 채권은 ‘방송사 또는 제작사’의 프로그램에 참여한 ‘스태프’의 임금 채권을 대상으로 하고 피보험자를 ‘방송사 또는 제작사’로 하여야 하며, 보증기간은 본 방송 개시일부터 본 방송 종료일 3개월 이후까지로 한다. 다만, 지급보험증권 가입 기준액은 관련 노동조합 등과의 단체협약 등이 체결되어 있을 경우 단체협약의 체결 내용에 따르며, 그러하지 않을 경우는 ‘방송사 또는 제작사’와 ‘회사’가 협의하여 정할 수 있다."
방송프로그램 제작스태프 표준하도급계약서,"제4조(‘스태프’ 임금 지급 보증) 2항 ‘정지조건부 하도급 대금 채무’는 ‘방송사 또는 제작사’가 ‘회사’에게 지급하기로 한 총 하도급 대금 중 제1항 기준에 따른 금액으로 하며, ‘회사’가 지급보증보험증권을 제출하는 경우 또는 지급보증보험증권 미제출시 ‘회사’가 ‘스태프’의 임금을 지급하는 경우를 정지조건으로 하여 발생한다. 다만, ‘회사’가 제1항 금액에 미달하는 지급보증보험을 제출하는 경우 해당 보험금 한도에서만 정지조건이 성취된 것으로 본다."
방송프로그램 제작스태프 표준하도급계약서,"제4조(‘스태프’ 임금 지급 보증) 3항 ‘회사’의 하도급 대금 청구 당시 정지조건이 성취되지 않은 경우, 하도급 대금을 청구에 따라 일의 완성을 조건으로 지급하되 총 하도급 대금 중 정지조건부 하도급 대금을 제외한 금액을 한도로 한다."
방송프로그램 제작스태프 표준하도급계약서,제4조(‘스태프’ 임금 지급 보증) 4항 ‘방송사 또는 제작사’는 ‘스태프’의 임금 미지급 문제가 발생할 경우 제1항의 지급보증보험 또는 제2항의 정지조건부 하도급 대금의 범위 안에서 ‘스태프’가 청구하는 임금을 직접 지급할 수 있다.
방송프로그램 제작스태프 표준하도급계약서,"제5조(계약의 변경) 합리적이고 객관적인 사유가 발생하여 부득이하게 제2조에서 정한 계약내용의 변경이 필요한 경우에는 ‘방송사 또는 제작사’와 ‘회사’는 상호 합의하여 본 계약을 기명ㆍ날인한 서면(전자서면을 포함한다)에 의해 변경할 수 있다. 이 경우 ‘회사’는 정당한 사유가 있는 경우 계약기간 등의 단축 또는 연장을 거부할 수 있으며, ‘방송사 또는 제작사’는 이를 이유로 정당한 사유 없이 ‘회사’에게 불이익을 주어서는 아니 된다."
방송프로그램 제작스태프 표준하도급계약서,"제6조(하도급 대금) 1항 하도급 대금은 수급내용의 성질, 저작권 소유, 인건비, 관리비, 적정 수익 등을 고려하여 합리적으로 ‘방송사 또는 제작사’와 ‘회사’가 협의하여 정한다."
방송프로그램 제작스태프 표준하도급계약서,제6조(하도급 대금) 2항 ‘방송사 또는 제작사’는 프로그램의 시청률에 따라 상호 협의 하에 연동 인센티브를 지급할 수 있다.
방송프로그램 제작스태프 표준하도급계약서,"제6조(하도급 대금) 3항 계약기간 중 동조 제1항에서 정한 하도급 대금에 변경사유가 발생한 때에는 ‘방송사 또는 제작사’, ‘회사’는 상대방에게 하도급 대금 조정신청을 할 수 있으며, 이 경우 신청일로부터 10일 이내에 하도급 대금 조정을 위한 협의를 개시해야 하며, 30일 이내에 상호 협의하여 다시 정할 수 있다."
방송프로그램 제작스태프 표준하도급계약서,"제6조(하도급 대금) 4항 방송사의 경우, 편성이 확정된 프로그램에 대해 ‘회사’의 요청에 의하여 선급금을 지급할 수 있으며, ‘제작사’의 경우, 프로그램 제작을 의뢰한 사업자로부터 선급금을 지급받았을 경우 ‘회사’의 요청에 의하여 선급금을 지급할 수 있다. 그 금액과 지급 시기는 상호 협의하여 정할 수 있다. 다만, 선급금은 계약 이행의 용도로만 사용되어야 한다. ‘방송사 또는 제작사’는 ‘회사’에게 선급금을 제작용도로 사용하였음을 증빙하는 서류 제출 또는 선급금에 대한 보증증권 제출을 요구할 수 있다."
방송프로그램 제작스태프 표준하도급계약서,제6조(하도급 대금) 5항 프로그램의 전부 또는 일부에 대해 ‘회사’가 정해진 기간 내에 본 계약의 수급내용을 완성하여 ‘방송사 또는 제작사’에게 인도하였으나 ‘방송사 또는 제작사’의 사정으로 인해 프로그램 제작이 완성되지 못한 경우에도 ‘방송사 또는 제작사’는 ‘회사’에게 하도급 대금을 지급하여야 한다.
방송프로그램 제작스태프 표준하도급계약서,제7조(부당한 하도급 대금 결정의 금지) 1항 ‘방송사 또는 제작사’는 하도급 대금을 정함에 있어 부당한 방법을 이용하여 동종 또는 유사한 것에 대하여 통상 지급되는 대가보다 현저하게 낮은 수준으로 결정하거나 하도급 받도록 강요하여서는 아니 된다.
방송프로그램 제작스태프 표준하도급계약서,"제7조(부당한 하도급 대금 결정의 금지) 2항 다음 각 호의 어느 하나에 해당하는 ‘방송사 또는 제작사’의 행위는 부당한 하도급 대금의 결정으로 본다. 1호 ‘방송사 또는 제작사’가 ‘회사’와의 합의 없이 일방적으로 낮은 단가에 의하여 하도급 대금을 결정하는 행위. 2호 업무지원비 등 어떠한 명목으로든 일방적으로 일정금액을 할당한 후 그 금액을 빼고 하도급 대금을 결정하는 행위. 3호 정당한 사유 없이 특정 회사를 차별 취급하여 하도급 대금을 결정하는 행위. 4호 ‘회사’에게 거래조건에 대하여 착오를 일으키게 하거나 다른 사업자의 견적 또는 거짓 견적을 내보이는 등의 방법으로 ‘회사’를 속이고 이를 이용하여 하도급 대금을 결정하는 행위. 5호 정당한 사유 없이 ‘방송사 또는 제작사’의 도급내역서상의 재료비, 직접노무비 및 경비의 합계(다만, 경비 중 ‘방송사 또는 제작사’와 ‘회사’가 합의하여 ‘방송사 또는 제작사’가 부담하기로 한 비목 및 ‘방송사 또는 제작사’가 부담하여야 하는 법정 경비는 제외한다)보다 낮은 금액으로 하도급 대금을 결정하는 행위. 6호 경쟁 입찰에 의하여 하도급 계약을 체결할 때 정당한 사유 없이 최저가로 입찰한 금액보다 낮은 금액으로 하도급 대금을 결정하는 행위. 7호 본 계약이 계속적 거래 계약일 경우 ‘방송사 또는 제작사’의 경영적자, 판매가격 인하 등 ‘회사’의 책임으로 돌릴 수 없는 사유로 합의 없이 ‘사업자’에게 불리하게 하도급 대금을 경정하는 행위."
방송프로그램 제작스태프 표준하도급계약서,제8조(전속거래 제한) ‘방송사 또는 제작사’는 ‘회사’로 하여금 자신 또는 자신의 계열회사 혹은 자회사의 경쟁사업자와 거래하지 못하도록 하여서는 아니 된다.
방송프로그램 제작스태프 표준하도급계약서,"제9조(‘회사’의 업무 수행에 대한 ‘방송사 또는 제작사’의 지원 및 지시) 1항 ‘방송사 또는 제작사’는 ‘회사’의 업무 수행에 필요한 경우 ‘회사’로 하여금 ‘방송사 또는 제작사’가 권리를 가지고 있는 방송자료를 비롯한 시설, 장비, 인력 등(이하 ‘방송시설 등’이라 한다)을 사용하게 할 수 있다."
방송프로그램 제작스태프 표준하도급계약서,제9조(‘회사’의 업무 수행에 대한 ‘방송사 또는 제작사’의 지원 및 지시) 2항 ‘회사’는 ‘방송사 또는 제작사’의 방송시설 등을 본 계약 이외의 목적으로 사용하여서는 아니 된다.
방송프로그램 제작스태프 표준하도급계약서,제9조(‘회사’의 업무 수행에 대한 ‘방송사 또는 제작사’의 지원 및 지시) 3항 ‘회사’가 독자적으로 수행하기로 한 경우를 제외하고 ‘회사’는 ‘방송사 또는 제작사’의 정당한 지시에 따라 제2조에서 정한 수급내용 수행 상황을 확인하고 필요한 지시를 받을 수 있다.
방송프로그램 제작스태프 표준하도급계약서,"제9조(‘회사’의 업무 수행에 대한 ‘방송사 또는 제작사’의 지원 및 지시) 4항 야외에서 대규모 인원이 고정적으로 작업하는 경우, ‘방송사 또는 제작사’는 ‘스태프’가 제작 현장에서 충분히 휴식을 취할 수 있도록 편의(화장실, 식사 및 휴게 공간 등)를 제공하여야 한다. 다만, 편의의 제공이 곤란한 경우 ‘방송사 또는 제작사’와 ‘회사’는 상호 협의하여 정할 수 있다."
방송프로그램 제작스태프 표준하도급계약서,"제9조(‘회사’의 업무 수행에 대한 ‘방송사 또는 제작사’의 지원 및 지시) 5항 ‘방송사 또는 제작사’는 본 계약서에 정하지 않은 부분에 대하여 ‘회사’가 자신의 권리를 보호하기 위하여 ‘회사’가 속한 협단체 등을 통하여 협의를 요청하는 경우, 이에 성실하게 응해야 한다."
방송프로그램 제작스태프 표준하도급계약서,"제10조(재하도급) 1항 ‘회사’는 본 계약을 이행함에 있어 그 전부 또는 일부를 제3자에게 위탁할 수 없다. 다만, ‘방송사 또는 제작사’가 동의한 경우, ‘회사’는 제2조에 따른 수급내용의 전부 또는 일부를 제3자에게 위탁할 수 있다."
방송프로그램 제작스태프 표준하도급계약서,제10조(재하도급) 2항 ‘회사’는 동조 제1항의 규정에 의하여 위탁하는 경우에도 본 계약상 이행의무를 면할 수 없다.
방송프로그램 제작스태프 표준하도급계약서,제11조(안전배려 및 성희롱ㆍ성폭력 등 방지 의무) 1항 ‘방송사 또는 제작사’는 ‘회사’의 산업재해보험 가입여부를 확인하여야 한다.
방송프로그램 제작스태프 표준하도급계약서,제11조(안전배려 및 성희롱ㆍ성폭력 등 방지 의무) 2항 ‘방송사 또는 제작사’는 ‘방송사 또는 제작사’가 제2조 또는 제5조에서 정한 업무를 수행할 장소를 지정하거나 장소를 제공한 경우 작업현장에서의 사고에 대비한 보험 가입 등 ‘회사’에 속한 스태프가 안전하게 업무를 수행할 수 있도록 제반 조치를 취하여야 한다.
방송프로그램 제작스태프 표준하도급계약서,"제11조(안전배려 및 성희롱ㆍ성폭력 등 방지 의무) 3항 ‘회사’는 ‘방송사 또는 제작사’가 지정하거나 제공한 장소가 업무를 수행함에 있어서 요구되는 안전요건을 갖추지 못한 경우 장소의 변경 또는 안전시설의 설치 등을 요구할 수 있으며, ‘방송사 또는 제작사’는 이에 성실히 응하여야 한다."
방송프로그램 제작스태프 표준하도급계약서,제11조(안전배려 및 성희롱ㆍ성폭력 등 방지 의무) 4항 ‘방송사 또는 제작사’와 ‘회사’는 본 계약의 이행에 참여하는 구성원들의 인격을 손상시키는 성희롱ㆍ성폭력 등 강압적인 행위를 하거나 사회적 물의를 일으켜 본 프로그램에 부정적인 영향을 미칠 수 있는 행위를 하여서는 아니 된다.
방송프로그램 제작스태프 표준하도급계약서,"제12조(업무수행 및 검사) 1항 ‘방송사 또는 제작사’는 음향 및 특수효과, 세트 등과 같은 업무의 완성물이나 역무에 대한 합리적인 검사의 기준 및 방법에 대해 ‘회사’와 협의한다."
방송프로그램 제작스태프 표준하도급계약서,제12조(업무수행 및 검사) 2항 ‘회사’는 ‘방송사 또는 제작사’와 협의하여 정한 시기까지 업무와 관련된 완성물을 인도하거나 역무를 제공하여야 한다.
방송프로그램 제작스태프 표준하도급계약서,"제12조(업무수행 및 검사) 3항 ‘회사’의 업무수행에 문제가 있는 때에 ‘방송사 또는 제작사’는 ‘회사’에 대하여 기간을 정하여 문제 부분의 수정 및 개선을 요구할 수 있다. 다만, 문제가 ‘방송사 또는 제작사’가 제공한 요소 또는 ‘방송사 또는 제작사’의 지시에 기인한 때에는 그러하지 아니한다."
방송프로그램 제작스태프 표준하도급계약서,"제12조(업무수행 및 검사) 4항 전 항에 따른 문제의 개선, 손해배상의 청구는 ‘방송사 또는 제작사’가 업무의 완성물을 납품받아 검사를 완료한 날로부터 7일 이내에 하여야 한다. 다만, 역무 제공의 경우, ‘회사’는 계약기간 동안 ‘방송사 또는 제작사’의 수시 협조요청에 응해야 한다."
방송프로그램 제작스태프 표준하도급계약서,"제12조(업무수행 및 검사) 5항 업무의 완성물을 수령하는 경우, ‘방송사 또는 제작사’는 정당한 사유가 있는 경우를 제외하고는 수령한 날로부터 7일 이내에 검사결과를 ‘회사’에게 통지하여야 하며 이 기간 내에 통지하지 않은 경우에는 검사에 합격한 것으로 본다. 역무 제공의 경우는 별도의 검사결과 통지 절차 없이 ‘방송사 또는 제작사’ 또는 ‘방송사 또는 제작사’가 위임한 상급자의 판단에 따른다."
방송프로그램 제작스태프 표준하도급계약서,"제13조(제작도구 등의 구매강제 금지) ‘방송사 또는 제작사’는 ‘회사’에게 용역 위탁과 관련하여 품질의 유지ㆍ개선 등 정당한 사유가 있는 경우 외에는 ‘방송사 또는 제작사’가 지정하는 제작도구, 역무공급 등의 매입 및 사용(이용을 포함한다. 이하 같다) 등을 ‘회사’에게 강요하여서는 아니 된다."
방송프로그램 제작스태프 표준하도급계약서,제14조(부당한 계약취소의 금지) ‘방송사 또는 제작사’는 ‘회사’의 책임으로 돌릴 사유가 없음에도 불구하고 제2조에 따른 본 계약의 내용을 임의로 취소하거나 변경하는 행위를 하여서는 아니 된다.
방송프로그램 제작스태프 표준하도급계약서,제15조(부당반품 및 역무제공 부당거부의 금지) 1항 ‘방송사 또는 제작사’는 ‘회사’에게 책임을 돌릴 사유가 없음에도 불구하고 수급내용의 완성물을 부당하게 반품하거나 역무의 제공을 거부하여서는 아니 된다.
방송프로그램 제작스태프 표준하도급계약서,제15조(부당반품 및 역무제공 부당거부의 금지) 2항 다음 각 호의 어느 하나에 해당하는 행위는 부당반품 및 역무제공 부당거부 행위로 본다. 1호 ‘방송사 또는 제작사’의 경영상황 변동 등을 이유로 수급내용의 완성물을 반품하거나 역무의 제공을 거부하는 행위. 2호 검사 및 평가의 기준ㆍ방법을 협의하지 않음으로써 수급내용의 완성물 및 역무를 불합격시키는 행위. 3호 ‘방송사 또는 제작사’의 귀책사유로 인하여 수급내용 완성물의 납기 및 역무의 제공이 지연되었음에도 불구하고 이를 이유로 반품하거나 거부하는 행위.
방송프로그램 제작스태프 표준하도급계약서,제16조(공급원가의 변동에 따른 하도급 대금의 조정) 1항 ‘회사’는 업무를 위탁받은 후 최저임금 또는 업무 수행 등에 필요한 공급원가(최저임금을 포함한다)가 현저하게 변동되어 대금의 조정이 불가피한 경우에는 ‘방송사 또는 제작사’에게 대금의 조정을 신청할 수 있다.
방송프로그램 제작스태프 표준하도급계약서,"제16조(공급원가의 변동에 따른 하도급 대금의 조정) 2항 ‘방송사 또는 제작사’는 제1항의 신청이 있은 날부터 14일 이내에 상호 협의하여 계약금액을 조정할 수 있으며, 정당한 사유 없이 협의를 거부하거나 게을리해서는 아니 된다."
방송프로그램 제작스태프 표준하도급계약서,제16조(공급원가의 변동에 따른 하도급 대금의 조정) 3항 제1항에 따른 신청이 있은 날부터 10일이 지난 후에도 ‘방송사 또는 제작사’가 정당한 사유 없이 하도급 대금의 조정을 위한 협의를 개시하지 아니하는 경우에는 최저임금ㆍ공급원가의 증가분에 따라 계약금액이 증가된 것으로 본다.
방송프로그램 제작스태프 표준하도급계약서,제16조(공급원가의 변동에 따른 하도급 대금의 조정) 4항 계약금액의 조정은 최저임금ㆍ공급원가 변동 기준일 이후에 반입한 재료와 제공된 역무의 대가에 적용한다.
방송프로그램 제작스태프 표준하도급계약서,제17조(부당감액의 금지) 1항 ‘방송사 또는 제작사’는 ‘회사’에게 책임을 돌릴 만한 사유가 없음에도 불구하고 하도급 대금을 부당하게 감액하여서는 아니 된다.
방송프로그램 제작스태프 표준하도급계약서,"제17조(부당감액의 금지) 2항 다음 각 호의 어느 하나에 해당하는 ‘방송사 또는 제작사’의 행위는 부당감액으로 본다. 1호 본 계약을 체결할 때 하도급 대금을 감액할 조건 등을 명시하지 아니하고 협조요청 또는 거래 상대방으로부터의 발주 취소, 경영상황의 변동 등 불합리한 이유를 들어 하도급 대금을 감액하는 행위. 2호 ‘회사’와 하도급 대금 인하에 관한 합의가 성립된 경우 그 합의 성립 전에 위탁한 부분에 대하여도 일방적으로 합의 내용을 소급하여 적용하는 방법으로 하도급 대금을 감액하는 행위. 3호 하도급 대금을 현금으로 지급하거나 지급기일 전에 지급하는 것을 이유로 지나치게 하도급 대금을 감액하는 행위. 4호 ‘방송사 또는 제작사’에 대한 손해발생에 실질적 영향을 미치지 아니하는 ‘회사’의 경미한 과오를 이유로 일방적으로 하도급 대금을 감액하는 행위. 5호 하도급 대금 지급 시점의 물가나 원자재 가격 등이 납품 등의 시점에 비하여 떨어진 것을 이유로 하도급 대금을 감액하는 행위. 6호 ‘방송사 또는 제작사’가 부담하여야 하는 비용을 ‘회사’에게 부담시키는 행위."
방송프로그램 제작스태프 표준하도급계약서,제18조(기술자료 제공 강요 금지 등) 1항 ‘방송사 또는 제작사’는 정당한 사유가 있는 경우 외에는 ‘회사’의 기술자료를 자기 또는 제3자에게 제공하도록 강요하여서는 아니 되며 취득한 기술자료를 자기 또는 제3자를 위하여 유용하여서는 아니 된다.
방송프로그램 제작스태프 표준하도급계약서,"제18조(기술자료 제공 강요 금지 등) 2항 ‘방송사 또는 제작사’의 행위 중 다음의 각호의 행위는 정당한 이유 없는 기술자료 제공 요구 행위로 본다. 1호 ‘회사’의 기술자료를 넘겨받아 무단으로 자신이 사용하거나 다른 업체에 제공하는 행위. 2호 ‘회사’의 수급내용에 포함된 기술자료, 아이디어를 무단으로 사용하는 행위."
방송프로그램 제작스태프 표준하도급계약서,"제18조(기술자료 제공 강요 금지 등) 3항 ‘방송사 또는 제작사’가 기술자료 등을 요구할 경우 제공여부, 목적, 비밀유지에 관한 사항, 대가 및 대가의 지급방법, 제공일 및 제공방법 등을 ‘회사’와 협의하여 정한 후 이를 기재한 서면을 교부한다."
방송프로그램 제작스태프 표준하도급계약서,제18조(기술자료 제공 강요 금지 등) 4항 ‘회사’가 제3항에 따라 기술자료 등을 제공한 경우 ‘방송사 또는 제작사’는 그 범위 내에서만 사용하여야 한다.
방송프로그램 제작스태프 표준하도급계약서,제18조(기술자료 제공 강요 금지 등) 5항 제4항을 위반한 경우 ‘방송사 또는 제작사’는 ‘회사’에게 발생한 실손해금액을 배상하여야 한다.
방송프로그램 제작스태프 표준하도급계약서,"제19조(부당한 경영간섭의 금지) ‘방송사 또는 제작사’는 ‘회사’의 사업활동의 자유나 경영의 자율성, 즉 ‘회사’의 경영활동에 대한 자주적 결정권을 침해하는 부당한 경영간섭행위를 하여서는 아니 된다."
방송프로그램 제작스태프 표준하도급계약서,제20조(저작재산권의 양도 및 사용허락) 1항 ‘회사’가 수급내용의 완성물 제작과정에서 창작한 저작물 등의 저작재산권에 대하여 특약이 없는 한 그 영상제작물의 이용을 위해 필요한 권리는 ‘방송사 또는 제작사’가 양도받은 것으로 추정한다.
방송프로그램 제작스태프 표준하도급계약서,제20조(저작재산권의 양도 및 사용허락) 2항 제1항에서 양도받은 것으로 추정되는 권리 이외의 저작재산권에 대하여 ‘회사’와 ‘방송사 또는 제작사’는 양도 또는 사용허락에 관한 계약을 체결할 수 있다.
방송프로그램 제작스태프 표준하도급계약서,제20조(저작재산권의 양도 및 사용허락) 3항 저작재산권을 양도하거나 사용 허락하는 경우 그 기간 및 대금은 당사자가 합의하여 정한다.
방송프로그램 제작스태프 표준하도급계약서,"제21조(크레딧) 1항 ‘방송사 또는 제작사’는 ‘프로그램’에 ‘회사’의 역할을 명시한 크레딧을 명기하여야 한다. 다만, ‘회사’가 근로의 제공을 완료하지 못한 경우에는 그러하지 아니하다."
방송프로그램 제작스태프 표준하도급계약서,"제21조(크레딧) 2항 크레딧의 위치, 크기, 표시방법 등은 상호 간의 협의와 방송업계의 관례에 따른다."
방송프로그램 제작스태프 표준하도급계약서,"제22조(계약의 해제 혹은 해지) 1항 ‘방송사 또는 제작사’ 또는 ‘회사’는 다음 각 호의 어느 하나에 해당하는 사유가 발생한 경우에는 본 계약에 대하여 그 전부 또는 일부를 해제ㆍ해지할 수 있다. 이 경우 상대방에게 지체 없이 서면(전자서면을 포함한다)으로 통지하여야 하며, 7일 이내에 서면으로 이의제기가 없을 경우 계약이 해제ㆍ해지된 것으로 본다. 1호 ‘방송사 또는 제작사’ 또는 ‘회사’가 감독관청으로부터 영업취소ㆍ영업정지 등의 처분을 받은 경우. 2호 ‘방송사 또는 제작사’ 또는 ‘회사’가 어음ㆍ수표의 부도, 제3자에 의한 강제집행(가압류 및 가처분 포함), 파산 및 회생절차개시의 신청, 인수합병, 영업양도 등 영업상의 중대한 사유가 발생하여 계약내용을 이행할 수 없다고 인정될 경우. 3호 제12조제1항에 따른 합의 내용에 부합하지 아니하여 ‘방송사 또는 제작사’가 수정을 요청하였으나 ‘회사’가 그 요구에 정당한 사유 없이 불응하는 경우. 4호 ‘방송사 또는 제작사’ 또는 ‘회사’가 재해 기타 사유로 인하여 본 계약 또는 개별계약의 내용을 이행하기 곤란하다고 쌍방이 인정한 경우. 5호 ‘방송사 또는 제작사’ 또는 ‘회사’가 본 계약을 이행하지 않거나 본 계약의 중요한 내용을 위반한 경우. 6호 ‘방송사 또는 제작사’가 정당한 사유 없이 ‘회사’의 수급내용 수행에 필요한 사항의 이행을 지연하여 ‘회사’의 수급내용 수행에 지장을 초래한 경우. 7호 ‘회사’가 정당한 사유 없이 수급내용 완성물의 납품 및 역무 제공을 거부하는 경우. 8호 ‘회사’의 인원ㆍ장비 및 수급내용 완성물 제작능력이 부족하여 계약내용을 원만히 이행할 수 없다고 인정되는 상당한 이유가 있는 경우. 9호 ‘회사’가 임금 미지급 등 문제를 일으킨 경우."
방송프로그램 제작스태프 표준하도급계약서,제22조(계약의 해제 혹은 해지) 2항 제1항에 의하여 계약이 해제ㆍ해지된 때에는 각 당사자의 상대방에 대한 일체의 채무는 기한의 이익을 상실하며 지체 없이 이를 변제하여야 한다.
방송프로그램 제작스태프 표준하도급계약서,"제23조(손해배상) 1항 ‘방송사 또는 제작사’와 ‘회사’는 자신의 귀책사유로 인하여 본 계약의 전부 또는 일부가 해제ㆍ해지됨으로써 발생한 상대방의 손해를 배상하여야 한다. 다만, 천재지변, 전쟁, 폭동, 테러 기타 합리적인 지배범위 밖의 사유로 인하여 상대방 및 제3자에게 발생시킨 손해에 대해서는 상호 면책한다."
방송프로그램 제작스태프 표준하도급계약서,제23조(손해배상) 2항 ‘방송사 또는 제작사’의 귀책사유로 인해 계약이 해지된 경우에는 ‘회사’에게 실제 발생한 손해를 배상하여야 한다.
방송프로그램 제작스태프 표준하도급계약서,제23조(손해배상) 3항 ‘방송사 또는 제작사’가 본 계약에서 합의된 사항을 이행하지 않거나 ‘방송사 또는 제작사’의 행위가 제15조의 사유에 해당되어 ‘회사’에게 손해가 발생한 경우 실제 발생한 손해를 ‘회사’에게 배상하여야 한다.
방송프로그램 제작스태프 표준하도급계약서,제23조(손해배상) 4항 ‘회사’가 본 계약에서 합의된 사항을 이행하지 않거나 ‘회사’의 귀책사유로 인해 발생한 다음 각 호 어느 하나의 손해에 대해서는 ‘회사’가 ‘방송사 또는 제작사’에게 실제 발생한 손해를 배상하여야 한다. 1호 수급내용 완성물 및 역무를 제공하지 않아 결방으로 인한 손해. 2호 수급내용 완성물 및 역무의 인도ㆍ개시 지연으로 결방되거나 계약의 해지로 인한 손해. 3호 수급내용 완성물의 멸실ㆍ훼손. 4호 제12조제1항에 협의된 사항을 이행하지 않아 발생하는 손해. 5호 ‘회사’의 관련 법규 위반으로 인한 손해. 6호 ‘회사’가 재위탁한 제3자의 귀책사유에 의한 손해.
방송프로그램 제작스태프 표준하도급계약서,제23조(손해배상) 5항 ‘방송사 또는 제작사’는 다음 각 호의 어느 하나에 해당되어 수급내용 완성물 및 역무의 납품ㆍ수행이 지체되었다고 인정할 때에는 손해배상 청구를 하지 아니한다. 1호 불가항력의 사유에 의한 경우. 2호 ‘방송사 또는 제작사’의 책임으로 프로그램의 제작 착수가 지연되었거나 중단된 경우. 3호 기타 ‘회사’의 책임에 속하지 않는 사유로 인하여 지체된 경우.
방송프로그램 제작스태프 표준하도급계약서,"제23조(손해배상) 6항 ‘방송사 또는 제작사’와 ‘회사’는 본 계약으로 알게 된 상대방의 업무 및 기술상 비밀을 상대방의 승인 없이 계약의 목적과 달리 부당하게 이를 이용하거나 제3자에게 누설하여 상대방에게 손해를 입힌 경우, 실제 발생한 손해를 배상한다."
방송프로그램 제작스태프 표준하도급계약서,제23조(손해배상) 7항 ‘방송사 또는 제작사’와 ‘회사’는 상호 협의하여 손해배상액을 예정할 수 있다.
방송프로그램 제작스태프 표준하도급계약서,"제24조(지체상금) 1항 ‘회사’가 정하여진 기간 내에 수급내용 완성물 및 역무를 납품ㆍ제공하지 못한 경우, ‘방송사 또는 제작사’는 지체일수에 하도급 대금의 5/1000를 곱한 금액(이하 ‘지체상금’이라 한다)을 하도급 대금에서 공제한다."
방송프로그램 제작스태프 표준하도급계약서,제24조(지체상금) 2항 ‘방송사 또는 제작사’는 다음 각 호의 어느 하나에 해당되어 용역수행이 지체되었다고 인정할 때에는 그 해당일수를 동조 제1항의 지체일수에 산입하지 아니한다. 1호 불가항력의 사유에 의한 경우. 2호 ‘방송사 또는 제작사’의 책임으로 용역수행의 착수가 지연되거나 용역수행이 중단된 경우. 3호 기타 ‘회사’의 책임에 속하지 않는 사유로 인하여 지체된 경우.
방송프로그램 제작스태프 표준하도급계약서,제25조(권리ㆍ의무의 양도) ‘방송사 또는 제작사’와 ‘회사’는 서면으로 상대방의 승낙을 얻지 아니하는 한 본 계약으로부터 발생하는 권리ㆍ의무의 전부 또는 일부를 제3자에게 양도하거나 담보로 제공할 수 없다.
방송프로그램 제작스태프 표준하도급계약서,제26조(비밀의 유지) 1항 ‘방송사 또는 제작사’와 ‘회사’는 본 계약으로 알게 된 상대방의 업무 및 기술상 비밀을 상대방의 승인이 없는 한 계약의 목적과 달리 부당하게 이를 이용하거나 제3자에게 누설하여서는 아니 된다.
방송프로그램 제작스태프 표준하도급계약서,"제26조(비밀의 유지) 2항 ‘방송사 또는 제작사’와 ‘회사’는 계약기간 중, 계약기간의 만료 또는 계약의 해제ㆍ해지 후에도 동조 제1항에서 정한 의무가 있다."
방송프로그램 제작스태프 표준하도급계약서,제27조(이의 및 분쟁의 해결) 1항 ‘방송사 또는 제작사’와 ‘회사’는 본 계약 및 개별계약에 명시되지 아니한 사항 또는 계약의 해석에 다툼이 있는 경우에는 우선적으로 서면상의 자료에 따르며 자료가 없는 경우에는 상관습에 따르거나 상호 협의하여 해결한다.
방송프로그램 제작스태프 표준하도급계약서,"제27조(이의 및 분쟁의 해결) 2항 제1항의 규정에도 불구하고 법률상 분쟁이 발생한 경우에는 ‘방송사 또는 제작사’ 또는 ‘회사’는 콘텐츠산업진흥법 제29조에 따른 콘텐츠분쟁조정위원회의 조정, 하도급거래 공정화에 관한 법률 제24조에 따른 하도급분쟁조정협의회의 조정, 저작권법에 따른 한국저작권위원회의 조정, 법원에서의 소송 등에 따라 분쟁을 해결한다."
방송프로그램 제작스태프 표준하도급계약서,제27조(이의 및 분쟁의 해결) 3항 ‘방송사 또는 제작사’와 ‘회사’는 본 계약의 이행에 참여하는 구성원 중 어느 일방이 상대 구성원으로부터의 성희롱ㆍ성폭력 등으로 인한 피해를 입은 경우 계약을 해지하지 않고 한국콘텐츠진흥원 콘텐츠성평등센터에 신고하거나 국가인권위원회에 진정하여 분쟁을 해결할 수 있다.
방송프로그램 제작스태프 표준하도급계약서,제28조(관할법원) 상호 원만히 합의가 이루어지지 아니할 경우 법령에 정한 절차에 따른 법원을 관할법원으로 한다.
방송프로그램 제작스태프 표준하도급계약서,"제29조(변경신고) 1항 ‘방송사 또는 제작사’와 ‘회사’는 인수합병, 영업양도 등 경영권 양도 사유가 발생할 경우 서면(전자서면을 포함한다)으로 상호 통보하여야 한다."
방송프로그램 제작스태프 표준하도급계약서,"제29조(변경신고) 2항 ‘회사’는 제1항의 경영권 양도를 사유로 제2조에 따른 수급내용 수행을 위한 제작 스태프를 교체하는 경우, 서면(전자서면을 포함한다)으로 ‘방송사 또는 제작사’의 동의를 받아야 한다."
방송프로그램 제작스태프 표준하도급계약서,"제30조(효력의 발생) 본 계약의 효력은 계약 체결일로부터 발생하며, 본 계약에 따른 상호 모든 서비스의 제공이 완결될 때 종료된다. 다만, 상호 합의에 따라 계약을 종료할 수 있으며 이 조항에도 불구하고 제25조와 제26조의 효력은 유지된다."
방송프로그램 제작스태프 표준업무위탁계약서,"제1조(기본원칙) 1항 ‘방송사 또는 제작사’는 프로그램의 제작과 관련하여 ‘스태프’에게 제2조의 기재 업무를 위탁하고 그 대가를 지급하며, ‘스태프’는 본 업무위탁계약서의 본지에 따라 선량한 관리자의 주의로써 위탁 업무를 수행하여 양질의 프로그램 제작을 위해 상호 협력한다."
방송프로그램 제작스태프 표준업무위탁계약서,제1조(기본원칙) 2항 ‘방송사 또는 제작사’와 ‘스태프’는 본 계약을 신의성실의 원칙에 따라 이행하여야 한다.
방송프로그램 제작스태프 표준업무위탁계약서,"제1조(기본원칙) 3항 ‘스태프’는 자신의 책임 하에 본 계약의 내용을 수행해야 하며, ‘방송사 또는 제작사’는 ‘스태프’의 업무수행 과정에서 자율성을 부당하게 침해하여서는 아니 된다."
방송프로그램 제작스태프 표준업무위탁계약서,제2조(계약의 내용) 본 계약의 주요내용은 다음과 같다.
방송프로그램 제작스태프 표준업무위탁계약서,"제3조(‘방송사 또는 제작사’의 의무) 1항 ‘방송사 또는 제작사’는 위험한 장면 촬영 등 작업안전상 위해요소 발견이 예상되는 경우 ‘스태프’에 대한 안전 배려의 의무를 다하여야 하며, 기타 ‘스태프’의 생명, 신체, 건강에 대한 보호 의무를 다하여야 한다."
방송프로그램 제작스태프 표준업무위탁계약서,제3조(‘방송사 또는 제작사’의 의무) 2항 ‘방송사 또는 제작사’는 ‘프로그램’ 제작과 관련하여 ‘스태프’가 자신의 역량과 능력을 최대한 발휘할 수 있는 환경을 제공하여야 한다.
방송프로그램 제작스태프 표준업무위탁계약서,"제3조(‘방송사 또는 제작사’의 의무) 3항 ‘방송사 또는 제작사’가 계약기간 이내에 작업을 완료하지 못하여 계약기간을 초과하여 추가 작업을 하여야 하는 경우, ‘방송사 또는 제작사’는 ‘스태프’의 다른 일정에 방해가 되지 않도록 추가 제작일정을 신속히 협의하여야 하며, 이로 인해 발생하는 제비용 및 손해를 배상하여야 한다."
방송프로그램 제작스태프 표준업무위탁계약서,"제3조(‘방송사 또는 제작사’의 의무) 4항 동일한 장소에서 장기간에 걸쳐 고정적으로 작업하는 경우, ‘방송사 또는 제작사’는 ‘스태프’가 제작 현장에서 충분히 휴식을 취할 수 있도록 편의(화장실, 식사 및 휴게공간 등)를 제공하여야 한다. 다만, 편의의 제공이 곤란한 경우 ‘방송사 또는 제작사’와 ‘스태프’는 상호 협의하여 정할 수 있다."
방송프로그램 제작스태프 표준업무위탁계약서,"제3조(‘방송사 또는 제작사’의 의무) 5항 해외 로케이션이 있는 경우, ‘방송사 또는 제작사’는 체류 기간 및 제반 비용, 여행 보험, 안전 등에 대해서 ‘스태프’와 별도로 협의하여야 한다."
방송프로그램 제작스태프 표준업무위탁계약서,"제3조(‘방송사 또는 제작사’의 의무) 6항 ‘방송사 또는 제작사’는 본 계약서에 정하지 않은 부분에 대하여 ‘스태프’가 자신의 권리를 보호하기 위하여 ‘스태프’가 속한 협단체 등을 통하여 협의를 요청하는 경우, 이에 성실하게 응해야 한다."
방송프로그램 제작스태프 표준업무위탁계약서,제3조(‘방송사 또는 제작사’의 의무) 7항 ‘방송사 또는 제작사’는 ‘스태프’의 인격을 손상시키는 성희롱·성폭력 등 강압적인 행위를 하여서는 아니 된다.
방송프로그램 제작스태프 표준업무위탁계약서,제4조(‘스태프’의 의무) 1항 ‘스태프’는 제작에 필요한 재능과 역량을 최대한 발휘하여 본 ‘프로그램’ 제작에 필요한 모든 서비스를 성실히 제공하여야 한다.
방송프로그램 제작스태프 표준업무위탁계약서,제4조(‘스태프’의 의무) 2항 ‘스태프’는 ‘프로그램’ 제작 중 안전조치에 관한 ‘방송사 또는 제작사’의 제반 지시를 성실히 따라야 한다.
방송프로그램 제작스태프 표준업무위탁계약서,제4조(‘스태프’의 의무) 3항 ‘스태프’는 자신이 제공하는 역무가 타인의 저작권 및 기타 지적재산권을 비롯한 권리를 침해하지 않는 것을 보증한다.
방송프로그램 제작스태프 표준업무위탁계약서,"제4조(‘스태프’의 의무) 4항 ‘스태프’는 ‘방송사 또는 제작사’가 정하고 있는 촬영 및 녹화, 편집 등에 관한 규칙을 준수하고 문화체육관광부 및 과학기술정보통신부, 방송통신위원회 등 관련 규제기관이 정하고 있는 ‘프로그램’에 대한 가이드라인을 숙지한 후 작업에 임해야 한다."
방송프로그램 제작스태프 표준업무위탁계약서,"제4조(‘스태프’의 의무) 5항 본 계약에 따른 ‘프로그램’ 제작에 ‘스태프’로서 참여하는 자는 사회적 물의(폭행, 도박, 성희롱·성폭력 등 법령위반과 이에 준하는 물의)를 일으켜 본 프로그램에 부정적인 영향을 미칠 수 있는 행위를 하여서는 아니 된다."
방송프로그램 제작스태프 표준업무위탁계약서,"제5조(임금 지급 보증) 1항 ‘스태프’가 다른 제작스태프를 고용하는 경우 ‘방송사 또는 제작사’는 본 계약으로 인한 제작스태프 임금 등의 원활한 집행을 담보하기 위하여 ‘스태프’에게 지급보증보험에 가입하여 계약직후 15일 이내에 ‘방송사 또는 제작사’에게 제출하도록 요구할 수 있다. 이때 지급보증보험상의 지급보증대상 채권은 ‘방송사 또는 제작사’의 프로그램에 참여한 제작스태프의 임금 채권을 대상으로 하고 피보험자를 ‘방송사 또는 제작사’로 하여야 하며, 보증기간은 본 방송 개시일부터 본 방송 종료일 3개월 이후까지로 한다. 다만, 지급보험증권 가입 기준액은 관련 노동조합 등과의 단체협약 등이 체결되어 있을 경우 단체협약의 체결 내용에 따르며, 그러하지 않을 경우는 ‘방송사 또는 제작사’와 ‘스태프’가 협의하여 정할 수 있다."
방송프로그램 제작스태프 표준업무위탁계약서,"제5조(임금 지급 보증) 2항 ‘정지조건부 계약대금 채무’는 ‘방송사 또는 제작사’가 ‘스태프’에게 지급하기로 한 총 계약대금 중 제1항 기준에 따른 금액으로 하며, ‘스태프’가 지급보증보험증권을 제출하는 경우 또는 지급보증보험증권 미제출시 ‘스태프’가 고용된 제작스태프의 임금을 지급하는 경우를 정지조건으로 하여 발생한다. 다만, ‘스태프’가 제1항 금액에 미달하는 지급보증보험을 제출하는 경우 해당 보험금 한도에서만 정지조건이 성취된 것으로 본다."
방송프로그램 제작스태프 표준업무위탁계약서,"제5조(임금 지급 보증) 3항 ‘스태프’의 계약대금 청구 당시 정지조건이 성취되지 않은 경우, 계약대금을 청구에 따라 일의 완성을 조건으로 지급하되 총 계약대금 중 정지조건부 계약대금을 제외한 금액을 한도로 한다."
방송프로그램 제작스태프 표준업무위탁계약서,제5조(임금 지급 보증) 4항 ‘방송사 또는 제작사’는 고용된 제작스태프의 임금 미지급 문제가 발생할 경우 제1항의 지급보증보험 또는 제2항의 정지조건부 계약대금의 범위 안에서 제작스태프가 청구하는 임금을 직접 지급할 수 있다.
방송프로그램 제작스태프 표준업무위탁계약서,"제6조(계약의 변경) 합리적이고 객관적인 사유가 발생하여 부득이하게 제2조에서 정한 계약내용의 변경이 필요한 경우에는 ‘방송사 또는 제작사’와 ‘스태프’는 상호 합의하여 본 계약을 기명·날인한 서면(전자서면을 포함한다)에 의해 변경할 수 있다. 이 경우 ‘스태프’는 정당한 사유가 있는 경우 계약기간 등의 단축 또는 연장을 거부할 수 있으며, ‘방송사 또는 제작사’는 이를 이유로 정당한 사유 없이 ‘스태프’에게 불이익을 주어서는 아니 된다."
방송프로그램 제작스태프 표준업무위탁계약서,"제7조(업무조건 등의 보장) ‘방송사 또는 제작사’와 ‘스태프’는 계약의 내용 및 위탁기간을 정함에 있어 위탁업무량에 비해 현저하게 짧은 기간을 정하거나, 일일업무량을 과도하게 정하여서는 아니 된다."
방송프로그램 제작스태프 표준업무위탁계약서,"제8조(계약대금) 1항 계약대금은 위탁내용의 성질, 저작권 소유, 인건비, 관리비, 적정 수익 등을 고려하여 합리적으로 ‘방송사 또는 제작사’와 ‘스태프’가 협의하여 정하되, 위탁업무량에 따라 일일업무량 등 업무강도를 반영하여 계약대금을 결정해야 한다. 이 때 ‘방송사 또는 제작사’는 부당한 방법을 이용하여 ‘스태프’로 하여금 동종 또는 유사한 업무에 대하여 통상 지급되는 금액보다 현저하게 낮은 수준으로 결정하도록 강요하거나, 재료비, 인건비 및 경비의 합계보다 낮은 금액으로 결정하여서는 아니 된다."
방송프로그램 제작스태프 표준업무위탁계약서,제8조(계약대금) 2항 ‘방송사 또는 제작사’는 프로그램의 시청률에 따라 상호 협의 하에 연동 인센티브를 지급할 수 있다.
방송프로그램 제작스태프 표준업무위탁계약서,"제8조(계약대금) 3항 계약기간 중 동조 제1항에서 정한 계약대금에 변경사유가 발생한 때에는 ‘방송사 또는 제작사’, ‘스태프’는 상대방에게 계약대금 조정신청을 할 수 있으며, 이 경우 신청일로부터 10일 이내에 계약대금 조정을 위한 협의를 개시해야 하며, 30일 이내에 상호 협의하여 다시 정할 수 있다."
방송프로그램 제작스태프 표준업무위탁계약서,"제8조(계약대금) 4항 방송사의 경우, 편성이 확정된 프로그램에 대해 ‘스태프’의 청구가 있으면 선급금을 지급하여야 하며, ‘제작사’의 경우, 프로그램 제작을 의뢰한 사업자(방송사 및 방송채널 사용사업자 등)로부터 선급금을 지급받았을 경우 ‘스태프’의 요청에 의하여 선급금을 지급하여야 한다. 그 금액과 지급 시기는 상호 협의하여 정할 수 있다. 다만, 선급금은 계약 이행의 용도로만 사용되어야 한다. ‘방송사 또는 제작사’는 ‘스태프’에게 선급금을 제작용도로 사용하였음을 증빙하는 서류 제출 또는 선급금에 대한 보증증권 제출을 요구할 수 있다. 1. 선급금 2. 지급시기"
방송프로그램 제작스태프 표준업무위탁계약서,제8조(계약대금) 5항 프로그램의 전부 또는 일부에 대해 ‘스태프’가 정해진 기간 내에 본 계약의 업무를 완료하였으나 ‘방송사 또는 제작사’의 사정으로 인해 프로그램 제작이 완성되지 못한 경우에도 ‘방송사 또는 제작사’는 ‘스태프’에게 계약대금을 지급하여야 한다.
방송프로그램 제작스태프 표준업무위탁계약서,제9조(전속거래 제한) ‘방송사 또는 제작사’는 ‘스태프’로 하여금 자신 또는 자신의 계열회사 혹은 자회사의 경쟁사업자와 거래하지 못하도록 하여서는 아니 된다.
방송프로그램 제작스태프 표준업무위탁계약서,"제10조(‘스태프’의 업무 수행에 대한 ‘방송사 또는 제작사’의 지원) 1항 ‘방송사 또는 제작사’는 ‘스태프’의 업무 수행에 필요한 경우 ‘스태프’로 하여금 ‘방송사 또는 제작사’가 권리를 가지고 있는 방송자료를 비롯한 시설, 장비, 인력 등(이하 ‘방송시설 등’이라 한다)을 사용하게 할 수 있다."
방송프로그램 제작스태프 표준업무위탁계약서,제10조(‘스태프’의 업무 수행에 대한 ‘방송사 또는 제작사’의 지원) 2항 ‘스태프’는 ‘방송사 또는 제작사’의 방송시설 등을 본 계약 이외의 목적으로 사용하여서는 아니 된다.
방송프로그램 제작스태프 표준업무위탁계약서,제11조(안전배려의 의무) 1항 ‘스태프’가 다른 제작스태프를 고용하는 경우 ‘방송사 또는 제작사’는 ‘스태프’의 고용인에 대한 재해관련보험 가입여부를 확인하여야 한다.
방송프로그램 제작스태프 표준업무위탁계약서,제11조(안전배려의 의무) 2항 ‘방송사 또는 제작사’는 ‘방송사 또는 제작사’가 제2조 또는 제6조에서 정한 업무를 수행할 장소를 지정하거나 장소를 제공한 경우 작업현장에서의 사고에 대비한 보험 가입 등 ‘스태프’가 안전하게 업무를 수행할 수 있도록 제반 조치를 취하여야 한다.
방송프로그램 제작스태프 표준업무위탁계약서,"제11조(안전배려의 의무) 3항 ‘스태프’는 ‘방송사 또는 제작사’가 지정하거나 제공한 장소가 업무를 수행함에 있어서 요구되는 안전요건을 갖추지 못한 경우 장소의 변경 또는 안전시설의 설치 등을 요구할 수 있으며, ‘방송사 또는 제작사’는 이에 성실히 응하여야 한다."
방송프로그램 제작스태프 표준업무위탁계약서,"제12조(업무수행 및 검사) 1항 ‘방송사 또는 제작사’는 음향 및 특수효과, 세트 등과 같은 업무의 완성물이나 역무에 대한 합리적인 검사의 기준 및 방법에 대해 ‘스태프’와 협의한다."
방송프로그램 제작스태프 표준업무위탁계약서,제12조(업무수행 및 검사) 2항 ‘스태프’는 ‘방송사 또는 제작사’와 협의하여 정한 시기까지 업무과 관련된 완성물을 인도하거나 역무를 제공하여야 한다.
방송프로그램 제작스태프 표준업무위탁계약서,"제12조(업무수행 및 검사) 3항 ‘방송사 또는 제작사’는 ‘스태프’가 수행하는 업무가 프로그램 제작방향 및 기준에 부합하는지 여부에 관하여 ‘스태프’에게 설명 또는 협조를 요구할 수 있으며, ‘스태프’의 업무 수행 정도 및 내용을 검사하고 업무의 내용이 프로그램의 제작 기준이나 의도에 부합하지 않을 경우 수정을 요청할 수 있다."
방송프로그램 제작스태프 표준업무위탁계약서,"제12조(업무수행 및 검사) 4항 완성물의 수정요구 및 손해배상의 청구는 ‘방송사 또는 제작사’가 업무의 완성물을 납품받아 검사를 완료한 날로부터 7일 이내에 하여야 한다. 다만, 역무 제공의 경우, ‘스태프’는 계약기간 동안 ‘방송사 또는 제작사’의 수시 협조요청에 응해야 한다."
방송프로그램 제작스태프 표준업무위탁계약서,"제12조(업무수행 및 검사) 5항 업무의 완성물을 수령하는 경우, ‘방송사 또는 제작사’는 정당한 사유가 있는 경우를 제외하고는 수령한 날로부터 7일 이내에 검사결과를 ‘스태프’에게 통지하여야 하며 이 기간 내에 통지하지 않은 경우에는 검사에 합격한 것으로 본다. 역무 제공의 경우는 별도의 검사결과 통지 절차 없이 ‘방송사 또는 제작사’ 또는 ‘방송사 또는 제작사’가 정한 자의 판단에 따른다."
방송프로그램 제작스태프 표준업무위탁계약서,"제13조(제작도구 등의 구매강제 금지) ‘방송사 또는 제작사’는 ‘스태프’에게 용역위탁과 관련하여 품질의 유지·개선 등 정당한 사유가 있는 경우 외에는 ‘방송사 또는 제작사’가 지정하는 제작도구, 역무의 공급 등의 매입 및 사용(이용을 포함한다. 이하 같다) 등을 스태프에게 강요하여서는 아니 된다."
방송프로그램 제작스태프 표준업무위탁계약서,제14조(부당한 계약취소의 금지) ‘방송사 또는 제작사’는 ‘스태프’의 책임으로 돌릴 사유가 없음에도 불구하고 제2조에 따른 본 계약의 내용을 임의로 취소하거나 변경하는 행위를 하여서는 아니 된다.
방송프로그램 제작스태프 표준업무위탁계약서,제15조(부당반품 및 역무제공 부당거부의 금지) 1항 ‘방송사 또는 제작사’는 ‘스태프’에게 책임을 돌릴 사유가 없음에도 불구하고 완성물을 부당하게 반품하거나 역무의 제공을 거부하여서는 아니 된다.
방송프로그램 제작스태프 표준업무위탁계약서,제15조(부당반품 및 역무제공 부당거부의 금지) 2항 다음 각 호의 어느 하나에 해당하는 행위는 부당반품 및 역무제공 부당거부 행위로 본다. 1. ‘방송사 또는 제작사’의 경영상황 변동 등을 이유로 완성물을 반품하거나 역무의 제공을 거부하는 행위. 2. 검사 및 평가의 기준·방법을 협의하지 않음으로써 수급내용의 완성물 및 역무를 불합격시키는 행위. 3. ‘방송사 또는 제작사’의 귀책사유로 인하여 완성물의 납기 및 역무의 제공이 지연되었음에도 불구하고 이를 이유로 반품하거나 역무의 제공을 거부하는 행위.
방송프로그램 제작스태프 표준업무위탁계약서,제16조(부당감액의 금지) 1항 ‘방송사 또는 제작사’는 ‘스태프’에게 책임을 돌릴 만한 사유가 없음에도 불구하고 계약대금을 부당하게 감액하여서는 아니 된다.
방송프로그램 제작스태프 표준업무위탁계약서,"제16조(부당감액의 금지) 2항 다음 각 호의 어느 하나에 해당하는 ‘방송사 또는 제작사’의 행위는 부당감액으로 본다. 1. 본 계약을 체결할 때 계약대금을 감액할 조건 등을 명시하지 아니하고 협조요청 또는 거래 상대방으로부터의 계약 취소, 경영상황의 변동 등 불합리한 이유를 들어 계약대금을 감액하는 행위. 2. ‘스태프’와 계약대금 인하에 관한 합의가 성립된 경우 그 합의 성립 전에 위탁한 부분에 대하여도 일방적으로 합의 내용을 소급하여 적용하는 방법으로 계약대금을 감액하는 행위. 3. 계약대금을 현금으로 지급하거나 지급기일 전에 지급하는 것을 이유로 지나치게 계약대금을 감액하는 행위. 4. ‘방송사 또는 제작사’에 대한 손해발생에 실질적 영향을 미치지 아니하는 ‘스태프’의 경미한 과오를 이유로 일방적으로 계약대금을 감액하는 행위. 5. 계약대금 지급 시점의 물가나 원자재 가격 등이 납품 등의 시점에 비하여 떨어진 것을 이유로 계약대금을 감액하는 행위. 6. ‘방송사 또는 제작사’가 부담하여야 하는 비용을 ‘스태프’에게 부담시키는 행위."
방송프로그램 제작스태프 표준업무위탁계약서,제17조(기술자료 제공 강요 금지 등) 1항 ‘방송사 또는 제작사’는 정당한 사유가 있는 경우 외에는 ‘스태프’의 기술자료를 자기 또는 제3자에게 제공하도록 강요하여서는 아니 되며 취득한 기술자료를 자기 또는 제3자를 위하여 유용하여서는 아니 된다.
방송프로그램 제작스태프 표준업무위탁계약서,"제17조(기술자료 제공 강요 금지 등) 2항 ‘방송사 또는 제작사’의 행위 중 다음의 각호의 행위는 정당한 이유 없는 기술자료 제공 요구 행위로 본다. 1. ‘스태프’의 기술자료를 넘겨받아 무단으로 자신이 사용하거나 다른 업체에 제공하는 행위. 2. ‘스태프’의 업무내용에 포함된 기술자료, 아이디어를 무단으로 사용하는 행위."
방송프로그램 제작스태프 표준업무위탁계약서,"제17조(기술자료 제공 강요 금지 등) 3항 ‘방송사 또는 제작사’가 기술자료 등을 요구할 경우 제공여부, 목적, 비밀유지에 관한 사항, 대가 및 대가의 지급방법, 제공일 및 제공방법 등을 ‘스태프’와 협의하고 ‘스태프’에게 이를 기재한 서면을 교부하여야 한다."
방송프로그램 제작스태프 표준업무위탁계약서,제17조(기술자료 제공 강요 금지 등) 4항 ‘스태프’가 제3항에 따라 기술자료 등을 제공한 경우 ‘방송사 또는 제작사’는 그 범위 내에서만 사용하여야 한다.
방송프로그램 제작스태프 표준업무위탁계약서,제17조(기술자료 제공 강요 금지 등) 5항 제4항을 위반한 경우 ‘방송사 또는 제작사’는 ‘스태프’에게 발생한 실손해금액을 배상하여야 한다.
방송프로그램 제작스태프 표준업무위탁계약서,"제18조(부당한 경영간섭의 금지) ‘방송사 또는 제작사’는 ‘스태프’의 사업활동의 자유나 경영의 자율성, 즉 ‘스태프’의 경영활동에 대한 자주적 결정권을 침해하는 부당한 경영간섭행위를 하여서는 아니 된다."
방송프로그램 제작스태프 표준업무위탁계약서,제19조(저작재산권의 양도 및 사용허락) 1항 ‘스태프’가 수급내용의 완성물 제작과정에서 창작한 저작물 등의 저작재산권에 대하여 특약이 없는 한 그 영상제작물의 이용을 위해 필요한 권리는 ‘방송사 또는 제작사’가 양도받은 것으로 추정한다.
방송프로그램 제작스태프 표준업무위탁계약서,제19조(저작재산권의 양도 및 사용허락) 2항 제1항에서 양도받은 것으로 추정되는 권리 이외의 저작재산권에 대하여 ‘스태프’와 ‘방송사 또는 제작사’는 양도 또는 사용허락에 관한 계약을 체결할 수 있다.
방송프로그램 제작스태프 표준업무위탁계약서,제19조(저작재산권의 양도 및 사용허락) 3항 저작재산권을 양도하거나 사용허락하는 경우 그 기간 및 대금은 당사자가 합의하여 정한다.
방송프로그램 제작스태프 표준업무위탁계약서,"제20조(크레딧) 1항 ‘방송사 또는 제작사’는 ‘프로그램’에 ‘스태프’의 역할을 명시한 크레딧을 명기하여야 한다. 다만, ‘스태프’가 근로의 제공을 완료하지 못한 경우에는 그러하지 아니하다."
방송프로그램 제작스태프 표준업무위탁계약서,"제20조(크레딧) 2항 크레딧의 위치, 크기, 표시방법 등은 상호 간의 협의와 방송업계의 관례에 따른다."
방송프로그램 제작스태프 표준업무위탁계약서,"제21조(계약의 해제 혹은 해지) 1항 ‘방송사 또는 제작사’ 또는 ‘스태프’는 다음 각 호의 어느 하나에 해당하는 사유가 발생한 경우에는 본 계약에 대하여 그 전부 또는 일부를 해제·해지할 수 있다. 이 경우 상대방에게 지체 없이 서면(전자서면을 포함한다)으로 통지하여야 하며, 7일 이내에 서면으로 이의제기가 없을 경우 계약이 해제·해지된 것으로 본다. 1. ‘방송사 또는 제작사’ 또는 ‘스태프’가 감독관청으로부터 영업취소·영업정지 등의 처분을 받은 경우. 2. ‘방송사 또는 제작사’ 또는 ‘스태프’가 어음·수표의 부도, 제3자에 의한 강제집행(가압류 및 가처분 포함), 파산 및 회생절차개시의 신청, 인수합병, 영업양도 등 영업상의 중대한 사유가 발생하여 계약내용을 이행할 수 없다고 인정될 경우. 3. 제12조제1항에 따른 협의 내용에 부합하지 아니하여 ‘방송사 또는 제작사’가 수정을 요청하였으나 ‘스태프’가 그 요구에 정당한 사유 없이 불응하는 경우. 4. ‘방송사 또는 제작사’ 또는 ‘스태프’가 재해 기타 사유로 인하여 본 계약 또는 개별계약의 내용을 이행하기 곤란하다고 쌍방이 인정한 경우. 5. ‘방송사 또는 제작사’ 또는 ‘스태프’가 본 계약을 이행하지 않거나 본 계약의 중요한 내용을 위반한 경우. 6. ‘방송사 또는 제작사’가 정당한 사유 없이 ‘스태프’의 업무 수행에 필요한 사항의 이행을 지연하여 ‘스태프’의 업무 수행에 지장을 초래한 경우. 7. ‘스태프’가 정당한 사유 없이 업무 수행을 거부하는 경우. 8. ‘스태프’의 인원·장비 및 수탁내용 제작능력이 부족하여 계약내용을 원만히 이행할 수 없다고 인정되는 상당한 이유가 있는 경우. 9. ‘스태프’가 임금 미지급 등 문제를 일으킨 경우."
방송프로그램 제작스태프 표준업무위탁계약서,제21조(계약의 해제 혹은 해지) 2항 제1항에 의하여 계약이 해제·해지된 때에는 각 당사자의 상대방에 대한 일체의 채무는 기한의 이익을 상실하며 지체 없이 이를 변제하여야 한다.
방송프로그램 제작스태프 표준업무위탁계약서,"제22조(손해배상) 1항 ‘방송사 또는 제작사’와 ‘스태프’는 자신의 귀책사유로 인하여 본 계약의 전부 또는 일부가 해제·해지됨으로써 발생한 상대방의 손해를 배상하여야 한다. 다만, 천재지변, 전쟁, 폭동, 테러 기타 합리적인 지배범위 밖의 사유로 인하여 상대방 및 제3자에게 발생시킨 손해에 대해서는 상호 면책한다."
방송프로그램 제작스태프 표준업무위탁계약서,제22조(손해배상) 2항 ‘방송사 또는 제작사’의 귀책사유로 인해 계약이 해지된 경우에는 ‘스태프’에게 실제 발생한 손해를 배상하여야 한다.
방송프로그램 제작스태프 표준업무위탁계약서,제22조(손해배상) 3항 ‘방송사 또는 제작사’가 본 계약에서 합의된 사항을 이행하지 않거나 ‘방송사 또는 제작사’의 행위가 제15조의 사유에 해당되어 ‘스태프’에게 손해가 발생한 경우 실제 발생한 손해를 ‘스태프’에게 배상하여야 한다.
방송프로그램 제작스태프 표준업무위탁계약서,제22조(손해배상) 4항 ‘스태프’가 본 계약에서 합의된 사항을 이행하지 않거나 ‘스태프’의 귀책사유로 인해 발생한 다음 각 호 어느 하나의 손해에 대해서는 ‘스태프’가 ‘방송사 또는 제작사’에게 실제 발생한 손해를 배상하여야 한다. 1. 업무를 완료하지 않아 결방으로 인한 손해. 2. 업무 지연으로 결방되거나 계약의 해지로 인한 손해. 3. 업무 완성물의 멸실·훼손. 4. 제12조제1항의 협의된 사항을 이행하지 않아 발생하는 손해. 5. ‘스태프’의 관련 법규 위반으로 인한 손해. 6. ‘스태프’가 재위탁한 제3자의 귀책사유에 의한 손해.
방송프로그램 제작스태프 표준업무위탁계약서,제22조(손해배상) 5항 ‘방송사 또는 제작사’는 다음 각 호의 어느 하나에 해당되어 업무 완료가 지체되었다고 인정할 때에는 손해배상 청구를 하지 아니한다. 1. 불가항력의 사유에 의한 경우. 2. ‘방송사 또는 제작사’의 책임으로 프로그램의 제작 착수가 지연되었거나 중단된 경우. 3. 기타 스태프’의 책임에 속하지 않는 사유로 인하여 지체된 경우.
방송프로그램 제작스태프 표준업무위탁계약서,"제22조(손해배상) 6항 ‘방송사 또는 제작사’와 ‘스태프’는 본 계약으로 알게 된 상대방의 업무 및 기술상 비밀을 상대방의 승인 없이 계약의 목적과 달리 부당하게 이를 이용하거나 제3자에게 누설하여 상대방에게 손해를 입힌 경우, 실제 발생한 손해를 배상한다."
방송프로그램 제작스태프 표준업무위탁계약서,제22조(손해배상) 7항 ‘방송사 또는 제작사’와 ‘스태프’는 상호 협의하여 손해배상액을 예정할 수 있다.
방송프로그램 제작스태프 표준업무위탁계약서,"제23조(지체상금) 1항 ‘스태프’가 정하여진 기간 내에 완성물 및 역무를 납품·제공하지 못한 경우, ‘방송사 또는 제작사’는 지체일수에 계약대금의 5/1000를 곱한 금액(이하 ‘지체상금’이라 한다)을 계약대금에서 공제한다."
방송프로그램 제작스태프 표준업무위탁계약서,제23조(지체상금) 2항 ‘방송사 또는 제작사’는 다음 각 호의 어느 하나에 해당되어 용역수행이 지체되었다고 인정할 때에는 그 해당일수를 동조 제1항의 지체일수에 산입하지 아니한다. 1. 불가항력의 사유에 의한 경우. 2. ‘방송사 또는 제작사’의 책임으로 용역수행의 착수가 지연되거나 용역수행이 중단된 경우. 3. 기타 ‘스태프’의 책임에 속하지 않는 사유로 인하여 지체된 경우.
방송프로그램 제작스태프 표준업무위탁계약서,제24조(권리·의무의 양도) ‘방송사 또는 제작사’와 ‘스태프’는 서면으로 상대방의 승낙을 얻지 아니하는 한 본 계약으로부터 발생하는 권리·의무의 전부 또는 일부를 제3자에게 양도하거나 담보로 제공할 수 없다.
방송프로그램 제작스태프 표준업무위탁계약서,제25조(비밀의 유지) 1항 ‘방송사 또는 제작사’와 ‘스태프’는 본 계약으로 알게 된 상대방의 업무 및 기술상 비밀을 상대방의 승인이 없는 한 계약의 목적과 달리 부당하게 이를 이용하거나 제3자에게 누설하여서는 아니 된다.
방송프로그램 제작스태프 표준업무위탁계약서,"제25조(비밀의 유지) 2항 ‘방송사 또는 제작사’와 ‘스태프’는 계약기간 중, 계약기간의 만료 또는 계약의 해제·해지 후에도 동조 제1항에서 정한 의무가 있다."
방송프로그램 제작스태프 표준업무위탁계약서,제26조(이의 및 분쟁의 해결) 1항 ‘방송사 또는 제작사’와 ‘스태프’는 본 계약 및 개별계약에 명시되지 아니한 사항 또는 계약의 해석에 다툼이 있는 경우에는 우선적으로 서면상의 자료에 따르며 자료가 없는 경우에는 상관습에 따르거나 상호 협의하여 해결한다.
방송프로그램 제작스태프 표준업무위탁계약서,"제26조(이의 및 분쟁의 해결) 2항 제1항의 규정에도 불구하고 법률상 분쟁이 발생한 경우에는 ‘방송사 또는 제작사’ 또는 ‘스태프’는 콘텐츠산업진흥법 제29조에 따른 콘텐츠분쟁조정위원회의 조정, 하도급거래 공정화에 관한 법률 제24조에 따른 하도급분쟁조정협의회의 조정, 저작권법에 따른 한국저작권위원회의 조정, 법원에서의 소송 등에 따라 분쟁을 해결한다."
방송프로그램 제작스태프 표준업무위탁계약서,제26조(이의 및 분쟁의 해결) 3항 ‘방송사 또는 제작사’와 ‘스태프’는 본 계약의 이행에 참여하는 구성원 중 어느 일방이 상대 구성원으로부터의 성희롱·성폭력 등으로 인한 피해를 입은 경우 계약을 해지하지 않고 한국콘텐츠진흥원 콘텐츠성평등센터에 신고하거나 국가인권위원회에 진정하여 분쟁을 해결할 수 있다.
방송프로그램 제작스태프 표준업무위탁계약서,제27조(관할법원) 상호 원만히 합의가 이루어지지 아니할 경우 법령에 정한 절차에 따른 법원을 관할법원으로 한다.
방송프로그램 제작스태프 표준업무위탁계약서,"제28조(변경신고) 1항 ‘방송사 또는 제작사’와 ‘스태프’는 인수합병, 영업양도 등 경영권 양도 사유가 발생할 경우 서면(전자서면을 포함한다)으로 상호 통보하여야 한다."
방송프로그램 제작스태프 표준업무위탁계약서,"제28조(변경신고) 2항 ‘스태프’는 제1항의 경영권 양도를 사유로 제2조에 따른 업무 수행을 위한 제작스태프를 교체하는 경우, 서면(전자서면을 포함한다)으로 ‘방송사 또는 제작사’의 동의를 받아야 한다."
방송프로그램 제작스태프 표준업무위탁계약서,"제29조(효력의 발생) 본 계약의 효력은 계약 체결일로부터 발생하며, 본 계약에 따른 상호 모든 서비스의 제공이 완결될 때 종료된다. 다만, 상호 합의에 따라 계약을 종료할 수 있으며 이 조항에도 불구하고 제24조와 제25조의 효력은 유지된다."
방송작가 집필 표준계약서,제1조(목적) 본 계약은 ‘프로그램’에 사용될 ‘원고’의 집필활동 및 사용에 관하여 ‘방송사 또는 제작사’와 ‘작가’ 간의 합리적 권리관계를 정하기 위한 표준 집필활동 계약조건을 제시함을 목적으로 한다.
방송작가 집필 표준계약서,제2조(기본원칙) ① ‘방송사 또는 제작사’와 ‘작가’는 신의성실의 원칙에 따라 계약을 이행한다.
방송작가 집필 표준계약서,제2조(기본원칙) ② ‘방송사 또는 제작사’와 ‘작가’는 ‘프로그램’의 ‘원고’ 집필활동과 관련된 원고료 등의 산정 시 본 표준계약서에서 정하는 바에 따른다.
방송작가 집필 표준계약서,제3조(계약의 내용) 본 계약의 주요 내용은 다음과 같다.
방송작가 집필 표준계약서,"제4조(계약기간) ① 본 계약의 기간은 년 월 일부터 년 월 일까지로 한다. 단, 계약기간 만료 시에도 본 계약 제3조에서 약정한 집필 횟수가 남아 있을 경우, ‘작가’와 ‘방송사 또는 제작사’는 상호 합의하여 계약기간을 변경할 수 있다."
방송작가 집필 표준계약서,"제4조(계약기간) ② 본조 제1항의 계약기간은 개편, 편성변경, 원고수정 등 특별한 사정이 있는 경우 당사자 간 합의에 의해 변경할 수 있다."
방송작가 집필 표준계약서,제5조(계약의 변경) ‘방송사 또는 제작사’와 ‘작가’는 부득이한 사유가 발생하여 계약의 변경이 필요한 경우에는 상호 합의하여 본 계약을 기명·날인한 서면(전자서면을 포함한다)에 의해서만 변경할 수 있다.
방송작가 집필 표준계약서,"제6조(‘방송사 또는 제작사’의 의무) ① ‘방송사 또는 제작사’는 합리적인 이유 없이 ‘작가’의 성별, 종교, 성 정체성, 장애, 연령 등을 이유로 차별하여서는 아니 된다."
방송작가 집필 표준계약서,"제6조(‘방송사 또는 제작사’의 의무) ② ‘방송사 또는 제작사’가 계약기간 이내에 방송을 시작하였으나 계약기간 종료 시까지 방송을 완료하지 못하여 작가가 제3조에서 약정한 집필횟수를 초과하여 추가 집필·구성 등 창작활동을 하여야 하는 경우, ‘작가’의 다른 일정에 방해가 되지 않도록 신속히 협의하여야 하며, 이 창작활동에 따라 발생한 원고료를 추가 지급하여야 한다."
방송작가 집필 표준계약서,"제6조(‘방송사 또는 제작사’의 의무) ③ 해외 로케이션이 있는 경우, ‘방송사 또는 제작사’는 체류 기간 및 제반 비용, 여행 보험, 안전 등에 대해서 ‘작가’와 협의하여야 한다."
방송작가 집필 표준계약서,제6조(‘방송사 또는 제작사’의 의무) ④ ‘방송사 또는 제작사’는 ‘작가’의 인격을 손상시키는 성희롱·성폭력 등 강압적인 행위를 하여서는 아니된다.
방송작가 집필 표준계약서,제6조(‘방송사 또는 제작사’의 의무) ⑤ ‘방송사 또는 제작사’는 ‘작가’의 집필·구성·기획 등 주요 창작활동 범위 이외의 제작에 필요한 참여 요구 시 ‘작가’와 상호 협의하여 정할 수 있다.
방송작가 집필 표준계약서,제7조(‘작가’의 의무) ① ‘작가’는 제작에 필요한 재능과 역량을 최대한 발휘하여 본 ‘프로그램’ 제작에 필요한 집필·구성 등 창작활동을 성실히 이행하여야 한다.
방송작가 집필 표준계약서,"제7조(‘작가’의 의무) ② ‘작가’와 ‘방송사 또는 제작사’가 제3조에서 전속 계약을 체결한 경우, ‘작가’는 본 계약 제4조에 의한 계약 기간 중 사전 동의 없이 다른 방송사 또는 제작사 등과의 프로그램 제작에 참여할 수 없다."
방송작가 집필 표준계약서,"제7조(‘작가’의 의무) ③ ‘작가’는 자신의 집필원고, 구성안 등 창작물이 저작권 및 기타 지식재산권, 명예, 프라이버시 등 타인의 권익을 침해하지 않는 것을 보증한다."
방송작가 집필 표준계약서,제7조(‘작가’의 의무) ④ ‘작가’는 방송 관련 정부기관 및 ‘방송사 또는 제작사’가 정하고 있는 심의규정 및 제작 가이드라인 등 관련 규정을 숙지한 후 작업에 임해야 한다.
방송작가 집필 표준계약서,제7조(‘작가’의 의무) ⑤ ‘작가’는 성희롱·성폭력 등 사회적 물의를 일으켜 본 프로그램에 부정적인 영향을 미칠 수 있는 행위를 하여서는 아니 된다.
방송작가 집필 표준계약서,"제8조(계약의 위임 및 대리, 권리·의무 이전금지) ① ‘작가’는 본인의 집필활동을 ‘방송사 또는 제작사’의 사전 동의 없이 제3자에게 위임, 대리하거나 대행하게 할 수 없다. 단, 원고 집필 일부에 대해서는 ‘방송사 또는 제작사’의 사전 서면 동의에 의하여 대행하게 할 수 있다."
방송작가 집필 표준계약서,"제8조(계약의 위임 및 대리, 권리·의무 이전금지) ② ‘작가’는 본조 제1항의 규정에 의하여 본인의 집필활동을 제3자에게 대리하거나 대행하게 하는 경우에도 본 계약에 따른 ‘작가’의 의무를 면할 수 없다."
방송작가 집필 표준계약서,"제8조(계약의 위임 및 대리, 권리·의무 이전금지) ③ ‘방송사 또는 제작사’는 ‘작가’의 사전 서면 동의 없이 본 계약상 제작과정에서의 원고 사용과 관련된 권리·의무를 제3자에게 이전하지 못한다."
방송작가 집필 표준계약서,"제9조(작가 추가 위촉) ‘방송사 또는 제작사’는 ‘작가’의 귀책사유로 인해 ‘작가’가 본 계약에 따른 ‘프로그램’의 제작 및 방송 일정을 준수하지 못하는 경우, ‘방송사 또는 제작사’는 ‘작가’에게 이를 사전 통지한 후 제3자를 위촉하여 ‘작가’와 공동으로 집필하게 할 수 있다. 이 경우 본 계약의 원고료를 ‘작가’와 협의하여 조정할 수 있다."
방송작가 집필 표준계약서,제10조(부당한 계약취소의 금지) ‘작가’와 ‘방송사 또는 제작사’는 상대방의 귀책사유가 없음에도 불구하고 본 계약의 내용을 임의로 취소하거나 변경하는 행위를 하여서는 아니 된다.
방송작가 집필 표준계약서,제11조(부당한 원고 인도 거부 등의 금지) ‘방송사 또는 제작사’는 ‘작가’에게 책임을 돌릴 사유가 없음에도 불구하고 부당하게 ‘작가’의 원고 집필을 중지시키거나 인도를 거부하여서는 아니 된다.
방송작가 집필 표준계약서,"제12조(원고료) ① 원고료는 ‘프로그램’ 제작을 위한 ‘원고’의 집필·구성·기획 등 창작활동의 제공 및 해당 ‘원고’를 사용하여 제작한 ‘프로그램’을 방송 등의 목적으로 사용하는 것에 대한 대가로 지급하는 것으로, 이에 관한 구체적인 내용은 제3조에 정한 바에 따른다."
방송작가 집필 표준계약서,제12조(원고료) ② ‘방송사 또는 제작사’는 ‘작가’와 상호 협의 하에 인센티브를 지급할 수 있다.
방송작가 집필 표준계약서,"제12조(원고료) ③ ‘방송사 또는 제작사’는 ‘작가’에게 제3조의 원고료를 ‘방송사 또는 제작사’의 방송 제작비 지급규정에 정한 절차에 따라 지급한다. 단, ‘방송사 또는 제작사’ 및 그 소속단체와 작가의 소속단체 간 별도협약이 체결되어 있을 경우, 이에 따른다."
방송작가 집필 표준계약서,"제12조(원고료) ④ 제5조에 의해 계약의 변경이 있을 경우에는 변경된 내역에 따라 원고료를 조정하여 지급할 수 있다. 단, ‘방송사 또는 제작사’가 제14조에 따라 이미 인수한 완성 분에 대해서는 원고료를 지급하여야 한다."
방송작가 집필 표준계약서,제12조(원고료) ⑤ ‘방송사 또는 제작사’는 ‘작가’에게 지급해야 할 원고료 중 법령에 따라 원천징수되어야 할 세금을 공제한 후 지급할 수 있다.
방송작가 집필 표준계약서,"제13조(원고료 지급보증) ① ‘제작사’와 방송사가 외주제작계약 체결 시 원고료 등에 대한 지급보증계약을 체결한 경우, ‘작가’는 원고료 미지급 문제 발생 시 ‘제작사’와 외주제작계약을 체결한 방송사에게 원고료 지급을 요청할 수 있다. 이 경우, ‘제작사’와 계약을 체결한 방송사는 해당 금액을 ‘작가’에게 직접 지급할 수 있다."
방송작가 집필 표준계약서,제13조(원고료 지급보증) ② 본조 제1항의 경우에 ‘제작사’는 원고료 지급과 관련한 자료를 방송사의 요청이 있는 때로부터 (2일) 내에 ‘제작사’와 외주제작계약을 체결한 방송사에게 제출하여야 한다.
방송작가 집필 표준계약서,"제14조(원고의 인도) ① ‘작가’는 제3조에 따른 인도기일에 원고를 인도하여야 하며, ‘방송사 또는 제작사’의 사전 동의가 없는 한 인도 일자를 변경할 수 없다."
방송작가 집필 표준계약서,"제14조(원고의 인도) ② ‘방송사 또는 제작사’는 인도된 원고가 계약상의 제작 의도 및 내용에 맞지 않는 경우 ‘작가’에게 수정을 요구할 수 있으며, ‘방송사 또는 제작사’로부터 수정 요구가 있을 때, ‘작가’는 ‘방송사 또는 제작사’와의 협의에 의해 내용을 수정할 수 있다."
방송작가 집필 표준계약서,"제14조(원고의 인도) ③ 본조 제2항에 의한 ‘작가’의 수정에도 불구하고 인도된 원고가 프로그램 제작에 객관적으로 부적합하다고 판단되면 ‘방송사 또는 제작사’는 원고의 인수를 거부할 수 있으며, 이 경우 ‘작가’와 반드시 협의하여야 한다."
방송작가 집필 표준계약서,"제15조(저작권) ① 본 계약에 의하여 집필되는 원고, 기획안 등 창작물 및 ‘방송사 또는 제작사’가 이에 따라 제작한 ‘프로그램’에 대한 저작권의 귀속은 저작권법 등 관련 법률이 정하는 바에 따르되 원고료, 제작비, 창작 또는 제작기여도, 신탁단체와의 협약 내용 등을 고려하여 당사자가 협의하여 달리 정할 수 있다."
방송작가 집필 표준계약서,"제15조(저작권) ② ‘방송사 또는 제작사’는 ‘작가’의 동의 없이 저작물의 내용·형식 및 제호를 변경할 수 없다. 단, 저작물의 성질이나 그 이용의 목적 및 형태 등에 비추어 부득이하다고 인정되는 경우 그러하지 아니하다."
방송작가 집필 표준계약서,"제16조(프로그램의 2차 이용) ① ‘방송사 또는 제작사’가 ‘작가’의 원고를 사용하여 제작한 ‘프로그램’을 원래의 목적에 따라 방송한 후에 2차적으로 사용할 경우, ‘방송사 또는 제작사’는 별도계약이 정하는 바에 따라 ‘작가’ 또는 작가의 권리를 위탁받은 단체에게 사용료를 지급하여야 한다."
방송작가 집필 표준계약서,"제16조(프로그램의 2차 이용) ② ‘방송사 또는 제작사’의 2차적 사용에 따른 사용료 지급 대상에 해당되는 작가가 사용내역 명세서 제공을 요청하는 경우, ‘방송사 또는 제작사’는 이에 협조하여야 한다."
방송작가 집필 표준계약서,제16조(프로그램의 2차 이용) ③ ‘방송사 또는 제작사’는 본조 제1항에 의한 사용료 지급 시 법령에 따라 원천징수되어야 할 세금과 비용을 공제하고 지급할 수 있다.
방송작가 집필 표준계약서,"제17조(원고의 전용) ‘작가’는 본 계약에 따라 창작한 원고를 ‘방송사 또는 제작사’ 이외의 자가 기획하는 방송, 영상, 공연 등에 일부 또는 전부를 이용하거나 이용을 허락함에 있어서 저작권법 등 관련 법률이 정하는 바에 따르되 ‘방송사 또는 제작사’와 협의하여 달리 정할 수 있다."
방송작가 집필 표준계약서,제18조(프로그램 홍보 및 출품) ① ‘방송사 또는 제작사’는 ‘프로그램’의 예고 및 홍보를 위하여 ‘작가’의 원고를 사용하여 제작한 프로그램의 일부를 방송 또는 인쇄물 등에 사용할 수 있다.
방송작가 집필 표준계약서,"제18조(프로그램 홍보 및 출품) ② ‘방송사 또는 제작사’는 ‘프로그램’을 국내외 콘테스트 등에 출품할 수 있으며, 수상작으로 선정된 경우 ‘방송사 또는 제작사’(또는 ‘방송사 또는 제작사’가 지정한 자)가 수상한다. 단, 극본상으로 선정된 경우 ‘작가’가 수상한다."
방송작가 집필 표준계약서,제19조(협찬 및 광고 등) ‘작가’는 ‘방송사 또는 제작사’가 요청하는 ‘프로그램’ 내 협찬 및 간접·가상광고 등과 관련하여 ‘프로그램’의 질을 저해하지 않는 범위 내에서 상호 협의에 따라 협조한다.
방송작가 집필 표준계약서,"제20조(계약의 해제 또는 해지) ① ‘방송사 또는 제작사’ 또는 ‘작가’는 다음 각 호의 어느 하나에 해당하는 사유가 발생한 경우에는 상대방에게 14일 이내의 기간을 정하여 서면으로 그 이행을 최고하고, 상대방이 이행하지 아니한 때에는 본 계약에 대하여 그 전부 또는 일부를 해제·해지할 수 있다. 1. ‘방송사 또는 제작사’ 또는 ‘작가’가 정당한 사유 없이 본 계약을 이행하지 않거나 본 계약의 중요한 내용을 위반한 경우, 2. ‘방송사 또는 제작사’ 또는 ‘작가’가 계약내용과 관련하여 수정을 요청하였으나 상대방이 그 요구에 정당한 사유 없이 불응하는 경우, 3. ‘방송사 또는 제작사’ 또는 ‘작가’가 정당한 사유 없이 상대방의 계약내용 수행에 필요한 사항의 이행을 지연하여 상대방의 계약내용 수행에 지장을 초래한 경우, 4. 정당한 사유 없이 ‘작가’가 원고를 인도하여 ‘방송사 또는 제작사’가 인수하였으나 그로부터 1년이 경과하도록 ‘프로그램’이 편성되지 않거나, 제작을 시작하지 않은 경우, 5. ‘방송사 또는 제작사’가 계약체결 후 정당한 사유 없이 1년이 경과하도록 작가에게 계약이행에 필요한 원고 집필을 의뢰하지 않은 경우, 6. ‘방송사 또는 제작사’ 또는 ‘작가’가 계약 이행과 관련하여 사회적 물의를 일으켜 상대방의 명예 또는 이미지를 중대하게 훼손시키는 경우"
방송작가 집필 표준계약서,"제20조(계약의 해제 또는 해지) ② ‘방송사 또는 제작사’ 또는 ‘작가’는 다음 각 호의 어느 하나에 해당하는 사유가 발생한 경우 사전 최고 없이 서면으로 즉시 본 계약을 해제 또는 해지할 수 있다. 1. ‘방송사 또는 제작사’가 감독관청으로부터 영업취소·영업정지 등의 처분을 받거나 어음·수표의 부도, 제3자에 의한 강제집행(가압류 및 가처분 포함), 파산 및 회생절차개시의 신청 등 영업상의 중대한 사유가 발생하여 계약내용을 이행할 수 없다고 인정될 경우, 2. ‘작가’가 민·형사상의 법률분쟁이나 사망 또는 질병과 같은 건강상의 이유로 계약 내용을 이행할 수 없다고 인정될 경우, 3. 전쟁, 천재지변 등 불가항력적인 사유로 인하여 본 계약의 내용을 이행하기 곤란한 경우, 4. ‘방송사 또는 제작사’ 또는 ‘작가’가 정당한 사유 없이 계약내용의 수행을 명시적으로 거부하여 계약이행이 불가능 할 경우"
방송작가 집필 표준계약서,제20조(계약의 해제 또는 해지) ③ 본조 제1항 및 제2항에 의한 계약의 해지 또는 해제는 손해배상의 청구에 영향을 미치지 아니한다.
방송작가 집필 표준계약서,제20조(계약의 해제 또는 해지) ④ 본조 제1항 및 제2항에도 불구하고 ‘방송사 또는 제작사’와 ‘작가’는 서면으로 상호 합의하여 본 계약을 해제 또는 해지할 수 있다.
방송작가 집필 표준계약서,"제21조(손해배상) ① ‘방송사 또는 제작사’와 ‘작가’는 자신의 귀책사유로 인하여 본 계약에서 합의된 사항을 이행하지 않거나 본 계약상의 의무를 위반함으로써 상대방이 입은 손해를 배상하여야 한다. 다만, 천재지변, 전쟁, 폭동, 테러 기타 합리적인 지배범위 밖의 사유로 인하여 상대방 및 제3자에게 발생시킨 손해에 대해서는 상호 면책한다."
방송작가 집필 표준계약서,제21조(손해배상) ② ‘방송사 또는 제작사’의 행위가 제11조의 사유에 해당되어 ‘작가’에게 손해가 발생한 경우 실제 발생한 손해를 ‘작가’에게 배상하여야 한다.
방송작가 집필 표준계약서,"제21조(손해배상) ③ 작가의 행위가 제7조 제3항을 위반하여 ‘방송사 또는 제작사’에게 손해가 발생한 경우, 실제 발생한 손해(법률비용 포함)를 ‘방송사 또는 제작사’에게 배상하여야 한다."
방송작가 집필 표준계약서,제22조(비밀의 유지) ① ‘방송사 또는 제작사’와 ‘작가’는 본 계약을 통해 알게 된 프로그램 및 계약 내용 등 상대방의 업무상·기술상 비밀을 상대방의 허락이 없는 한 이를 이용하거나 제3자에게 누설·유출하여서는 아니 된다.
방송작가 집필 표준계약서,"제22조(비밀의 유지) ② ‘방송사 또는 제작사’와 ‘작가’는 계약기간 중, 계약기간의 만료 또는 계약의 해제·해지 후에도 본조 제1항에서 정한 의무를 지며, 이에 위반하여 발생되는 손해에 대해서는 상대방에게 손해를 배상한다."
방송작가 집필 표준계약서,"제23조(크레딧) ① ‘방송사 또는 제작사’는 ‘프로그램’에 ‘작가’의 역할에 따른 크레딧을 명기하여야 한다. 단, ‘프로그램’의 성질이나 그 이용의 목적 및 형태 등에 비추어 부득이하다고 인정되는 경우에는 그러하지 아니하다."
방송작가 집필 표준계약서,"제23조(크레딧) ② 크레딧의 위치, 크기, 표시방법 등은 상호 간의 협의와 방송업계의 관례에 따른다."
방송작가 집필 표준계약서,"제23조(크레딧) ③ 본 계약을 체결한 ‘작가’ 이외의 작가가 있는 경우, 크레딧은 각자의 기여도에 따라 상호 협의하여 결정한다."
방송작가 집필 표준계약서,"제24조(이의 및 분쟁의 해결) ① ‘방송사 또는 제작사’와 ‘작가’는 본 계약에 명시되지 아니한 사항 또는 계약의 해석에 다툼이 있는 경우에는 당사자 간 합의에 의하고, 합의가 성립되지 않는 경우 관계 법령 및 상관례에 따른다."
방송작가 집필 표준계약서,"제24조(이의 및 분쟁의 해결) ② 제1항의 규정에도 불구하고 법률상 분쟁이 발생한 경우에는 ‘방송사 또는 제작사’와 ‘작가’는 콘텐츠산업진흥법 제29조에 따른 콘텐츠분쟁조정위원회의 조정, 저작권법에 따른 한국저작권위원회의 조정, 법원에서의 소송 등에 따라 분쟁을 해결한다."
방송작가 집필 표준계약서,제24조(이의 및 분쟁의 해결) ③ ‘방송사 또는 제작사’와 ‘작가’는 본 계약의 이행에 참여하는 구성원 중 어느 일방이 상대 구성원으로부터의 성희롱·성폭력 등으로 인한 피해를 입은 경우 계약을 해지하지 않고 한국콘텐츠진흥원 콘텐츠성평등센터에 신고하거나 국가인권위원회에 진정하여 분쟁을 해결할 수 있다.
방송작가 집필 표준계약서,제25조(관할법원) 상호 원만히 합의가 이루어지지 아니할 경우 법령에 정한 절차에 따른 법원을 관할법원으로 한다.
방송작가 집필 표준계약서,"제26조(변경통보) ‘방송사 또는 제작사’는 인수합병, 영업양도 등 경영권 양도 사유가 발생할 경우, 서면(전자서면을 포함한다)으로 ‘작가’에게 통보하여야 한다."
방송작가 집필 표준계약서,"제27조(서면 통지 및 통고) 본 계약 상 양 당사자의 상대방에 대한 일체의 통지, 통고, 서면동의 등은 계약서에 기재된 당사자의 주소 혹은 전자메일로 하여야 한다. 양 당사자는 주소 혹은 전자메일이 변경되는 경우 즉시 상대방에게 통지하여야 한다."
경기도 프리랜서 강사 표준계약서(안),제1조 (계약의 목적) 본 계약의 목적은 프로그램 운영을 위한 “기관”과 “강사”의 권리와 의무를 명확하게 정함으로써 상호 간의 공동 이익을 도모하는 데 있다.
경기도 프리랜서 강사 표준계약서(안),제2조 ① “기관”과 “강사”는 상호 대등한 입장에서 신의성실의 원칙에 따라 자신의 권리를 행사하며 의무를 이행한다.
경기도 프리랜서 강사 표준계약서(안),"제2조 ② “기관”과 “강사”는 본 계약의 이행 과정에서 민법, 하도급거래 공정화에 관한 법률, 독점규제 및 공정거래에 관한 법률 등 관련 법률에서 정한 사항을 성실히 준수한다."
경기도 프리랜서 강사 표준계약서(안),제3조 본 계약에서 사용하는 용어의 정의는 다음 각 호와 같다.
경기도 프리랜서 강사 표준계약서(안),"제4조 ① “강사”는 본 계약이 정하는 바에 따라 프로그램 운영 업무를 수행하며, 구체적인 업무의 내용은 다음 각 호에서 정한 바와 같다."
경기도 프리랜서 강사 표준계약서(안),제4조 ② “기관”과 “강사”가 프로그램 운영 업무의 내용을 변경해야 할 경우에는 서면으로 합의하거나 서면으로 상대방의 동의를 얻어야 한다.
경기도 프리랜서 강사 표준계약서(안),제4조 ③ “강사”는 제1항에서 정한 업무를 완료한 경우 다음 각 호에서 정한 방법과 절차에 따라 “기관”에 통지하여야 한다.
경기도 프리랜서 강사 표준계약서(안),제4조 ④ “강사”가 본 계약과 관련하여 위촉증명서 발급이나 해촉증명서 발급을 요청하는 경우 “기관”은 그 요청을 받은 날로부터 5일 이내에 발급하여야 한다.
경기도 프리랜서 강사 표준계약서(안),"제5조 ① “강사”는 “기관”이 주최하는 행사, 공휴일, 휴업일 등 본인의 책임 없는 사유로 인해 휴강하게 된 경우에는 수강료를 반환하거나 보강을 실시하지 않아도 되나, 본인의 책임 있는 사유로 인해 휴강하게 된 경우에는 휴강 일수에 상응하는 수강료를 반환하거나 보강을 실시해야 한다."
경기도 프리랜서 강사 표준계약서(안),"제5조 ② 보강을 실시하는 경우, 보강 일시와 방법은 “기관”과 “강사”가 협의하여 정한다."
경기도 프리랜서 강사 표준계약서(안),"제5조 ③ 다음 각 호에서 정한 사유가 발생한 경우에는 대체 강사를 활용할 수 있다. 이 경우, 대체 강사에 대한 비용을 누가 부담할지는 “기관”과 “강사”가 협의하여 결정한다."
경기도 프리랜서 강사 표준계약서(안),"제5조 ③ 1호 “강사”가 결혼, 출산한 경우"
경기도 프리랜서 강사 표준계약서(안),"제5조 ③ 2호 “강사”의 직계 가족, 배우자, 형제자매가 사망한 경우"
경기도 프리랜서 강사 표준계약서(안),제6조 ① 본 계약의 유효기간은 . . 부터 . . 까지로 한다.
경기도 프리랜서 강사 표준계약서(안),"제6조 ② 본 계약 기간 만료 30일 전까지 “기관”이나 “강사”가 계약 종료의 의사 또는 계약의 조건을 변경하지 않으면 계약을 연장하지 아니하겠다는 의사를 표시하지 않으면, 동일한 계약 기간과 동일한 조건으로 계약이 자동 갱신된 것으로 본다."
경기도 프리랜서 강사 표준계약서(안),"제7조 “기관”과 “강사”는 본 계약의 내용을 변경하고자 할 때에는 서면으로 합의하거나 서면으로 상대방의 동의를 얻어야 한다. 이 경우, “강사”가 합의 또는 동의를 거부하였다는 이유로 “기관”은 “강사”에게 불이익을 주어서는 아니 된다."
경기도 프리랜서 강사 표준계약서(안),"제8조 ① “기관”은 “강사”의 업무 수행 대가인 강의료, 원고료, 기타 보수 등(이하 ‘강의료 등’이라 한다.)을 다음 각 호에서 정한 바에 따라 지급하여야 한다."
경기도 프리랜서 강사 표준계약서(안),제8조 ① 1호 강의료 지급 기준 : “강사”에 대한 강의료는 수강 인원 1인당 원 (또는 강의 시간 당 원)으로 한다.
경기도 프리랜서 강사 표준계약서(안),"제8조 ① 4호 지급 시기 및 방법 : “기관”은 “강사”가 매월 계획된 프로그램 운영을 완료한 후(보강이 필요한 경우 보강을 완료한 후), ( )일 이내에 원천징수 금액을 제외한 금액을 월 단위로 “강사”의 은행계좌로 입금한다."
경기도 프리랜서 강사 표준계약서(안),"제8조 ② “기관”은 제1항 제1호, 제2호, 제3호, 제5호의 세부 항목 등 내역이 표기된 지급명세서(전자문서 포함)를 작성하여 “강사”에게 교부하여야 한다."
경기도 프리랜서 강사 표준계약서(안),"제8조 ③ “강사”는 제2항에 따른 지급명세서가 본 계약 내용과 맞지 않는 경우 이의를 제기할 수 있으며, “기관”은 이에 대한 확인 결과를 ( )일 이내에 적정한 방법으로 “강사”에게 통지하여야 한다."
경기도 프리랜서 강사 표준계약서(안),"제8조 ④ “강사”는 계약 기간 중 다음 각 호에서 정한 사항이 발생한 경우에 이에 대한 추가 강의료 등을 요구할 수 있으며, 이 경우 “기관”과 “강사”는 그 요구일로부터 10일 이내에 추가 강의료 등의 결정을 위한 협의를 개시해야 하며, 협의 개시일로부터 30일 이내에 추가 강의료 등 지급 여부를 결정한다."
경기도 프리랜서 강사 표준계약서(안),제8조 ④ 1호 강의시간 외 연습 등 강의에 수반되는 추가 활동이 발생한 경우
경기도 프리랜서 강사 표준계약서(안),제8조 ④ 2호 강의와 무관한 행사이지만 “기관”과 “강사”가 상호 합의하여 “강사”가 출연한 경우
경기도 프리랜서 강사 표준계약서(안),"제9조 ① “기관”이 우월한 지위를 활용하여 본 계약에서 정한 업무 이외의 일이나 계약 이행과 직접 관련이 없는 사항을 “강사”에게 요구하거나 요청할 경우, “강사”는 해당 요구 내지 요청을 거절할 수 있다."
경기도 프리랜서 강사 표준계약서(안),"제9조 ② “기관”은 정당한 사유 없이 “강사”에게 지급하여야 할 강의료 등의 일부 또는 전부를 지급하지 아니하거나 지연하여 지급하는 행위, 지급할 강의료 등을 감액하거나 지급한 강의료 등을 환수하는 행위를 하여서는 아니 된다."
경기도 프리랜서 강사 표준계약서(안),"제9조 ③ “기관”은 “강사”에게 상품, 서비스 등을 구입할 것을 강제하는 행위, 찬조금 등을 강요하는 행위, 부당하게 비용을 징수하는 행위, 계약 내용을 부당하게 변경하는 행위, 강의에 부당하게 간섭하는 행위 등 위법·부당한 불공정거래 행위를 하여서는 아니 된다."
경기도 프리랜서 강사 표준계약서(안),제10조 ① “기관”은 “강사”의 사생활의 자유를 부당하게 침해하지 않는다.
경기도 프리랜서 강사 표준계약서(안),"제10조 ② “기관”은 “강사”의 국적, 성별, 종교, 장애 등을 이유로 하여 합리적인 사유 없이 업무수행 환경이나 조건을 차별하거나 그 밖의 불리한 조치를 하지 않는다."
경기도 프리랜서 강사 표준계약서(안),제10조 ③ “기관”은 “기관” 소속 임직원이나 고객 등 제3자로부터 “강사”의 인권과 인격권이 침해당하지 않도록 적절한 보호 조치를 취하여야 한다.
경기도 프리랜서 강사 표준계약서(안),"제11조 ① “기관”은 “강사”의 개인정보 등을 정보주체 본인의 동의 없이 제3자에게 제공, 누설하거나 본 계약 목적 이외의 용도로 사용하여서는 안 된다."
경기도 프리랜서 강사 표준계약서(안),"제11조 ② “기관”은 “강사”가 업무를 수행함에 있어 필요한 정보와 자료를 위탁 또는 제공하여야 하며, 필요시 그에 대한 설명을 하여야 한다. 이때, 정보와 자료의 위탁 또는 제공에 필요한 비용은 “기관”이 부담하여야 한다."
경기도 프리랜서 강사 표준계약서(안),"제11조 ③ “강사”는 “기관”의 고객정보 또는 영업정보 기타 “기관”의 영업상 비밀을 제3자에게 제공, 누설하거나 본 계약 목적 이외의 용도로 사용하여서는 안 된다."
경기도 프리랜서 강사 표준계약서(안),제11조 ④ “기관”과 “강사”는 업무 위탁 및 업무 수행과 관련하여 「개인정보보호법」 등 개인정보 관련 법규를 준수한다.
경기도 프리랜서 강사 표준계약서(안),제12조 ① “기관”과 “강사”는 계약기간 중 상호 합의하는 경우에는 본 계약을 해지할 수 있다.
경기도 프리랜서 강사 표준계약서(안),제12조 ② “기관”과 “강사”는 상대방이 다음 각 호에 해당하는 경우에는 ( )일 이내에 시정할 것을 상대방에게 요구하고 상대방이 그 기간 내에 시정하지 않는 경우 본 계약을 해지할 수 있다.
경기도 프리랜서 강사 표준계약서(안),제12조 ② 1호 일방 당사자가 계약조건을 미이행한 경우
경기도 프리랜서 강사 표준계약서(안),제12조 ② 2호 “기관” 또는 “강사”가 업무와 관련하여 상대방 또는 제3자에게 본인의 책임 있는 사유로 손해를 끼친 경우
경기도 프리랜서 강사 표준계약서(안),제12조 ③ “기관”과 “강사”는 다음 각 호에 해당하는 경우에는 즉시 본 계약을 해지할 수 있다.
경기도 프리랜서 강사 표준계약서(안),제12조 ③ 1호 본 계약의 체결 또는 업무의 수행에 있어 거짓이나 그 밖의 부정한 방법을 사용한 경우
경기도 프리랜서 강사 표준계약서(안),제12조 ③ 2호 업무의 수행에 필요한 법령상 면허 등의 취득에 관한 사항을 준수하지 않거나 면허 등이 정지 또는 취소되는 경우
경기도 프리랜서 강사 표준계약서(안),제12조 ③ 3호 법률 또는 본 계약상의 의무를 현저히 위반하는 등 본 계약 관계를 계속하기 어려운 중대한 사유가 있는 경우
경기도 프리랜서 강사 표준계약서(안),제12조 ④ 본 계약을 해지하고자 하는 자는 구체적인 해지사유를 명시하여 적정한 방법으로 상대방에게 해지 의사를 통보하여야 한다.
경기도 프리랜서 강사 표준계약서(안),제13조 ① “기관” 또는 “강사”는 업무와 관련하여 고의 또는 과실로 상대방 또는 제3자에게 손해를 발생시킨 경우 그 손해를 배상하여야 한다.
경기도 프리랜서 강사 표준계약서(안),제13조 ② “기관”과 “강사” 이외의 제3자의 귀책사유로 업무와 관련하여 “기관” 또는 “강사”에게 손해가 발생한 경우 “기관”과 “강사”는 이에 대한 배상이 이루어질 수 있도록 서로에게 적극 협조한다.
경기도 프리랜서 강사 표준계약서(안),제14조 ① 본 계약서에 명시되어 있지 아니한 사항에 대해서는 “기관”과 “강사”의 서면 합의가 우선적으로 적용된다.
경기도 프리랜서 강사 표준계약서(안),"제14조 ② 본 계약서의 해석은 본 계약서의 문언과 관련 법령 및 상거래 관행에 따른다. 다만, 그 해석에 대하여 다툼이 있는 경우에는 “기관”과 “강사”의 협의에 의해 해결함을 원칙으로 한다."
경기도 프리랜서 강사 표준계약서(안),"제14조 ③ 제2항에 따라 분쟁이 해결되지 않는 경우에는 법원 등에서의 조정, 화해, 소송 등을 통해 분쟁을 해결한다."
경기도 프리랜서 강사 표준계약서(안),제14조 ④ 본 계약과 관련한 소송은 법원을 제1심 합의 관할 법원으로 한다.
경기도 프리랜서 강사 표준계약서(안),"제15조 ① “기관”은 「산업안전보건법」, 「중대재해 처벌 등에 관한 법률」 등 제반 법률에 따른 안전 보건 관리 활동을 하여야 하고, “강사”는 이에 적극 협조하여야 한다."
경기도 프리랜서 강사 표준계약서(안),"제15조 ② “기관”은 강의로 인한 “강사”의 사고, 질병에 대비해 보험에 가입한다."
경기도 프리랜서 강사 표준계약서(안),"제15조 ③ “강사”는 “기관”이 지정하거나 제공한 장소가 안전 요건을 갖추지 못한 경우 장소의 변경 또는 안전시설의 설치 등 적절한 조치를 요구할 수 있으며, “기관”은 이에 성실히 응하여야 한다."
경기도 프리랜서 강사 표준계약서(안),"제15조 ④ “기관”은 강의 과정에서 수강생에게 발생하는 사고, 질병에 대비해 보험에 가입한다."
경기도 프리랜서 강사 표준계약서(안),제1조(계약의 목적) 본 계약의 목적은 프로그램 운영을 위한 “기관”과 “강사”의 권리와 의무를 명확하게 정함으로써 상호 간의 공동 이익을 도모하는 데 있다.
경기도 프리랜서 강사 표준계약서(안),제2조(기본 원칙) ①“기관”과 “강사”는 상호 대등한 입장에서 신의성실의 원칙에 따라 자신의 권리를 행사하며 의무를 이행한다.
경기도 프리랜서 강사 표준계약서(안),"제2조(기본 원칙) ②“기관”과 “강사”는 본 계약의 이행 과정에서 민법, 하도급거래 공정화에 관한 법률, 독점규제 및 공정거래에 관한 법률 등 관련 법률에서 정한 사항을 성실히 준수한다."
경기도 프리랜서 강사 표준계약서(안),제3조(용어 정의) 본 계약에서 사용하는 용어의 정의는 다음 각 호와 같다.
경기도 프리랜서 강사 표준계약서(안),"제4조(업무의 내용 및 수행) ①“강사”는 본 계약이 정하는 바에 따라 프로그램 운영 업무를 수행하며, 구체적인 업무의 내용은 다음 각 호에서 정한 바와 같다."
경기도 프리랜서 강사 표준계약서(안),제4조(업무의 내용 및 수행) ②“기관”과 “강사”가 프로그램 운영 업무의 내용을 변경해야 할 경우에는 서면으로 합의하거나 서면으로 상대방의 동의를 얻어야 한다.
경기도 프리랜서 강사 표준계약서(안),제4조(업무의 내용 및 수행) ③“강사”는 제1항에서 정한 업무를 완료한 경우 다음 각 호에서 정한 방법과 절차에 따라 “기관”에 통지하여야 한다.
경기도 프리랜서 강사 표준계약서(안),제4조(업무의 내용 및 수행) ④“강사”가 본 계약과 관련하여 위촉증명서 발급이나 해촉증명서 발급을 요청하는 경우 “기관”은 그 요청을 받은 날로부터 5일 이내에 발급하여야 한다.
경기도 프리랜서 강사 표준계약서(안),"제5조(보강 및 대체 강사) ①“강사”는 “기관”이 주최하는 행사, 공휴일, 휴업일 등 본인의 책임 없는 사유로 인해 휴강하게 된 경우에는 수강료를 반환하거나 보강을 실시하지 않아도 되나, 본인의 책임 있는 사유로 인해 휴강하게 된 경우에는 휴강 일수에 상응하는 수강료를 반환하거나 보강을 실시해야 한다."
경기도 프리랜서 강사 표준계약서(안),"제5조(보강 및 대체 강사) ②보강을 실시하는 경우, 보강 일시와 방법은 “기관”과 “강사”가 협의하여 정한다."
경기도 프리랜서 강사 표준계약서(안),"제5조(보강 및 대체 강사) ③다음 각 호에서 정한 사유가 발생한 경우에는 대체 강사를 활용할 수 있다. 이 경우, 대체 강사에 대한 비용을 누가 부담할지는 “기관”과 “강사”가 협의하여 결정한다. 1. “강사”가 결혼, 출산한 경우"
경기도 프리랜서 강사 표준계약서(안),"제5조(보강 및 대체 강사) ③다음 각 호에서 정한 사유가 발생한 경우에는 대체 강사를 활용할 수 있다. 이 경우, 대체 강사에 대한 비용을 누가 부담할지는 “기관”과 “강사”가 협의하여 결정한다. 2. “강사”의 직계 가족, 배우자, 형제자매가 사망한 경우"
경기도 프리랜서 강사 표준계약서(안),"제6조(강의 기자재, 소프트웨어 등) ①“기관”은 프로그램을 위한 강의 기자재, 소프트웨어를 “강사”에게 아래와 같이 제공한다."
경기도 프리랜서 강사 표준계약서(안),"제6조(강의 기자재, 소프트웨어 등) ②“기관”은 “강사”에게 프로그램 운영과 관련하여 강의 기자재, 소프트웨어 구입을 강요해서는 아니 된다."
경기도 프리랜서 강사 표준계약서(안),"제6조(강의 기자재, 소프트웨어 등) ③“기관”은 “강사” 소유의 강의 기자재, 소프트웨어를 사용하는 경우 다음 각 호와 같이 보상한다."
경기도 프리랜서 강사 표준계약서(안),"제6조(강의 기자재, 소프트웨어 등) ④“강사”가 프로그램 운영을 위한 강의 기자재, 소프트웨어를 구매하였으나 폐강(단, “강사”의 책임 있는 사유로 폐강된 경우는 제외한다)으로 사용하지 못하게 되는 경우 “기관”은 이를 다음 각 호와 같이 보상한다."
경기도 프리랜서 강사 표준계약서(안),"제6조(강의 기자재, 소프트웨어 등) ⑤제14조에도 불구하고 “기관”은 “강사”가 프로그램 운영 중에 “기관”소유의 강의 기자재를 파손시키거나 고장 나게 한 경우 그에 대한 책임을 묻지 않는다. 다만, 파손이나 고장이 “강사”의 고의에 의한 경우에는 책임을 물을 수 있다."
경기도 프리랜서 강사 표준계약서(안),제7조(계약 기간) ①본 계약의 유효기간은 . . 부터 . . 까지로 한다.
경기도 프리랜서 강사 표준계약서(안),"제7조(계약 기간) ②본 계약 기간 만료 30일 전까지 “기관”이나 “강사”가 계약 종료의 의사 또는 계약의 조건을 변경하지 않으면 계약을 연장하지 아니하겠다는 의사를 표시하지 않으면, 동일한 계약 기간과 동일한 조건으로 계약이 자동 갱신된 것으로 본다."
경기도 프리랜서 강사 표준계약서(안),"제8조(계약의 변경) “기관”과 “강사”는 본 계약의 내용을 변경하고자 할 때에는 서면으로 합의하거나 서면으로 상대방의 동의를 얻어야 한다. 이 경우, “강사”가 합의 또는 동의를 거부하였다는 이유로 “기관”은 “강사”에게 불이익을 주어서는 아니 된다."
경기도 프리랜서 강사 표준계약서(안),"제9조(강의료 지급 등) ①“기관”은 “강사”의 업무 수행 대가인 강의료, 원고료, 기타 보수 등(이하 ‘강의료 등’이라 한다.)을 다음 각 호에서 정한 바에 따라 지급하여야 한다. 1. 강의료 지급 기준 : “강사”에 대한 강의료는 수강 인원 1인당 원 (또는 강의 시간 당 원)으로 한다. 2. 원고료 지급 기준 : 3. 기타 보수 지급 기준 : 4. 지급 시기 및 방법 : “기관”은 “강사”가 매월 계획된 프로그램 운영을 완료한 후(보강이 필요한 경우 보강을 완료한 후), ( )일 이내에 원천징수 금액을 제외한 금액을 월 단위로 “강사”의 은행계좌로 입금한다. 5. 공제 내역 및 기준 : 6. 관련 기타 조건(특약) :"
경기도 프리랜서 강사 표준계약서(안),"제9조(강의료 지급 등) ②“기관”은 제1항 제1호, 제2호, 제3호, 제5호의 세부 항목 등 내역이 표기된 지급명세서(전자문서 포함)를 작성하여 “강사”에게 교부하여야 한다."
경기도 프리랜서 강사 표준계약서(안),"제9조(강의료 지급 등) ③“강사”는 제2항에 따른 지급명세서가 본 계약 내용과 맞지 않는 경우 이의를 제기할 수 있으며, “기관”은 이에 대한 확인 결과를 ( )일 이내에 적정한 방법으로 “강사”에게 통지하여야 한다."
경기도 프리랜서 강사 표준계약서(안),"제10조(불공정거래 행위 금지 등) ①“기관”이 우월한 지위를 활용하여 본 계약에서 정한 업무 이외의 일이나 계약 이행과 직접 관련이 없는 사항을 “강사”에게 요구하거나 요청할 경우, “강사”는 해당 요구 내지 요청을 거절할 수 있다."
경기도 프리랜서 강사 표준계약서(안),"제10조(불공정거래 행위 금지 등) ②“기관”은 정당한 사유 없이 “강사”에게 지급하여야 할 강의료 등의 일부 또는 전부를 지급하지 아니하거나 지연하여 지급하는 행위, 지급할 강의료 등을 감액하거나 지급한 강의료 등을 환수하는 행위를 하여서는 아니 된다."
경기도 프리랜서 강사 표준계약서(안),"제10조(불공정거래 행위 금지 등) ③“기관”은 “강사”에게 상품, 서비스 등을 구입할 것을 강제하는 행위, 찬조금 등을 강요하는 행위, 부당하게 비용을 징수하는 행위, 계약 내용을 부당하게 변경하는 행위, 강의에 부당하게 간섭하는 행위 등 위법·부당한 불공정거래 행위를 하여서는 아니 된다."
경기도 프리랜서 강사 표준계약서(안),제11조(부당한 처우의 금지 등) ①“기관”은 “강사”의 사생활의 자유를 부당하게 침해하지 않는다.
경기도 프리랜서 강사 표준계약서(안),"제11조(부당한 처우의 금지 등) ②“기관”은 “강사”의 국적, 성별, 종교, 장애 등을 이유로 하여 합리적인 사유 없이 업무수행 환경이나 조건을 차별하거나 그 밖의 불리한 조치를 하지 않는다."
경기도 프리랜서 강사 표준계약서(안),제11조(부당한 처우의 금지 등) ③“기관”은 “기관” 소속 임직원이나 고객 등 제3자로부터 “강사”의 인권과 인격권이 침해당하지 않도록 적절한 보호 조치를 취하여야 한다.
경기도 프리랜서 강사 표준계약서(안),"제12조(정보 이용 및 정보 제공) ①“기관”은 “강사”의 개인정보 등을 정보주체 본인의 동의 없이 제3자에게 제공, 누설하거나 본 계약 목적 이외의 용도로 사용하여서는 안 된다."
경기도 프리랜서 강사 표준계약서(안),"제12조(정보 이용 및 정보 제공) ②“기관”은 “강사”가 업무를 수행함에 있어 필요한 정보와 자료를 위탁 또는 제공하여야 하며, 필요시 그에 대한 설명을 하여야 한다. 이때, 정보와 자료의 위탁 또는 제공에 필요한 비용은 “기관”이 부담하여야 한다."
경기도 프리랜서 강사 표준계약서(안),"제12조(정보 이용 및 정보 제공) ③“강사”는 “기관”의 고객정보 또는 영업정보 기타 “기관”의 영업상 비밀을 제3자에게 제공, 누설하거나 본 계약 목적 이외의 용도로 사용하여서는 안 된다."
경기도 프리랜서 강사 표준계약서(안),제12조(정보 이용 및 정보 제공) ④“기관”과 “강사”는 업무 위탁 및 업무 수행과 관련하여 「개인정보보호법」 등 개인정보 관련 법규를 준수한다.
경기도 프리랜서 강사 표준계약서(안),제13조(계약의 해지 등) ①“기관”과 “강사”는 계약기간 중 상호 합의하는 경우에는 본 계약을 해지할 수 있다.
경기도 프리랜서 강사 표준계약서(안),제13조(계약의 해지 등) ②“기관”과 “강사”는 상대방이 다음 각 호에 해당하는 경우에는 ( )일 이내에 시정할 것을 상대방에게 요구하고 상대방이 그 기간 내에 시정하지 않는 경우 본 계약을 해지할 수 있다. 1. 일방 당사자가 계약조건을 미이행한 경우 2. “기관” 또는 “강사”가 업무와 관련하여 상대방 또는 제3자에게 본인의 책임 있는 사유로 손해를 끼친 경우
경기도 프리랜서 강사 표준계약서(안),제13조(계약의 해지 등) ③“기관”과 “강사”는 다음 각 호에 해당하는 경우에는 즉시 본 계약을 해지할 수 있다. 1. 본 계약의 체결 또는 업무의 수행에 있어 거짓이나 그 밖의 부정한 방법을 사용한 경우 2. 업무의 수행에 필요한 법령상 면허 등의 취득에 관한 사항을 준수하지 않거나 면허 등이 정지 또는 취소되는 경우 3. 법률 또는 본 계약상의 의무를 현저히 위반하는 등 본 계약 관계를 계속하기 어려운 중대한 사유가 있는 경우
경기도 프리랜서 강사 표준계약서(안),제13조(계약의 해지 등) ④본 계약을 해지하고자 하는 자는 구체적인 해지사유를 명시하여 적정한 방법으로 상대방에게 해지 의사를 통보하여야 한다.
경기도 프리랜서 강사 표준계약서(안),제14조(손해배상) ①“기관” 또는 “강사”는 업무와 관련하여 고의 또는 과실로 상대방 또는 제3자에게 손해를 발생시킨 경우 그 손해를 배상하여야 한다.
경기도 프리랜서 강사 표준계약서(안),제14조(손해배상) ②“기관”과 “강사” 이외의 제3자의 귀책사유로 업무와 관련하여 “기관” 또는 “강사”에게 손해가 발생한 경우 “기관”과 “강사”는 이에 대한 배상이 이루어질 수 있도록 서로에게 적극 협조한다.
경기도 프리랜서 강사 표준계약서(안),제15조(분쟁 해결) ①본 계약서에 명시되어 있지 아니한 사항에 대해서는 “기관”과 “강사”의 서면 합의가 우선적으로 적용된다.
경기도 프리랜서 강사 표준계약서(안),"제15조(분쟁 해결) ②본 계약서의 해석은 본 계약서의 문언과 관련 법령 및 상거래 관행에 따른다. 다만, 그 해석에 대하여 다툼이 있는 경우에는 “기관”과 “강사”의 협의에 의해 해결함을 원칙으로 한다."
경기도 프리랜서 강사 표준계약서(안),"제15조(분쟁 해결) ③제2항에 따라 분쟁이 해결되지 않는 경우에는 법원 등에서의 조정, 화해, 소송 등을 통해 분쟁을 해결한다."
경기도 프리랜서 강사 표준계약서(안),제15조(분쟁 해결) ④본 계약과 관련한 소송은 법원을 제1심 합의 관할 법원으로 한다.
경기도 프리랜서 강사 표준계약서(안),"제16조(안전보건 조치 등) “기관”은 「산업안전보건법」, 「중대재해 처벌 등에 관한 법률」 등 제반 법률에 따른 안전 보건 관리 활동을 하여야 하고, “강사”는 이에 적극 협조하여야 한다."
경기도 프리랜서 강사 표준계약서(안),제1조 (계약의 목적) 본 계약의 목적은 프로그램 운영을 위한 “기관”과 “강사”의 권리와 의무를 명확하게 정함으로써 상호 간의 공동 이익을 도모하는 데 있다.
경기도 프리랜서 강사 표준계약서(안),제2조 ① “기관”과 “강사”는 상호 대등한 입장에서 신의성실의 원칙에 따라 자신의 권리를 행사하며 의무를 이행한다.
경기도 프리랜서 강사 표준계약서(안),"제2조 ② “기관”과 “강사”는 본 계약의 이행 과정에서 민법, 하도급거래 공정화에 관한 법률, 독점규제 및 공정거래에 관한 법률 등 관련 법률에서 정한 사항을 성실히 준수한다."
경기도 프리랜서 강사 표준계약서(안),제3조 (용어 정의) 본 계약에서 사용하는 용어의 정의는 다음 각 호와 같다.
경기도 프리랜서 강사 표준계약서(안),"제4조 ① “강사”는 본 계약이 정하는 바에 따라 프로그램 운영 업무를 수행하며, 구체적인 업무의 내용은 다음 각 호에서 정한 바와 같다."
경기도 프리랜서 강사 표준계약서(안),제4조 ② “기관”과 “강사”가 프로그램 운영 업무의 내용을 변경해야 할 경우에는 서면으로 합의하거나 서면으로 상대방의 동의를 얻어야 한다.
경기도 프리랜서 강사 표준계약서(안),제4조 ③ “강사”는 제1항에서 정한 업무를 완료한 경우 다음 각 호에서 정한 방법과 절차에 따라 “기관”에 통지하여야 한다.
경기도 프리랜서 강사 표준계약서(안),제4조 ④ “강사”가 본 계약과 관련하여 위촉증명서 발급이나 해촉증명서 발급을 요청하는 경우 “기관”은 그 요청을 받은 날로부터 5일 이내에 발급하여야 한다.
경기도 프리랜서 강사 표준계약서(안),"제5조 ① “강사”는 “기관”이 주최하는 행사, 공휴일, 휴업일 등 본인의 책임 없는 사유로 인해 휴강하게 된 경우에는 수강료를 반환하거나 보강을 실시하지 않아도 되나, 본인의 책임 있는 사유로 인해 휴강하게 된 경우에는 휴강 일수에 상응하는 수강료를 반환하거나 보강을 실시해야 한다."
경기도 프리랜서 강사 표준계약서(안),"제5조 ② 보강을 실시하는 경우, 보강 일시와 방법은 “기관”과 “강사”가 협의하여 정한다."
경기도 프리랜서 강사 표준계약서(안),"제5조 ③ 다음 각 호에서 정한 사유가 발생한 경우에는 대체 강사를 활용할 수 있다. 이 경우, 대체 강사에 대한 비용을 누가 부담할지는 “기관”과 “강사”가 협의하여 결정한다."
경기도 프리랜서 강사 표준계약서(안),"제5조 ③항 1호 “강사”가 결혼, 출산한 경우"
경기도 프리랜서 강사 표준계약서(안),"제5조 ③항 2호 “강사”의 직계 가족, 배우자, 형제자매가 사망한 경우"
경기도 프리랜서 강사 표준계약서(안),제6조 ① “기관”은 “강사”의 강의 자료를 “강사”의 동의 없이 자기 또는 제3자를 위하여 유용하여서는 아니 된다.
경기도 프리랜서 강사 표준계약서(안),"제6조 ② “기관”은 “강사”의 프로그램에 포함된 콘텐츠, 아이디어를 “강사”의 동의 없이 무단으로 사용하여서는 아니 된다."
경기도 프리랜서 강사 표준계약서(안),"제6조 ③ “기관”이 “강사”로부터 강의 자료를 제공받으려면 제공 여부, 제공 목적, 비밀유지에 관한 사항, 대가 및 대가의 지급방법, 제공일 및 제공방법 등을 “강사”와 사전에 서면으로 합의해야 한다."
경기도 프리랜서 강사 표준계약서(안),제6조 ④ 제1항 내지 제3항을 위반하여 “강사”에게 손해가 발생한 경우 “기관”은 “강사”에게 그 손해를 배상하여야 한다.
경기도 프리랜서 강사 표준계약서(안),제7조 ① 본 계약의 유효기간은 . . 부터 . . 까지로 한다.
경기도 프리랜서 강사 표준계약서(안),"제7조 ② 본 계약 기간 만료 30일 전까지 “기관”이나 “강사”가 계약 종료의 의사 또는 계약의 조건을 변경하지 않으면 계약을 연장하지 아니하겠다는 의사를 표시하지 않으면, 동일한 계약 기간과 동일한 조건으로 계약이 자동 갱신된 것으로 본다."
경기도 프리랜서 강사 표준계약서(안),"제8조 “기관”과 “강사”는 본 계약의 내용을 변경하고자 할 때에는 서면으로 합의하거나 서면으로 상대방의 동의를 얻어야 한다. 이 경우, “강사”가 합의 또는 동의를 거부하였다는 이유로 “기관”은 “강사”에게 불이익을 주어서는 아니 된다."
경기도 프리랜서 강사 표준계약서(안),"제9조 ① “기관”은 “강사”의 업무 수행 대가인 강의료, 원고료, 기타 보수 등을 다음 각 호에서 정한 바에 따라 지급하여야 한다."
경기도 프리랜서 강사 표준계약서(안),제9조 ①항 1호 강의료 지급 기준 : “강사”에 대한 강의료는 수강 인원 1인당 원 (또는 강의 시간 당 원)으로 한다.
경기도 프리랜서 강사 표준계약서(안),제9조 ①항 2호 원고료 지급 기준 :
경기도 프리랜서 강사 표준계약서(안),제9조 ①항 3호 기타 보수 지급 기준 :
경기도 프리랜서 강사 표준계약서(안),"제9조 ①항 4호 지급 시기 및 방법 : “기관”은 “강사”가 매월 계획된 프로그램 운영을 완료한 후(보강이 필요한 경우 보강을 완료한 후), ( )일 이내에 원천징수 금액을 제외한 금액을 월 단위로 “강사”의 은행계좌로 입금한다."
경기도 프리랜서 강사 표준계약서(안),제9조 ①항 5호 공제 내역 및 기준 :
경기도 프리랜서 강사 표준계약서(안),제9조 ①항 6호 관련 기타 조건(특약) :
경기도 프리랜서 강사 표준계약서(안),"제9조 ② “기관”은 제1항 제1호, 제2호, 제3호, 제5호의 세부 항목 등 내역이 표기된 지급명세서(전자문서 포함)를 작성하여 “강사”에게 교부하여야 한다."
경기도 프리랜서 강사 표준계약서(안),"제9조 ③ “강사”는 제2항에 따른 지급명세서가 본 계약 내용과 맞지 않는 경우 이의를 제기할 수 있으며, “기관”은 이에 대한 확인 결과를 ( )일 이내에 적정한 방법으로 “강사”에게 통지하여야 한다."
경기도 프리랜서 강사 표준계약서(안),"제10조 ① “기관”이 우월한 지위를 활용하여 본 계약에서 정한 업무 이외의 일이나 계약 이행과 직접 관련이 없는 사항을 “강사”에게 요구하거나 요청할 경우, “강사”는 해당 요구 내지 요청을 거절할 수 있다."
경기도 프리랜서 강사 표준계약서(안),"제10조 ② “기관”은 정당한 사유 없이 “강사”에게 지급하여야 할 강의료 등의 일부 또는 전부를 지급하지 아니하거나 지연하여 지급하는 행위, 지급할 강의료 등을 감액하거나 지급한 강의료 등을 환수하는 행위를 하여서는 아니 된다."
경기도 프리랜서 강사 표준계약서(안),"제10조 ③ “기관”은 “강사”에게 상품, 서비스 등을 구입할 것을 강제하는 행위, 찬조금 등을 강요하는 행위, 부당하게 비용을 징수하는 행위, 계약 내용을 부당하게 변경하는 행위, 강의에 부당하게 간섭하는 행위 등 위법·부당한 불공정거래 행위를 하여서는 아니 된다."
경기도 프리랜서 강사 표준계약서(안),제11조 ① “기관”은 “강사”의 사생활의 자유를 부당하게 침해하지 않는다.
경기도 프리랜서 강사 표준계약서(안),"제11조 ② “기관”은 “강사”의 국적, 성별, 종교, 장애 등을 이유로 하여 합리적인 사유 없이 업무수행 환경이나 조건을 차별하거나 그 밖의 불리한 조치를 하지 않는다."
경기도 프리랜서 강사 표준계약서(안),제11조 ③ “기관”은 “기관” 소속 임직원이나 고객 등 제3자로부터 “강사”의 인권과 인격권이 침해당하지 않도록 적절한 보호 조치를 취하여야 한다.
경기도 프리랜서 강사 표준계약서(안),"제12조 ① “기관”은 “강사”의 개인정보 등을 정보주체 본인의 동의 없이 제3자에게 제공, 누설하거나 본 계약 목적 이외의 용도로 사용하여서는 안 된다."
경기도 프리랜서 강사 표준계약서(안),"제12조 ② “기관”은 “강사”가 업무를 수행함에 있어 필요한 정보와 자료를 위탁 또는 제공하여야 하며, 필요시 그에 대한 설명을 하여야 한다. 이때, 정보와 자료의 위탁 또는 제공에 필요한 비용은 “기관”이 부담하여야 한다."
경기도 프리랜서 강사 표준계약서(안),"제12조 ③ “강사”는 “기관”의 고객정보 또는 영업정보 기타 “기관”의 영업상 비밀을 제3자에게 제공, 누설하거나 본 계약 목적 이외의 용도로 사용하여서는 안 된다."
경기도 프리랜서 강사 표준계약서(안),제12조 ④ “기관”과 “강사”는 업무 위탁 및 업무 수행과 관련하여 「개인정보보호법」 등 개인정보 관련 법규를 준수한다.
경기도 프리랜서 강사 표준계약서(안),제13조 ① “기관”과 “강사”는 계약기간 중 상호 합의하는 경우에는 본 계약을 해지할 수 있다.
경기도 프리랜서 강사 표준계약서(안),제13조 ② “기관”과 “강사”는 상대방이 다음 각 호에 해당하는 경우에는 ( )일 이내에 시정할 것을 상대방에게 요구하고 상대방이 그 기간 내에 시정하지 않는 경우 본 계약을 해지할 수 있다.
경기도 프리랜서 강사 표준계약서(안),제13조 ②항 1호 일방 당사자가 계약조건을 미이행한 경우
경기도 프리랜서 강사 표준계약서(안),제13조 ②항 2호 “기관” 또는 “강사”가 업무와 관련하여 상대방 또는 제3자에게 본인의 책임 있는 사유로 손해를 끼친 경우
경기도 프리랜서 강사 표준계약서(안),제13조 ③ “기관”과 “강사”는 다음 각 호에 해당하는 경우에는 즉시 본 계약을 해지할 수 있다.
경기도 프리랜서 강사 표준계약서(안),제13조 ③항 1호 본 계약의 체결 또는 업무의 수행에 있어 거짓이나 그 밖의 부정한 방법을 사용한 경우
경기도 프리랜서 강사 표준계약서(안),제13조 ③항 2호 업무의 수행에 필요한 법령상 면허 등의 취득에 관한 사항을 준수하지 않거나 면허 등이 정지 또는 취소되는 경우
경기도 프리랜서 강사 표준계약서(안),제13조 ③항 3호 법률 또는 본 계약상의 의무를 현저히 위반하는 등 본 계약 관계를 계속하기 어려운 중대한 사유가 있는 경우
경기도 프리랜서 강사 표준계약서(안),제13조 ④ 본 계약을 해지하고자 하는 자는 구체적인 해지사유를 명시하여 적정한 방법으로 상대방에게 해지 의사를 통보하여야 한다.
경기도 프리랜서 강사 표준계약서(안),제14조 ① “기관” 또는 “강사”는 업무와 관련하여 고의 또는 과실로 상대방 또는 제3자에게 손해를 발생시킨 경우 그 손해를 배상하여야 한다.
경기도 프리랜서 강사 표준계약서(안),제14조 ② “기관”과 “강사” 이외의 제3자의 귀책사유로 업무와 관련하여 “기관” 또는 “강사”에게 손해가 발생한 경우 “기관”과 “강사”는 이에 대한 배상이 이루어질 수 있도록 서로에게 적극 협조한다.
경기도 프리랜서 강사 표준계약서(안),제15조 ① 본 계약서에 명시되어 있지 아니한 사항에 대해서는 “기관”과 “강사”의 서면 합의가 우선적으로 적용된다.
경기도 프리랜서 강사 표준계약서(안),"제15조 ② 본 계약서의 해석은 본 계약서의 문언과 관련 법령 및 상거래 관행에 따른다. 다만, 그 해석에 대하여 다툼이 있는 경우에는 “기관”과 “강사”의 협의에 의해 해결함을 원칙으로 한다."
경기도 프리랜서 강사 표준계약서(안),"제15조 ③ 제2항에 따라 분쟁이 해결되지 않는 경우에는 법원 등에서의 조정, 화해, 소송 등을 통해 분쟁을 해결한다."
경기도 프리랜서 강사 표준계약서(안),제15조 ④ 본 계약과 관련한 소송은 법원을 제1심 합의 관할 법원으로 한다.
경기도 프리랜서 강사 표준계약서(안),"제16조 (안전보건 조치 등) “기관”은 「산업안전보건법」, 「중대재해 처벌 등에 관한 법률」 등 제반 법률에 따른 안전 보건 관리 활동을 하여야 하고, “강사”는 이에 적극 협조하여야 한다."
공연예술 기술지원 표준근로계약서,제1조(목적) 이 계약은 근로 조건 및 양 당사자 간의 권리와 의무를 명확히 정함으로써 분쟁을 사전에 예방하고 당사자의 상호 이익과 발전을 도모함을 목적으로 한다.
공연예술 기술지원 표준근로계약서,제2조(계약의 내용) 계약의 주요 내용은 다음과 같다.
공연예술 기술지원 표준근로계약서,제3조(계약 기간) ① 사업자의 계약 연장 또는 갱신의 통지가 없는 한 계약 기간의 만료로 이 계약에 의한 근로관계는 종료된 것으로 본다.
공연예술 기술지원 표준근로계약서,제3조(계약 기간) ② 계약 연장 또는 갱신하기 위해서 사용자는 근로조건을 명확히 하여 계약 기간 만료 ( )일 전에 통지하여야 하며 근로자가 이의를 제기하지 않는 한 근로자는 이에 동의하고 계약은 연장된 것으로 본다.
공연예술 기술지원 표준근로계약서,"제3조(계약 기간) ③ 계약 기간이 만료되었음에도 불구하고 근로자의 근로제공에 관하여 사용자가 이의를 제기하지 않은 경우, 근로 기간을 제외하고 종전과 동일한 근로조건으로 계약이 갱신된 것으로 본다."
공연예술 기술지원 표준근로계약서,제3조(계약 기간) ④ 제3항에 의해 갱신된 계약은 기간의 정함이 없는 계약으로 하며 양 당사자는 언제든지 계약을 해지할 수 있다.
공연예술 기술지원 표준근로계약서,"제4조(근로시간 및 휴가 등) ① 근로시간은 시 분부터 시 분까지(휴게시간 : 시 분 ~ 시 분)로 하며, 변경이 필요할 경우 최소 일 전 양 당사자 간 합의하여 정한다."
공연예술 기술지원 표준근로계약서,"제4조(근로시간 및 휴가 등) ② 사용자와 근로자는 「근로기준법」 제50조 내지 제53조에 따른 근로시간(1주간 40시간, 상호 합의 시 연장근로 1주간 12시간 포함)을 준수하여야 한다. 이 경우에는 대기시간 및 제작을 위해 필요불가결하게 걸리는 시간을 포함한다."
공연예술 기술지원 표준근로계약서,"제4조(근로시간 및 휴가 등) ③ 사용자는 근로자에게 근로시간이 4시간인 경우에는 30분 이상, 8시간인 경우에는 1시간 이상의 휴게시간을 근로시간 도중에 주어야 한다."
공연예술 기술지원 표준근로계약서,제4조(근로시간 및 휴가 등) ④ 사용자는 근로자가 1개월을 만근한 경우 「근로기준법」에 따라 1일의 유급휴가를 주어야 한다.
공연예술 기술지원 표준근로계약서,제4조(근로시간 및 휴가 등) ⑤ 사용자는 근로자에게 매주 정기적으로 휴일( 요일)을 부여하되 요일은 변경할 수 있다. 사용자가 제작 일정 등의 문제로 근로자에게 정기 휴일을 부여하기 어려운 경우 상호 협의하여 임금 추가 지급 등의 상응하는 대가를 지급하여야 한다.
공연예술 기술지원 표준근로계약서,제5조(임금의 기준 및 지급 방법) ① 사용자와 근로자는 다음 각 호와 같이 급여를 정한다. 1. 급여는 당사자 간 약정한 근로일수를 기준으로 정하되 최저임금제를 준수하여야 한다.
공연예술 기술지원 표준근로계약서,제5조(임금의 기준 및 지급 방법) ① 사용자와 근로자는 다음 각 호와 같이 급여를 정한다. 2. 용역 방식에 의한 임금 지급은 총액의 형태로 계산할 수 있으나 근로일수 및 근로시간을 기준으로 최저임금제를 준수하여야 한다.
공연예술 기술지원 표준근로계약서,제5조(임금의 기준 및 지급 방법) ② 임금의 지급은 현금으로 지급하거나 근로자 통장에 입금하여야 한다.
공연예술 기술지원 표준근로계약서,"제5조(임금의 기준 및 지급 방법) ③ 추가근로는 합의하여 정할 수 있으며, 연장근로(1일 근로시간이 8시간을 초과하는 시간의 근로)와 야간근로(오후 10시부터 오전 6시까지 사이의 근로) 및 8시간 이내의 휴일근로에 대해서는 ‘시간당 통상임금’의 100분의 50을 가산하고, 8시간을 초과하는 휴일근로에 대해서는 ‘시간당 통상임금’ 이상을 가산하여 지급하여야 한다."
공연예술 기술지원 표준근로계약서,제5조(임금의 기준 및 지급 방법) ④ 임금을 지급함에 있어 월 임금(기본급+초과수당)에서 근로소득세 및 보험료 중 근로자의 부담부분을 공제한 후 지급한다.
공연예술 기술지원 표준근로계약서,제6조(임금의 직접 청구) ① 사용자가 도급인으로부터 용역을 받은 경우에 사용자가 약정한 임금을 지급하지 않고 있고 도급인도 대금을 지급하지 않은 경우 근로자는 도급인에게 직접 임금을 청구할 수 있다.
공연예술 기술지원 표준근로계약서,제6조(임금의 직접 청구) ② 본 건 공연과 관련하여 사업이 여러 차례의 도급에 따라 행하여지는 경우에 상위 도급인의 귀책 사유로 근로자에게 임금을 지급하지 못한 경우에는 그 상위 도급인은 사용자와 연대하여 책임을 진다.
공연예술 기술지원 표준근로계약서,"제7조(실비변상) ① 근로자가 제2조의 업무 수행과 관련하여 사용자의 동의를 얻어 지출한 구입비, 임차료, 출장비 등의 비용에 대하여는 사용자의 부담으로 하며, 영수증을 제출한 날로부터 ( )일 이내에 지급한다. 다만, 증빙서류의 종류와 범위에 관하여는 상호 협의한다."
공연예술 기술지원 표준근로계약서,제7조(실비변상) ② 사용자가 근로자에게 업무와 관련 없이 근로자의 동의를 얻어 지급한 비용에 대해서도 근로자는 영수증을 받은 날로부터 ( )일 이내에 지급한다.
공연예술 기술지원 표준근로계약서,"제8조(사용자의 의무) ① 사용자는 근로자가 자신의 역량과 능력을 최대한 발휘할 수 있는 환경을 마련하고, 근로에 필요한 시설, 설비 등 인적‧물적 자원을 제공하여야 한다."
공연예술 기술지원 표준근로계약서,"제8조(사용자의 의무) ② 사용자는 근로환경의 위험요인을 사전에 확인하고 안전장구를 지급하는 등 근로자의 안전을 배려할 의무를 지며, 근로자의 근로 제공 과정에서 근로자의 생명, 신체, 건강에 대한 보호 의무를 다하여야 한다. 이를 위해 사용자는 담당자를 지정하고 안전을 위한 매뉴얼을 제작하게 하거나 이를 숙지하게 할 교육을 제공하여야 한다."
공연예술 기술지원 표준근로계약서,"제8조(사용자의 의무) ③ 동일한 장소에서 장기간에 걸쳐 고정적으로 작업하는 경우, 사용자는 근로자가 공연 제작 현장에서 충분히 휴식을 취할 수 있도록 편의(식사 및 휴게 공간 등)을 제공하여야 한다. 다만, 편의 제공이 곤란한 경우 사용자와 근로자는 상호 협의하여 정할 수 있다."
공연예술 기술지원 표준근로계약서,"제8조(사용자의 의무) ④ 사용자는 건전한 근로환경의 유지를 위해 근로자의 인격을 존중하고 평등한 기회를 제공하여야 하며, 근로자의 성별, 종교, 장애, 연령, 조합원 여부, 단기 고용 등을 이유로 차별하여서는 아니 된다."
공연예술 기술지원 표준근로계약서,제8조(사용자의 의무) ⑤ 사용자는 직장 내 성희롱·성폭력을 예방하여야 한다.
공연예술 기술지원 표준근로계약서,제9조(근로자의 의무) ① 근로자는 본 건 공연이 원활하게 진행될 수 있도록 업무 수행에 최선을 다하여야 한다.
공연예술 기술지원 표준근로계약서,제9조(근로자의 의무) ② 근로자는 업무와 관련하여 사용자 또는 사용자가 위임한 상급자의 업무지시 및 안전조치에 관한 제반 지시를 성실히 따라야 한다.
공연예술 기술지원 표준근로계약서,"제9조(근로자의 의무) ③ 근로자는 사용자의 동의가 없는 한 근로계약 기간 중 관련업에 겸직하거나 제3자와 거래할 수 없으며, 사용자의 경영상 이익에 반하는 행위를 하지 않는다."
공연예술 기술지원 표준근로계약서,"제9조(근로자의 의무) ④ 근로자는 업무 수행 중 습득한 정보에 대해 기밀을 유지하여야 하며, 계약 기간 만료 후에도 사용자의 동의 없이 관련 정보를 유출해서는 아니 된다."
공연예술 기술지원 표준근로계약서,제9조(근로자의 의무) ⑤ 근로자는 자신이 제공하는 역무가 타인의 저작권 및 기타 지식재산권을 비롯한 권리를 침해하지 않는 것을 보증한다.
공연예술 기술지원 표준근로계약서,"제9조(근로자의 의무) ⑥ 근로자는 직장 내 성희롱, 성폭력이 발생하지 않도록 노력하여야 한다."
공연예술 기술지원 표준근로계약서,제10조(보험 가입) ① 사용자는 근로자의 업무 수행 중 사고에 대비하여 상해보험 또는 산업재해보상보험에 가입하여야 한다. 다만 근로자가 법인인 경우 상호 협의하여 별도로 정할 수 있다.
공연예술 기술지원 표준근로계약서,제10조(보험 가입) ② 사용자는 근로자가 자신의 보험 가입 정보에 대한 확인 및 열람을 요청하는 경우 이에 성실하게 응하여야 한다.
공연예술 기술지원 표준근로계약서,"제10조(보험 가입) ③ 사용자는 근로자가 업무상 재해를 입은 경우, 상해보험 또는 「산업재해보상보험법」에 따라 보상받을 수 있도록 관련 업무처리에 성실히 협조하여야 한다."
공연예술 기술지원 표준근로계약서,제11조(계약의 변경) ① 사용자는 계약 기간을 연장 또는 단축하여야 할 업무상 사유가 발생할 경우 사유 발생일로부터 30일 이전에 근로자에게 알려주어야 한다.
공연예술 기술지원 표준근로계약서,"제11조(계약의 변경) ② 합리적이고 객관적인 사유가 발생하여 부득이하게 계약 내용의 변경이 필요한 경우에는 사용자와 근로자는 상호 합의하여 정하며, 근로조건의 변경사항에 대해서는 별도 서면(전자 서면을 포함)으로 작성하여야 한다."
공연예술 기술지원 표준근로계약서,제12조(지식재산권의 귀속) 본 공연과 관련하여 근로자가 제공한 모든 용역의 결과물 및 서비스에 관련된 지식재산권은 사용자에게 귀속된다. 다만 그 지식재산권이 권리로서 인정될 정도로 가치가 있는 경우 사용자는 근로자에게 정당한 보상을 하여야 한다.
공연예술 기술지원 표준근로계약서,제13조(권리·의무의 양도) ① 근로자는 본인의 근로제공을 사용자의 동의 없이 제3자에게 대리하거나 대행하게 할 수 없다.
공연예술 기술지원 표준근로계약서,제13조(권리·의무의 양도) ② 사용자는 근로자의 동의 없이 본 계약상 사용자의 지위를 제3자에게 이전할 수 없다.
공연예술 기술지원 표준근로계약서,"제14조(크레딧의 명기) ① 사용자는 공연물 및 공연물을 안내하는 전송, 복제, 배포에 있어 근로자의 역할과 성명을 명시한 크레딧을 명기하여야 한다. 다만, 근로의 제공을 완료하지 못한 경우에는 그러하지 아니하다."
공연예술 기술지원 표준근로계약서,"제14조(크레딧의 명기) ② 크레딧의 위치, 크기, 표시 방법 등은 상호 간 협의하거나 공연예술 업계의 관행에 따른다."
공연예술 기술지원 표준근로계약서,제15조(계약의 해제·해지 및 손해배상) ① 근로자는 부득이하게 계약을 해지하고자 할 경우 해지하고자 하는 날로부터 ( )일 전에 사용자에게 서면으로 해지의 의사표시를 하여야 한다.
공연예술 기술지원 표준근로계약서,제15조(계약의 해제·해지 및 손해배상) ② 근로자는 다음 각 호의 어느 하나에 해당하는 사유가 발생한 경우 2주의 기간을 정하여 그 이행을 최고하고 사용자가 그 기한 내에 이행하지 않으면 계약을 해지할 수 있다. 1. 사용자가 임금 지급을 2주 이상 연체한 경우
공연예술 기술지원 표준근로계약서,제15조(계약의 해제·해지 및 손해배상) ② 근로자는 다음 각 호의 어느 하나에 해당하는 사유가 발생한 경우 2주의 기간을 정하여 그 이행을 최고하고 사용자가 그 기한 내에 이행하지 않으면 계약을 해지할 수 있다. 2. 사용자가 공연 중단 등 노무 수령을 할 수 없는 상황이 2주 이상 지속되는 경우
공연예술 기술지원 표준근로계약서,"제15조(계약의 해제·해지 및 손해배상) ③ 사용자와 근로자는 다음 각 호의 어느 하나에 해당하는 사유가 발생한 경우에는 본 계약의 전부 또는 일부를 해제·해지할 수 있다. 이러한 경우에 상대방에게 지체없이 서면으로 통지하여야 하며, 7일 이내에 서면으로 이의 제기가 없을 경우 계약이 해제·해지된 것으로 본다. 1. 회사의 사실상의 파산, 기타 천재지변 등 불가항력적인 사정으로 인하여 본 건 공연이 더 이상 불가능할 경우"
공연예술 기술지원 표준근로계약서,"제15조(계약의 해제·해지 및 손해배상) ③ 사용자와 근로자는 다음 각 호의 어느 하나에 해당하는 사유가 발생한 경우에는 본 계약의 전부 또는 일부를 해제·해지할 수 있다. 이러한 경우에 상대방에게 지체없이 서면으로 통지하여야 하며, 7일 이내에 서면으로 이의 제기가 없을 경우 계약이 해제·해지된 것으로 본다. 2. 근로자가 사망 또는 질병과 같은 건강상의 이유 등으로 계약 내용을 이행할 수 없다고 인정될 경우"
공연예술 기술지원 표준근로계약서,"제15조(계약의 해제·해지 및 손해배상) ③ 사용자와 근로자는 다음 각 호의 어느 하나에 해당하는 사유가 발생한 경우에는 본 계약의 전부 또는 일부를 해제·해지할 수 있다. 이러한 경우에 상대방에게 지체없이 서면으로 통지하여야 하며, 7일 이내에 서면으로 이의 제기가 없을 경우 계약이 해제·해지된 것으로 본다. 3. 사용자 또는 근로자가 본 계약의 중요한 내용을 이행하지 아니하거나 위반한 경우"
공연예술 기술지원 표준근로계약서,"제15조(계약의 해제·해지 및 손해배상) ③ 사용자와 근로자는 다음 각 호의 어느 하나에 해당하는 사유가 발생한 경우에는 본 계약의 전부 또는 일부를 해제·해지할 수 있다. 이러한 경우에 상대방에게 지체없이 서면으로 통지하여야 하며, 7일 이내에 서면으로 이의 제기가 없을 경우 계약이 해제·해지된 것으로 본다. 4. 사용자의 정당한 지시에도 근로자가 지속적으로 불응하거나 근로자의 능력이 부족하여 계약 내용을 이행할 수 없다고 인정되는 상당한 이유가 있는 경우"
공연예술 기술지원 표준근로계약서,"제15조(계약의 해제·해지 및 손해배상) ③ 사용자와 근로자는 다음 각 호의 어느 하나에 해당하는 사유가 발생한 경우에는 본 계약의 전부 또는 일부를 해제·해지할 수 있다. 이러한 경우에 상대방에게 지체없이 서면으로 통지하여야 하며, 7일 이내에 서면으로 이의 제기가 없을 경우 계약이 해제·해지된 것으로 본다. 5. 사용자 또는 근로자가 성폭력, 성추행, 성희롱 그밖에 성적인 범죄를 저질러 계약의 이행에 지장을 초래한 경우"
공연예술 기술지원 표준근로계약서,제15조(계약의 해제·해지 및 손해배상) ④ 사용자 또는 근로자는 자신의 귀책 사유로 인해 상대방에게 발생한 손해에 대해서는 배상할 책임이 있다. 이때 제3항의 해제·해지는 손해배상청구에 영향을 주지 아니한다.
공연예술 기술지원 표준근로계약서,"제16조(금품청산) ① 사용자는 계약 종료 후 ( )일 이내에 근로자에게 임금, 진행비, 그 밖에 일체의 금품을 지급하여야 한다. 다만, 특별한 사정이 있을 경우에는 당사자 사이의 합의로 기일을 연장할 수 있다."
공연예술 기술지원 표준근로계약서,"제16조(금품청산) ② 사용자가 제1항의 금품의 전부 또는 일부를 ( )일 이내에 지급하지 아니한 경우, 그 다음 날부터 지급하는 날까지의 지연 일수에 대하여 연 12%의 지연이자를 지급하여야 한다. 다만, 사용자가 천재·사변 등의 사유에 따라 임금 지급을 지연하는 경우 그 사유가 존속하는 기간에는 적용하지 아니한다."
공연예술 기술지원 표준근로계약서,"제17조(이의 및 분쟁의 해결) ① 사용자와 근로자는 본 계약 및 개별 계약에 명시되지 아니한 사항 또는 계약의 해석에 다툼이 있는 경우에는 상호 협의하여 해결하도록 노력하되, 최종적으로는 「근로기준법」에 따른다."
공연예술 기술지원 표준근로계약서,제17조(이의 및 분쟁의 해결) ② 본 계약과 관련하여 양 당사자 사이에 발생한 이의 및 분쟁에 대해서는 우선 ‘예술인 신문고’ 또는 「콘텐츠산업진흥법」 제29조에 따른 콘텐츠분쟁조정위원회의 분쟁조정을 통한 해결을 모색할 수 있다.
공연예술 기술지원 표준근로계약서,제17조(이의 및 분쟁의 해결) ③ 부득이하게 민사소송이 제기된 경우 법령에 정한 절차에 따른 법원을 관할 법원으로 한다.
공연예술 기술지원 표준근로계약서,제18조(효력의 발생) 본 계약의 효력은 계약 체결일로부터 발생한다.
공연예술 기술지원 표준용역계약서,제1조(목적) 본 계약은 기획·제작사가 제작하는 공연을 위하여 필요한 용역(무대·소품·의상·분장·조명·음향 기타 장치 및 설비 등 제작·납품 또는 대여 등)의 내용 중 이하에서 구체적으로 정하는 사항을 제공하기로 합의하고 이에 필요한 당사자 간의 권리와 의무를 정함을 목적으로 한다.
공연예술 기술지원 표준용역계약서,"제2조(계약의 기본 원칙) 기획·제작사와 협력사는 본 계약에 따른 용역 제공 등을 완료하고 그 대금을 지급함에 있어 상호 대등한 입장에서 신의성실의 원칙에 따라야 하며 「예술인 복지법」 및 「공연법」, 「산업재해보상보험법」, 「산업안전보건법」 등 관련 법령을 준수하여야 한다."
공연예술 기술지원 표준용역계약서,"제3조(계약의 내용) 본 계약의 주된 내용의 요약은 다음과 같으며, 각 세부 사항은 본 계약 제4조부터 제19조에서 정한 바와 같다."
공연예술 기술지원 표준용역계약서,제4조(계약 기간 등) ① 본 계약의 기간은 제3조에 기재한 기간으로 하며 기획·제작사와 협력사가 문서(전자 문서를 포함)를 통해 별도로 계약 연장 또는 갱신을 정하지 아니할 경우 본 계약은 계약 기간의 만료로 종료된다.
공연예술 기술지원 표준용역계약서,제4조(계약 기간 등) ② 제1항에서와 같이 기획·제작사와 협력사가 별도로 계약 연장 또는 갱신을 합의할 경우 변경한 부분을 제외하고는 기존 계약 내용을 그대로 유지하기로 한다.
공연예술 기술지원 표준용역계약서,"제5조(용역 제공 내용에 관한 협의사항 확인 등) ① 기획·제작사와 협력사는 계약 체결 단계에서 다음 각 호의 내용을 충분히 반영하여 거래 조건을 설정하기로 하고, 계약 체결 후 지체없이 협의된 다음 각 호에 해당하는 내용을 별도의 문서(전자 문서를 포함)로 작성·확인하기로 한다(별도의 문서도 본 계약의 내용으로 포함된다). 1. 용역 제공 일정표"
공연예술 기술지원 표준용역계약서,"제5조(용역 제공 내용에 관한 협의사항 확인 등) ① 기획·제작사와 협력사는 계약 체결 단계에서 다음 각 호의 내용을 충분히 반영하여 거래 조건을 설정하기로 하고, 계약 체결 후 지체없이 협의된 다음 각 호에 해당하는 내용을 별도의 문서(전자 문서를 포함)로 작성·확인하기로 한다(별도의 문서도 본 계약의 내용으로 포함된다). 2. 용역 제공 일정별 예상 투입인력(경력에 따른 임금산정을 포함) 및 장비 투입 계획"
공연예술 기술지원 표준용역계약서,"제5조(용역 제공 내용에 관한 협의사항 확인 등) ① 기획·제작사와 협력사는 계약 체결 단계에서 다음 각 호의 내용을 충분히 반영하여 거래 조건을 설정하기로 하고, 계약 체결 후 지체없이 협의된 다음 각 호에 해당하는 내용을 별도의 문서(전자 문서를 포함)로 작성·확인하기로 한다(별도의 문서도 본 계약의 내용으로 포함된다). 3. 업무별 대금 산출 세부 내역서(견적서)"
공연예술 기술지원 표준용역계약서,"제5조(용역 제공 내용에 관한 협의사항 확인 등) ① 기획·제작사와 협력사는 계약 체결 단계에서 다음 각 호의 내용을 충분히 반영하여 거래 조건을 설정하기로 하고, 계약 체결 후 지체없이 협의된 다음 각 호에 해당하는 내용을 별도의 문서(전자 문서를 포함)로 작성·확인하기로 한다(별도의 문서도 본 계약의 내용으로 포함된다). 4. 기타 본 계약상 용역 제공과 관련하여 필요하다고 기획·제작사와 협력사가 협의하여 정한 특약사항 및 이와 관련된 서류"
공연예술 기술지원 표준용역계약서,"제5조(용역 제공 내용에 관한 협의사항 확인 등) ② 제1항 각호의 내용이 본 계약의 목적과 일치하지 아니하거나 부적합한 경우 기획·제작사는 그 기간을 정하여 문서(전자 문서를 포함)로 협력사에 수정을 요구할 수 있다. 협력사는 기획·제작사와 최종 협의된 수정 내용을 지체없이 기획·제작사에 문서로 통지하여야 하며, 기획·제작사는 통지를 받은 날로부터 3일 이내에 문서로 이의를 제기할 수 있다."
공연예술 기술지원 표준용역계약서,"제5조(용역 제공 내용에 관한 협의사항 확인 등) ③ 기획·제작사는 본 계약에 따른 용역 제공이 완료되기 전까지 필요한 지시를 할 수 있다. 다만, 협력사가 그 지시를 따르기에 부적합한 사유가 있다고 판단할 경우에는 협의하여 달리 정할 수 있다."
공연예술 기술지원 표준용역계약서,"제5조(용역 제공 내용에 관한 협의사항 확인 등) ④ 협력사와 기획·제작사는 상호 요구 사항을 수용하기 위하여 필요한 경우 대리인의 역할을 수행할 업무 담당자의 지정을 요청할 수 있으며, 정당한 이유가 없는 한 이에 응하여야 한다. 지정된 업무 담당자는 본 계약과 관련된 사항에 대한 결정, 의사표시의 전달 및 수령 등에 대한 적법한 대리권이 존재하는 것으로 본다."
공연예술 기술지원 표준용역계약서,"제6조(대금의 결정 및 조정) ① 본 계약에 따른 용역 대금은 제3조에서 명시한 금액과 같으며, 이는 제5조 제1항 각호의 사항과 재료비, 노무비, 경비, 적정 수익 등을 고려하여 기획·제작사와 협력사가 협의를 통하여 정한 것이다."
공연예술 기술지원 표준용역계약서,"제6조(대금의 결정 및 조정) ② 본 계약 체결 후 제5조에 따른 용역 제공 내용의 변동으로 추가 비용이 발생한 경우, 협력사는 기획·제작사에 대금의 조정을 요청할 수 있으며, 기획·제작사는 요청을 받은 날로부터 7일 이내에 대금 조정을 위한 협의를 개시하여야 한다."
공연예술 기술지원 표준용역계약서,"제6조(대금의 결정 및 조정) ③ 협력사는 제5조에서 미리 합의된 내용을 기획·제작사의 동의 없이 임의로 변경하여서는 아니 되며, 이를 위반한 경우에는 추가 비용을 청구할 수 없다."
공연예술 기술지원 표준용역계약서,"제7조(지체상금 등) ① 기획·제작사는 제3조에서 정한 기한 내에 협력사에 대금을 지급하여야 하고, 이를 지체할 경우 지급해야 할 용역 대금의 연 6%의 비율에 의한 금원을 가산하도록 한다."
공연예술 기술지원 표준용역계약서,제7조(지체상금 등) ② 협력사가 제3조에서 정한 기한 내에 본 계약에 따른 용역 업무를 완료하지 못한 경우 지체일수에 대하여 용역 대금의 ( )/1000을 곱한 금액을 지체상금으로 지급하여야 한다. 이러한 경우에 기획·제작사는 협력사에 지급해야 할 용역 대금이 남아있을 경우 위 지체상금을 용역 대금에서 공제할 수 있다.
공연예술 기술지원 표준용역계약서,제7조(지체상금 등) ③ 지체상금을 정함에 있어 다음 각 호의 어느 하나에 해당할 경우에는 제2항의 지체일수로 산정하지 아니한다. 1. 천재지변 등 불가항력의 사유에 의한 경우
공연예술 기술지원 표준용역계약서,제7조(지체상금 등) ③ 지체상금을 정함에 있어 다음 각 호의 어느 하나에 해당할 경우에는 제2항의 지체일수로 산정하지 아니한다. 2. 기획·제작사의 책임으로 수급 업무의 착수가 지연되거나 수급 업무의 수행이 중단 또는 검수가 지연된 경우
공연예술 기술지원 표준용역계약서,제7조(지체상금 등) ③ 지체상금을 정함에 있어 다음 각 호의 어느 하나에 해당할 경우에는 제2항의 지체일수로 산정하지 아니한다. 3. 본 계약 체결 후 기획·제작사의 요청에 따라 협력사의 용역 수행이 잠정적으로 중단된 경우 그 기간
공연예술 기술지원 표준용역계약서,제7조(지체상금 등) ③ 지체상금을 정함에 있어 다음 각 호의 어느 하나에 해당할 경우에는 제2항의 지체일수로 산정하지 아니한다. 4. 기타 협력사의 책임에 속하지 않은 사유로 인하여 용역 수행이 지체된 경우
공연예술 기술지원 표준용역계약서,"제8조(대금의 직접 지급 요청 등) ① 계약 기간 중 기획·제작사에 다음 각 호의 어느 하나에 해당하는 사유가 발생한 경우 협력사는 기획·제작사에 금원을 지급하기로 한 제3자(이하 ‘제3채무자’)에게 용역 제공이 완료된 부분에 해당하는 용역 대금을 직접 자신에게 지급하도록 요청할 수 있다. 기획·제작사는 협력사의 제3채무자에 대한 직접적인 권리행사를 위해 채권양도의 통지가 필요한 경우 민법상의 필요한 절차를 즉시 취해주어야 하며, 협력사가 직접 통지할 필요가 있는 경우 채권양도 통지에 대한 대리권을 수여한 것으로 합의한다. 1. 기획·제작사의 지급정지·파산, 그 밖에 이와 유사한 사유가 있거나 사업에 관한 허가·인가·면허·등록 등의 취소, 그 밖의 사유로 기획·제작사가 대금을 지급할 수 없게 된 경우"
공연예술 기술지원 표준용역계약서,"제8조(대금의 직접 지급 요청 등) ① 계약 기간 중 기획·제작사에 다음 각 호의 어느 하나에 해당하는 사유가 발생한 경우 협력사는 기획·제작사에 금원을 지급하기로 한 제3자(이하 ‘제3채무자’)에게 용역 제공이 완료된 부분에 해당하는 용역 대금을 직접 자신에게 지급하도록 요청할 수 있다. 기획·제작사는 협력사의 제3채무자에 대한 직접적인 권리행사를 위해 채권양도의 통지가 필요한 경우 민법상의 필요한 절차를 즉시 취해주어야 하며, 협력사가 직접 통지할 필요가 있는 경우 채권양도 통지에 대한 대리권을 수여한 것으로 합의한다. 2. 제3채무자가 대금을 직접 협력사에 지급하기로 제3채무자, 기획·제작사 및 협력사 간에 합의한 경우"
공연예술 기술지원 표준용역계약서,"제8조(대금의 직접 지급 요청 등) ① 계약 기간 중 기획·제작사에 다음 각 호의 어느 하나에 해당하는 사유가 발생한 경우 협력사는 기획·제작사에 금원을 지급하기로 한 제3자(이하 ‘제3채무자’)에게 용역 제공이 완료된 부분에 해당하는 용역 대금을 직접 자신에게 지급하도록 요청할 수 있다. 기획·제작사는 협력사의 제3채무자에 대한 직접적인 권리행사를 위해 채권양도의 통지가 필요한 경우 민법상의 필요한 절차를 즉시 취해주어야 하며, 협력사가 직접 통지할 필요가 있는 경우 채권양도 통지에 대한 대리권을 수여한 것으로 합의한다. 3. 용역 대금을 분할하여 지급할 경우 기획·제작사가 협력사에 총 2회분 이상의 대금 지급기일을 위반한 경우"
공연예술 기술지원 표준용역계약서,제8조(대금의 직접 지급 요청 등) ② 기획·제작사는 제3채무자에게 협력사의 계약 위반 사실을 증명하여 제1항에 따른 대금의 직접 지급 중지를 요청할 수 있다.
공연예술 기술지원 표준용역계약서,제8조(대금의 직접 지급 요청 등) ③ 제1항에 따라 협력사가 제3채무자에게 대금을 직접 청구하기 위해 기성부분의 확인 등이 필요한 경우 기획·제작사는 지체없이 이에 필요한 조치를 이행한다.
공연예술 기술지원 표준용역계약서,제8조(대금의 직접 지급 요청 등) ④ 협력사가 제3채무자로부터 용역 대금을 직접 수령한 경우 협력사는 기획·제작사 및 제3채무자에게 용역 대금의 사용내역을 대금 수령일로부터 14일 이내에 통보한다.
공연예술 기술지원 표준용역계약서,"제9조(미지급 임금 등의 지급 요구) ① 협력사가 용역 대금의 전부 또는 일부를 지급받았음에도 근로자에게 임금 등을 지급하지 않은 경우 기획·제작사는 협력사에 이를 지급할 것을 요구할 수 있으며, 협력사는 지체없이 이를 따라야 한다."
공연예술 기술지원 표준용역계약서,"제9조(미지급 임금 등의 지급 요구) ② 협력사가 제1항에 따른 기획·제작사의 요구에 응하지 아니하여 근로자가 기획·제작사에 임금 등의 지급을 요청하거나 또는 기타 공연의 준비에 지장을 초래할 경우 기획·제작사는 협력사에 지급해야 할 잔여 용역 대금에서 근로자에게 임금 등을 직접 지급할 수 있으며, 지체없이 그 지급내역을 문서로 협력사에 통지한다."
공연예술 기술지원 표준용역계약서,"제9조(미지급 임금 등의 지급 요구) ③ 기획·제작사는 제2항에 따라 임금 등의 직접 지급 전에 그 사실을 협력사에 통지하여야 하며, 협력사는 이에 즉시 이의를 제기할 수 있다."
공연예술 기술지원 표준용역계약서,"제9조(미지급 임금 등의 지급 요구) ④ 기획·제작사가 근로자에게 임금 등을 지급하기 전에 협력사는 자신이 먼저 미지급 임금 등을 근로자에게 지급하고, 그 사실을 기획·제작사에 통지한다. 이러한 경우에 기획·제작사는 지급기한이 도래한 용역 대금을 지체없이 협력사에 지급한다."
공연예술 기술지원 표준용역계약서,"제10조(완수 검사 및 하자 보수 등) ① 기획·제작사는 협력사와 협의하여 본 계약상 용역 업무(무대 세트, 조명·음향·영상장비의 설치 등)에 대한 완수 여부를 확인하기 위한 객관적이고 공정 타당한 검사의 기준과 방법을 선택하여야 한다. 이러한 경우에 기획·제작사는 별도의 검사인을 지정할 수 있으며, 별도로 지정하지 않은 경우에는 제5조 제4항에서 정한 업무 담당자를 검사인으로 본다."
공연예술 기술지원 표준용역계약서,"제10조(완수 검사 및 하자 보수 등) ② 협력사는 본 계약에 따른 용역 제공을 완료한 후, 기획·제작사에 완수 검사를 요청할 수 있으며, 기획·제작사는 검사 요청을 받은 날로부터 7일(필요한 경우 당사자의 합의로 검사 기간을 달리 정할 수 있다) 이내에 완수 여부를 확인해주어야 한다(이 기간 내 완수 여부를 통지하지 아니하거나 검사 합격 여부의 통지를 하지 아니하고 기획·제작사가 용역 제공된 내용을 사용한 경우에는 검사에 합격한 것으로 본다)."
공연예술 기술지원 표준용역계약서,"제10조(완수 검사 및 하자 보수 등) ③ 기획·제작사의 검사 결정에 이의가 있을 경우 협력사는 재검사를 요청할 수 있으며, 기획·제작사는 지체없이 재검사하여야 한다."
공연예술 기술지원 표준용역계약서,"제10조(완수 검사 및 하자 보수 등) ④ 용역 제공 내용에 대한 검사 결과 수급 업무에 하자가 있는 경우 기획·제작사는 협력사에 하자의 보수를 청구할 수 있다. 다만, 다음 각 호의 경우에는 그러하지 아니하다. 1. 수급 업무의 하자가 기획·제작사의 요청 또는 지시 등에 따라 발생한 경우"
공연예술 기술지원 표준용역계약서,"제10조(완수 검사 및 하자 보수 등) ④ 용역 제공 내용에 대한 검사 결과 수급 업무에 하자가 있는 경우 기획·제작사는 협력사에 하자의 보수를 청구할 수 있다. 다만, 다음 각 호의 경우에는 그러하지 아니하다. 2. 수급 업무의 하자가 기획·제작사가 공급한 설비 또는 자재로 인하여 발생한 경우"
공연예술 기술지원 표준용역계약서,제10조(완수 검사 및 하자 보수 등) ⑤ 제4항의 하자가 중대하고 완전물급부 또는 하자 보수가 불가능하여 수급 사무의 목적을 달성할 수 없는 경우 기획·제작사는 본 계약을 해제 또는 해지할 수 있다.
공연예술 기술지원 표준용역계약서,제11조(부당한 위탁취소 및 변경 금지) 기획·제작사는 정당한 이유 없이 협력사의 책임으로 볼만한 사유가 없음에도 불구하고 본 계약의 내용을 임의로 취소하거나 일방적으로 변경하는 행위를 하여서는 아니 된다.
공연예술 기술지원 표준용역계약서,제12조(안전배려의무 등) ① 기획·제작사가 협력사의 본 계약에 따른 용역을 제공할 장소를 지정하거나 이를 제공한 경우 안전사고의 방지를 위하여 협력사에 다음 각 호의 사항에 대한 설명 및 정보제공을 하여야 한다. 1. 용역 수행 장소의 위험성과 작업의 순서 및 동선(動線)에 관한 사항
공연예술 기술지원 표준용역계약서,제12조(안전배려의무 등) ① 기획·제작사가 협력사의 본 계약에 따른 용역을 제공할 장소를 지정하거나 이를 제공한 경우 안전사고의 방지를 위하여 협력사에 다음 각 호의 사항에 대한 설명 및 정보제공을 하여야 한다. 2. 작업 개시 전 점검에 관한 사항
공연예술 기술지원 표준용역계약서,제12조(안전배려의무 등) ① 기획·제작사가 협력사의 본 계약에 따른 용역을 제공할 장소를 지정하거나 이를 제공한 경우 안전사고의 방지를 위하여 협력사에 다음 각 호의 사항에 대한 설명 및 정보제공을 하여야 한다. 3. 용역 수행 장소의 보호 장비 및 안전장치의 취급과 사용에 관한 사항
공연예술 기술지원 표준용역계약서,"제12조(안전배려의무 등) ① 기획·제작사가 협력사의 본 계약에 따른 용역을 제공할 장소를 지정하거나 이를 제공한 경우 안전사고의 방지를 위하여 협력사에 다음 각 호의 사항에 대한 설명 및 정보제공을 하여야 한다. 4. 정리, 정돈 및 청소에 관한 사항"
공연예술 기술지원 표준용역계약서,제12조(안전배려의무 등) ① 기획·제작사가 협력사의 본 계약에 따른 용역을 제공할 장소를 지정하거나 이를 제공한 경우 안전사고의 방지를 위하여 협력사에 다음 각 호의 사항에 대한 설명 및 정보제공을 하여야 한다. 5. 그 밖에 공연장의 안전 관리에 관하여 필요한 사항
공연예술 기술지원 표준용역계약서,"제12조(안전배려의무 등) ② 기획·제작사가 지정하거나 제공한 장소가 업무를 수행함에 있어서 요구되는 안전요건을 갖추지 못한 경우 협력사는 장소의 변경 또는 안전시설의 보완 등을 요구할 수 있으며, 기획·제작사는 이에 성실히 응하여야 한다."
공연예술 기술지원 표준용역계약서,"제12조(안전배려의무 등) ③ 협력사는 기획·제작사의 안전조치에 관한 지시에 따라야 하며, 기획·제작사와 협력사는 본 계약상의 용역 업무를 수행함에 있어 안전사고가 발생하지 않도록 상호 성실히 협력하여야 한다."
공연예술 기술지원 표준용역계약서,제13조(재위탁의 금지 등) ① 기획·제작사 또는 협력사는 본 계약상의 권리 또는 의무를 상대방의 동의 없이 제3자에게 양도하거나 담보를 설정하는 등 처분행위를 할 수 없다. 특히 협력사는 기획·제작사의 동의 없이 수급 업무의 전부 또는 일부를 제3자에게 재위탁할 수 없다.
공연예술 기술지원 표준용역계약서,제13조(재위탁의 금지 등) ② 제1항에 의하여 기획·제작사의 동의를 얻어 용역 내용의 전부 또는 일부를 제3자에게 위탁하는 경우에도 협력사는 본 계약에서 정한 기획·제작사에 대한 자신의 이행의무를 면할 수 없다.
공연예술 기술지원 표준용역계약서,"제14조(크레딧의 명기) ① 기획·제작사는 공연물 및 공연물을 안내하는 제작물에 협력사의 역할과 성명을 표시한 크레딧을 명기하여야 한다. 다만, 협력사가 수급 업무의 제공을 완료하지 못한 경우에는 그러하지 아니하다."
공연예술 기술지원 표준용역계약서,"제14조(크레딧의 명기) ② 크레딧의 위치, 크기, 표시 방법 등은 상호 간 협의하거나 공연예술 업계의 관례에 따른다."
공연예술 기술지원 표준용역계약서,제15조(지식재산권의 귀속 및 물품의 반환 등) ① 이 계약에 따른 창작물에 대한 저작권 등 지식재산권의 귀속 및 행사는 「저작권법」 등 관련 법률의 정함에 따르기로 한다.
공연예술 기술지원 표준용역계약서,"제15조(지식재산권의 귀속 및 물품의 반환 등) ② 기획·제작사가 본 계약 기간의 종료에도 불구하고 창작물을 계속 이용하고자 하는 경우에는 그 사용 기간 및 방법, 이용허락의 대가 등에 대해 저작권자와 별도로 협의하기로 한다."
공연예술 기술지원 표준용역계약서,제15조(지식재산권의 귀속 및 물품의 반환 등) ③ 기획·제작사가 합리적 대가를 지급하지 않은 협력사의 기획·시안 등에 대해서 기획·제작사는 협력사의 동의 없이 이를 무단 사용하여서는 안 된다.
공연예술 기술지원 표준용역계약서,제15조(지식재산권의 귀속 및 물품의 반환 등) ④ 기획·제작사와 협력사는 계약 과정에서 알게 된 상대방의 정보를 부당하게 이용하거나 제3자에게 제공하여서는 안 된다.
공연예술 기술지원 표준용역계약서,제15조(지식재산권의 귀속 및 물품의 반환 등) ⑤ 공연 종료 후 협력사의 창작물의 반환이나 폐기가 필요한 경우 구체적인 방법에 대하여는 별도 협의하기로 한다.
공연예술 기술지원 표준용역계약서,제16조 (계약의 변경) 합리적이고 객관적인 사유가 발생하여 부득이하게 본 계약 내용의 변경이 필요한 경우에는 기획·제작사와 협력사는 상호 협의하여 문서(전자 문서를 포함)로써 계약을 변경할 수 있다.
공연예술 기술지원 표준용역계약서,제17조(계약의 해제 또는 해지) 기획·제작사 또는 협력사는 다음 각 호의 어느 하나에 해당하는 사유가 발생한 경우에는 본 계약의 전부 또는 일부를 해제 또는 해지할 수 있다. 1. 기획·제작사 또는 협력사가 본 계약의 중요한 내용을 위반하여 그 시정을 요청받았음에도 불구하고 이에 응하지 않은 경우
공연예술 기술지원 표준용역계약서,제17조(계약의 해 해지) 기획·제작사 또는 협력사는 다음 각 호의 어느 하나에 해당하는 사유가 발생한 경우에는 본 계약의 전부 또는 일부를 해제 또는 해지할 수 있다. 2. 기획·제작사 또는 협력사가 감독관청으로부터 영업정지 또는 취소 등의 행정처분을 받아 더 이상 업무를 수행할 수 없는 경우
공연예술 기술지원 표준용역계약서,"제17조(계약의 해 해지) 기획·제작사 또는 협력사는 다음 각 호의 어느 하나에 해당하는 사유가 발생한 경우에는 본 계약의 전부 또는 일부를 해제 또는 해지할 수 있다. 3. 기획·제작사 또는 협력사에 소속된 자가 본 계약과 관련된 구성원들에게 성폭력, 성추행, 성희롱 그밖에 성적인 범죄를 저질러 계약의 이행에 지장을 초래한 경우"
공연예술 기술지원 표준용역계약서,"제17조(계약의 해 해지) 기획·제작사 또는 협력사는 다음 각 호의 어느 하나에 해당하는 사유가 발생한 경우에는 본 계약의 전부 또는 일부를 해제 또는 해지할 수 있다. 4. 기획·제작사와 협력사가 협의한 시설, 장비, 인력 등의 제공 의무가 원만히 이행되지 아니하거나 필요한 업무협력이 이루어지지 않아 협력사가 수급한 업무를 이행함에 있어 현저하게 어려움이 발생한 경우"
공연예술 기술지원 표준용역계약서,제17조(계약의 해 해지) 기획·제작사 또는 협력사는 다음 각 호의 어느 하나에 해당하는 사유가 발생한 경우에는 본 계약의 전부 또는 일부를 해제 또는 해지할 수 있다. 5. 기획·제작사가 정당한 사유 없이 협력사의 수급 업무 수행에 필요한 사항의 협력행위를 이행하지 아니하거나 지체하여 협력사의 업무 수행에 지장을 초래한 경우
공연예술 기술지원 표준용역계약서,제17조(계약의 해 해지) 기획·제작사 또는 협력사는 다음 각 호의 어느 하나에 해당하는 사유가 발생한 경우에는 본 계약의 전부 또는 일부를 해제 또는 해지할 수 있다. 6. 기획·제작사 또는 협력사의 파산 등 계약목적의 달성이 사실상 곤란하다고 인정할 수 있는 객관적인 사유가 발생한 경우
공연예술 기술지원 표준용역계약서,제18조(손해배상) ① 기획·제작사 또는 협력사는 자신의 귀책 사유로 인하여 본 계약의 전부 또는 일부가 해제 또는 해지됨으로써 발생한 손해에 대해 상대방에게 손해배상책임이 있다. 다만 천재지변 등 불가항력으로 인하여 발생한 손해에 대해서는 그러하지 아니하다.
공연예술 기술지원 표준용역계약서,제18조(손해배상) ② 협력사의 장비 등이 기획·제작사의 고의 또는 과실로 파손되는 경우 기획·제작사는 손해배상책임이 있다.
공연예술 기술지원 표준용역계약서,제18조(손해배상) ③ 협력사의 귀책 사유로 인하여 기획·제작사의 공연에 지장을 초래한 경우 협력사는 기획·제작사에 손해배상책임이 있다.
공연예술 기술지원 표준용역계약서,제19조(이의 및 분쟁의 해결) ① 기획·제작사와 협력사가 본 계약 및 개별 계약에 명시되지 않은 사항 또는 계약의 해석에 이견이 있는 경우 상호 협의하여 해결하도록 노력하여야 한다.
공연예술 기술지원 표준용역계약서,제19조(이의 및 분쟁의 해결) ② 협력사는 정당한 이유 없이 용역 대금의 미지급 등 기획·제작사의 의무 불이행을 이유로 이미 설치 완료된 기획·제작사의 공연 진행에 필요한 시설을 무단 회수하는 등 상대방의 업무를 방해하는 행위를 하여서는 아니 된다.
공연예술 기술지원 표준용역계약서,제19조(이의 및 분쟁의 해결) ③ 제1항의 규정에도 불구하고 분쟁이 해결되지 않을 경우 다음에서 선택하는 분쟁 해결의 방법에 따르기로 한다. □ 중재1) : 본 계약에서 발생하는 모든 분쟁은 대한상사중재원에서 국내 중재 규칙에 따라 중재로 해결한다.
공연예술 기술지원 표준용역계약서,제19조(이의 및 분쟁의 해결) ③ 제1항의 규정에도 불구하고 분쟁이 해결되지 않을 경우 다음에서 선택하는 분쟁 해결의 방법에 따르기로 한다. □ 분쟁 조정 : 한국공정거래조정원에 설치된 하도급분쟁조정협의회에 분쟁 조정 절차를 신청할 수 있다.
공연예술 기술지원 표준용역계약서,제19조(이의 및 분쟁의 해결) ③ 제1항의 규정에도 불구하고 분쟁이 해결되지 않을 경우 다음에서 선택하는 분쟁 해결의 방법에 따르기로 한다. □ 소송 : 계약 당사자 쌍방의 관할 법원에 소송을 제기할 수 있다.
공연예술 기술지원 표준용역계약서,제20조(특약사항) 기획·제작사와 협력사는 다음과 같은 사항을 특약사항으로 정하기로 한다. 1. 2. 3. 4.
대중문화예술분야 연습생 표준계약서,"제1조(목적 및 정의) ① 이 계약의 목적은 기획업자와 연습생이 상호 발전을 위해 적극적으로 협력하는 것을 전제로, 기획업자는 연습생의 재능과 자질이 최대한 발휘될 수 있도록 훈련제공 등의 투자를 하며, 연습생은 기획업자가 제공하는 훈련 등에 충실히 임하고 자기개발을 위해 노력함으로써 상호 발전과 이익을 도모하는 데 있다."
대중문화예술분야 연습생 표준계약서,제1조(목적 및 정의) ② 이 계약에서 “연습생”이란 대중문화예술용역을 제공할 의사를 가지고 대중문화예술인의 직업수행에 필요한 능력의 습득ㆍ향상을 목적으로 하는 훈련을 제공받기 위하여 기획업자와 계약을 체결하는 사람을 말한다.
대중문화예술분야 연습생 표준계약서,제2조(계약기간) ① 이 계약의 계약기간은 _______년 _______월 _______일부터 _______년 _______월 _______일까지( _______년 _______개월 )로 한다.
대중문화예술분야 연습생 표준계약서,제2조(계약기간) ② 제1항에 따른 계약기간은 3년을 초과할 수 없다.
대중문화예술분야 연습생 표준계약서,제2조(계약기간) ③ 이 계약의 적용범위는 대한민국을 포함한 전 세계 지역으로 한다.
대중문화예술분야 연습생 표준계약서,"제3조(기획업자의 권한 및 의무) ① 기획업자는 연습생이 대중문화예술인으로 성장하는 데 필요한 훈련(예를 들어, 연기, 보컬, 안무 등을 말하며, 이하 ‘훈련활동’이라 한다)을 연습생에게 제공하며, 이 계약에 따른 연습생의 의무를 성실히 이행할 것을 연습생에게 요청할 수 있다."
대중문화예술분야 연습생 표준계약서,"제3조(기획업자의 권한 및 의무) ② 기획업자는 이 계약에 따른 연습생의 의무 이외에 연습생의 사생활이나 인이나 인격권을 침해하거나 침해할 우려가 있는 행위를 요구하여서는 아니 되며, 부당한 금품을 요구하여서도 아니 된다."
대중문화예술분야 연습생 표준계약서,제3조(기획업자의 권한 및 의무) ③ 기획업자는 이 계약에 따른 연습생의 훈련활동을 제3자가 침해하거나 방해하는 경우 그 침해나 방해를 배제하기 위해 필요한 조치를 취하여야 한다.
대중문화예술분야 연습생 표준계약서,"제3조(기획업자의 권한 및 의무) ④ 기획업자는 연습생에게 극도의 우울증세 등이 발견될 경우, 연습생의 동의하에 적절한 치료 등을 지원할 수 있다."
대중문화예술분야 연습생 표준계약서,제3조(기획업자의 권한 및 의무) ⑤ 기획업자는 연습생의 사전 서면동의를 얻은 후 이 계약상 권리 또는 지위의 전부 또는 일부를 제3자에게 양도할 수 있다.
대중문화예술분야 연습생 표준계약서,"제4조(연습생의 권한 및 의무) ① 연습생은 기획업자가 제공하는 훈련활동에 충실히 임해야 하며, 훈련활동 관련 일 등의 제반사항을 준수하여야 한다."
대중문화예술분야 연습생 표준계약서,"제4조(연습생의 권한 및 의무) ② 연습생은 계약기간 중 기획업자의 사전 동의 없이 제3자와 이 계약과 동일하거나 유사한 계약 또는 대중문화예술과 관련된 계약(대중문화예술용역 제공계약, 대중문화예술용역 제공의 알선계약 및 전속계약)을 체결하는 등 이 계약을 부당하게 파기 또는 침해하는 행위를 하여서는 아니 된다."
대중문화예술분야 연습생 표준계약서,"제4조(연습생의 권한 및 의무) ③ 연습생은 법적으로 또는 사회상규 상 금지되는 행위(예를 들어 마약류의 복용·판매, 성범죄, 폭행, 도박, 음주운전 등)를 하여서는 아니 된다."
대중문화예술분야 연습생 표준계약서,"제4조(연습생의 권한 및 의무) ④ 연습생은 기획업자에게 언제든지 자신의 의견을 제시할 수 있고, 이 계약에 따른 기획업자의 의무를 성실히 이행할 것을 기획업자에게 요청할 수 있다."
대중문화예술분야 연습생 표준계약서,제4조(연습생의 권한 및 의무) ⑤ 연습생은 기획업자가 제3조 제2항의 규정에도 불구하고 부당한 요구를 하는 경우에는 이를 거부할 수 있다.
대중문화예술분야 연습생 표준계약서,제5조(훈련활동 비용의 관리) ① 기획업자는 연습생의 훈련활동에 소요된 직접비용(이하 ‘훈련활동직접비’라 한다)을 연습생별로 분리하여 계상·관리하고 회계장부를 따로 작성하여야 한다.
대중문화예술분야 연습생 표준계약서,"제5조(훈련활동 비용의 관리) ② 훈련활동직접비의 범위는 기획업자와 연습생이 상호 협의하여 정한다. 단, 훈련활동직접비에는 기획업자의 경영활동을 위한 비용을 포함할 수 없다."
대중문화예술분야 연습생 표준계약서,"제5조(훈련활동 비용의 관리) ③ 2인 이상의 연습생에게 동시에 투자된 비용의 경우(예를 들어 단체훈련 등), 연습생별로 균등 배분하여 적용하는 것을 원칙으로 하되, 해당 연습생의 동의를 받아서 달리 적용할 수 있다."
대중문화예술분야 연습생 표준계약서,"제5조(훈련활동 비용의 관리) ④ 기획업자는 연습생에게 훈련활동직접비 회계내역을 연 2회(___월, ___월) 통보하여야 한다."
대중문화예술분야 연습생 표준계약서,제5조(훈련활동 비용의 관리) ⑤ 기획업자는 연습생의 요구가 있는 경우에는 제4항에도 불구하고 훈련활동직접비 회계내역을 지체 없이 연습생에게 제공하여야 한다.
대중문화예술분야 연습생 표준계약서,"제5조(훈련활동 비용의 관리) ⑥ 기획업자는 연습생의 훈련활동에 소요되는 모든 비용을 원칙적으로 부담한다. 다만, 기획업자와 연습생이 전속계약을 체결하게 되는 경우 연습생의 대중문화예술용역 제공에 따른 수익에서 훈련활동직접비를 공제할 수 있다. 이 경우 공제여부 및 방법은 기획업자와 연습생이 별도로 협의하여 정한다."
대중문화예술분야 연습생 표준계약서,"제6조(계약내용의 변경) 이 계약내용 중 일부를 변경할 필요가 있는 경우에는 기획업자와 연습생의 서면합의에 의하여 변경할 수 있으며, 그 서면합의에서 달리 정함이 없는 한, 변경된 사항은 그 다음 날부터 효력을 가진다."
대중문화예술분야 연습생 표준계약서,"제7조(계약의 해제 또는 해지) ① 기획업자 또는 연습생이 고의 또는 과실로 이 계약상의 내용을 위반한 경우, 그 상대방은 위반자에 대하여 14일 간의 유예기간을 정하여 위반사항을 시정할 것을 요구하고, 그 기간 내에 위반사항이 시정되지 아니하는 경우에 상대방은 계약을 해제 또는 해지할 수 있다."
대중문화예술분야 연습생 표준계약서,"제7조(계약의 해제 또는 해지) ② 연습생이 중대한 질병에 걸리거나 상해를 당하는 등 부득이하게 이 계약내용을 계속하여 이행하기 어려운 경우 이 계약은 종료된다. 다만, 연습생이 계약의 종료를 목적으로 앞의 사정을 초래한 경우에는 그러하지 아니하다."
대중문화예술분야 연습생 표준계약서,"제7조(계약의 해제 또는 해지) ③ 기획업자는 계약기간 중 연습생의 성장가능성에 대한 평가를 통해 연습생이 대중문화예술인으로서 성장가능성이 낮다고 판단되는 경우, 이 계약을 해지할 수 있다. 다만, 이 경우 기획업자는 연습생의 성장가능성에 관한 평가결과 등 합리적인 근거를 제시하여야 한다."
대중문화예술분야 연습생 표준계약서,"제7조(계약의 해제 또는 해지) ④ 기획업자 또는 기획업자 소속 임직원(임원은 등기임원을 말하며 직원은 고용형태를 불문한다)이 연습생에 대하여 성폭력을 행사한 경우, 연습생은 계약을 해지할 수 있다."
대중문화예술분야 연습생 표준계약서,제7조(계약의 해제 또는 해지) ⑤ 계약 해지일 현재 이미 발생한 당사자들의 권리․의무는 이 계약의 해지로 인하여 영향을 받지 않는다.
대중문화예술분야 연습생 표준계약서,"제8조(계약해제·해지에 따른 손해배상의 청구 등) ① 기획업자 또는 연습생이 제7조에 따라 계약을 해제 또는 해지하는 경우, 상대방에게 손해배상을 청구할 수 있다."
대중문화예술분야 연습생 표준계약서,제8조(계약해제·해지에 따른 손해배상의 청구 등) ② 연습생의 책임 있는 사유에 의하여 계약이 해제 또는 해지된 경우 기획업자에게 발생한 손해는 훈련활동직접비로 추정한다.
대중문화예술분야 연습생 표준계약서,"제8조(계약해제·해지에 따른 손해배상의 청구 등) ③ 기획업자가 계약내용에 따른 자신의 의무를 충실히 이행하고 있음에도 불구하고 연습생이 제4조 제2항의 계약 체결을 위해 계약 상의 내용을 고의로 위반한 경우, 기획업자는 손해배상과 별도로 연습생에게 위약벌을 청구할 수 있다. 이 경우 위약벌은 훈련활동직접비의 50%를 넘지 못한다."
대중문화예술분야 연습생 표준계약서,"제8조(계약해제·해지에 따른 손해배상의 청구 등) ④ 제7조 제2항 본문, 제3항 또는 제4항에 따라 계약이 종료 또는 해지되는 경우, 연습생은 손해배상 의무 등을 지지 않는다."
대중문화예술분야 연습생 표준계약서,"제8조(계약해제·해지에 따른 손해배상의 청구 등) ⑤ 기획업자 또는 연습생이 이 계약에 따른 손해배상금 및 위약벌을 부담하는 경우, 상당한 기간 내에 상대방에게 이를 지급하여야 한다."
대중문화예술분야 연습생 표준계약서,제9조(전속계약 체결 등) ① 기획업자는 이 계약의 종료 1개월 전까지 재계약 또는 전속계약의 체결 여부 등을 연습생에게 통보하여야 한다.
대중문화예술분야 연습생 표준계약서,제9조(전속계약 체결 등) ② 기획업자가 제1항에 따른 통보를 하지 않는 경우에는 이 계약의 기간 만료 시 계약을 종료하는 의시표시를 한 것으로 본다.
대중문화예술분야 연습생 표준계약서,"제9조(전속계약 체결 등) ③ 기획업자와 연습생이 이 계약의 종료 전에 전속계약을 체결한 경우, 특별한 사정이 없는 한 이 계약은 종료된 것으로 본다."
대중문화예술분야 연습생 표준계약서,제10조(비밀유지) 기획업자와 연습생은 이 계약의 내용 및 이 계약과 관련하여 알게 된 상대방의 업무상의 비밀을 제3자에게 누설하거나 부당한 목적으로 사용하여서는 아니 된다. 이 비밀유지의무는 계약기간 종료 후에도 유지된다.
대중문화예술분야 연습생 표준계약서,제11조(확인 및 보증) 기획업자는 연습생에 대하여「대중문화예술산업발전법」에 따라 대중문화예술기획업자로 등록한 것을 확인하고 보증한다.
대중문화예술분야 연습생 표준계약서,제12조(분쟁해결) ① 이 계약에서 발생하는 모든 분쟁은 기획업자와 연습생이 자율적으로 해결하도록 노력한다.
대중문화예술분야 연습생 표준계약서,"제12조(분쟁해결) ② 제1항에 따라 해결되지 않을 때에는 콘텐츠산업 진흥법에 따른 콘텐츠분쟁조정위원회에 분쟁조정을 신청할 수 있다. 이 경우, 기획업자와 연습생은 조정절차에 성실하게 임하며, 원활한 분쟁해결을 위해 노력한다."
대중문화예술분야 연습생 표준계약서,"제12조(분쟁해결) ③ 기획업자와 연습생이 제2항에 따른 조정을 신청하지 아니하는 경우, 이 계약에 관한 분쟁의 해결은 통상의 민사절차에 의하며, 관할은 민사소송법에 따른다."
대중문화예술분야 연습생 표준계약서,"제13조(부속 합의) ① 기획업자와 연습생은 이 계약의 내용을 보충하거나, 이 계약에서 정하지 아니한 사항을 규정하기 위하여 부속 합의서를 작성할 수 있다."
대중문화예술분야 연습생 표준계약서,"제13조(부속 합의) ② 연습생이 청소년인 경우, 기획업자와 연습생은 문화체육관광부장관이 정하여 고시한「청소년 대중문화예술인(또는 연습생) 표준 부속합의서」를 체결하여야 한다."
대중문화예술분야 연습생 표준계약서,"제13조(부속 합의) ③ 제6조에 따른 계약내용 변경 및 제1항에 따른 부속 합의는 이 계약의 내용과 배치되거나 위반하지 않는 범위에서 효력이 있다. 단, 제2항의 부속합의서는 이 계약보다 우선하여 적용된다."
대중문화예술인(가수·연기자) 표준전속계약서,제1조(목적) 이 고시는 대중문화예술인(가수·연기자)의 권익향상 및 공정한 영업환경 조성을 지원하기 위해 관련 사항을 반영하여 표준전속계약서를 정함을 목적으로 한다.
대중문화예술인(가수·연기자) 표준전속계약서,제2조(표준계약서의 종류) 대중문화예술인 표준전속계약서는 다음 각 호에 따른다. 1. 대중문화예술인(가수중심) 표준전속계약서 : 별표1
대중문화예술인(가수·연기자) 표준전속계약서,제2조(표준계약서의 종류) 대중문화예술인 표준전속계약서는 다음 각 호에 따른다. 2. 대중문화예술인(연기자중심) 표준전속계약서 : 별표2
대중문화예술인(가수·연기자) 표준전속계약서,제3조(재검토기한) 이 고시에 대하여 2025년 1월 1일 기준으로 매3년이 되는 시점(매 3년째의 12월 31일까지를 말한다)마다 그 타당성을 검토하여 개선 등의 조치를 하여야 한다.
대중문화예술인(가수·연기자) 표준전속계약서,부칙 이 훈령은 발령한 날부터 시행한다.
대중문화예술인(가수중심) 표준전속계약서,"제1조(목적) 이 계약은 ‘대중문화예술기획업자(이하 “기획업자”)’와 ‘가수’가 서로의 이익과 발전을 위하여 적극적으로 협력하는 것을 전제로, ‘가수’는 최선의 노력을 통해 자신의 재능과 자질을 발휘하여 자기 발전을 도모함은 물론, 대중문화예술인으로서 명예와 명성을 소중히 하며, ‘기획업자’는 ‘가수’의 재능과 자질이 최대한 발휘될 수 있도록 매니지먼트 서비스를 충실히 이행하고 ‘가수’의 이익이 극대화되도록 최선을 다함으로써 상호 이익을 도모함에 그 목적이 있다."
대중문화예술인(가수중심) 표준전속계약서,"제2조(매니지먼트 권한의 부여 등) ① ‘가수’는 ‘기획업자’에게 제4조에서 정하는 대중문화예술인으로서의 활동(이하 “대중문화예술용역”)에 대한 독점적인 매니지먼트 권한을 위임하고, ‘기획업자’는 이러한 매니지먼트 권한을 위임받아 행사한다. 다만, ‘가수’가 ‘기획업자’에게 위 독점적인 매니지먼트 권한의 일부를 위임하는 것에 대하여 유보하기로 양 당사자가 합의하는 경우에는 그러하지 아니하다."
대중문화예술인(가수중심) 표준전속계약서,"제2조(매니지먼트 권한의 부여 등) ② ‘기획업자’는 ‘가수’가 자기의 재능과 실력을 최대한 발휘할 수 있도록 성실히 매니지먼트 권한을 행사하고, 매니지먼트 권한 범위 내에서 대중문화예술용역과 관련하여 ‘가수’의 사생활 보장 등 인격권이 대내외적으로 침해되지 않도록 최대한 노력한다."
대중문화예술인(가수중심) 표준전속계약서,"제2조(매니지먼트 권한의 부여 등) ③ ‘가수’는 계약기간 중 ‘기획업자’의 사전 승인 없이 자기 스스로 또는 ‘기획업자’ 이외의 제3자를 통하여 출연교섭을 하거나 대중문화예술용역을 제공할 수 없다. 다만, 제1항 단서에 따라 일부 권한을 위임하지 않은 경우, 위임이 이루어지지 않은 범위 내에서는 본 항을 적용하지 않는다."
대중문화예술인(가수중심) 표준전속계약서,제3조(계약기간 및 갱신) ① 이 계약의 계약기간은 년 월 일부터 년 월 일까지( 년 개월)로 한다.
대중문화예술인(가수중심) 표준전속계약서,"제3조(계약기간 및 갱신) ② 제1항에 따른 계약기간은 7년을 초과할 수 없다. 다만, 계약기간을 연장하고자 하는 경우에는 ‘기획업자’와 ‘가수’가 서면으로 합의하여 연장할 수 있다."
대중문화예술인(가수중심) 표준전속계약서,"제3조(계약기간 및 갱신) ③ 계약기간 중 다음 각 호의 어느 하나와 같이 ‘가수’의 개인 신상에 관한 사유로 ‘가수’가 정상적인 대중문화예술용역을 제공할 수 없게 된 경우에는 해당 기간만큼 계약기간이 연장되는 것으로 하며, 구체적인 연장 일수는 ‘기획업자’와 ‘가수’가 합의하여 정한다. 1. 군복무"
대중문화예술인(가수중심) 표준전속계약서,"제3조(계약기간 및 갱신) ③ 계약기간 중 다음 각 호의 어느 하나와 같이 ‘가수’의 개인 신상에 관한 사유로 ‘가수’가 정상적인 대중문화예술용역을 제공할 수 없게 된 경우에는 해당 기간만큼 계약기간이 연장되는 것으로 하며, 구체적인 연장 일수는 ‘기획업자’와 ‘가수’가 합의하여 정한다. 2. 임신·출산 및 육아"
대중문화예술인(가수중심) 표준전속계약서,"제3조(계약기간 및 갱신) ③ 계약기간 중 다음 각 호의 어느 하나와 같이 ‘가수’의 개인 신상에 관한 사유로 ‘가수’가 정상적인 대중문화예술용역을 제공할 수 없게 된 경우에는 해당 기간만큼 계약기간이 연장되는 것으로 하며, 구체적인 연장 일수는 ‘기획업자’와 ‘가수’가 합의하여 정한다. 3. 대학원 진학, 유학"
대중문화예술인(가수중심) 표준전속계약서,"제3조(계약기간 및 갱신) ③ 계약기간 중 다음 각 호의 어느 하나와 같이 ‘가수’의 개인 신상에 관한 사유로 ‘가수’가 정상적인 대중문화예술용역을 제공할 수 없게 된 경우에는 해당 기간만큼 계약기간이 연장되는 것으로 하며, 구체적인 연장 일수는 ‘기획업자’와 ‘가수’가 합의하여 정한다. 4. 대중문화예술용역과 무관한 사유로 인하여 병원 등에 연속으로 30일 이상 입원하는 경우"
대중문화예술인(가수중심) 표준전속계약서,"제3조(계약기간 및 갱신) ③ 계약기간 중 다음 각 호의 어느 하나와 같이 ‘가수’의 개인 신상에 관한 사유로 ‘가수’가 정상적인 대중문화예술용역을 제공할 수 없게 된 경우에는 해당 기간만큼 계약기간이 연장되는 것으로 하며, 구체적인 연장 일수는 ‘기획업자’와 ‘가수’가 합의하여 정한다. 5. 기타 ‘가수’의 책임 있는 사유로 대중문화예술용역을 제공할 수 없게 된 경우"
대중문화예술인(가수중심) 표준전속계약서,제3조(계약기간 및 갱신) ④ 필요한 경우 제1항의 계약기간 내 발매해야 할 음반의 수를 함께 병기할 수 있다.
대중문화예술인(가수중심) 표준전속계약서,제3조(계약기간 및 갱신) ⑤ 이 계약의 적용범위는 대한민국을 포함한 전 세계 지역으로 한다.
대중문화예술인(가수중심) 표준전속계약서,"제4조(대중문화예술용역의 범위 및 매체) ① ‘가수’의 대중문화예술용역은 다음 각 호의 활동을 말한다. 1. 작사·작곡·연주·가창 등 뮤지션으로서의 활동 및 그에 부수하는 방송출연, 광고출연, 행사진행 등의 활동"
대중문화예술인(가수중심) 표준전속계약서,"제4조(대중문화예술용역의 범위 및 매체) ① ‘가수’의 대중문화예술용역은 다음 각 호의 활동을 말한다. 2. 배우, 모델, 성우, TV탤런트 등 연기자로서의 활동(단, ‘기획업자’의 독점적 매니지먼트의 대상이 되는 범위에 대하여는 ‘기획업자’와 ‘가수’가 별도로 합의하는 바에 따른다)"
대중문화예술인(가수중심) 표준전속계약서,제4조(대중문화예술용역의 범위 및 매체) ① ‘가수’의 대중문화예술용역은 다음 각 호의 활동을 말한다. 3. 기타 위 제1호 또는 제2호의 활동과 밀접히 관련되거나 문예·미술 등의 창작활동 등으로서 ‘기획업자’와 ‘가수’가 별도로 합의한 활동
대중문화예술인(가수중심) 표준전속계약서,"제4조(대중문화예술용역의 범위 및 매체) ② ‘가수’의 대중문화예술용역을 위한 매체 등은 다음 각 호와 같다. 1. TV(지상파 방송, 위성방송, 케이블TV, IPTV 기타 새로운 영상매체를 포함한다), 라디오 및 인터넷 등 네트워크를 활용하는 커뮤니케이션 수단"
대중문화예술인(가수중심) 표준전속계약서,"제4조(대중문화예술용역의 범위 및 매체) ② ‘가수’의 대중문화예술용역을 위한 매체 등은 다음 각 호와 같다. 2. LP, CD, LDP, MP3, DVD 기타 음원 및 영상의 고정을 위한 매체물과 비디오테이프, 비디오디스크 기타 디지털방식을 포함한 영상 녹음물"
대중문화예술인(가수중심) 표준전속계약서,"제4조(대중문화예술용역의 범위 및 매체) ② ‘가수’의 대중문화예술용역을 위한 매체 등은 다음 각 호와 같다. 3. 영화, 공연, 광고, 행사"
대중문화예술인(가수중심) 표준전속계약서,"제4조(대중문화예술용역의 범위 및 매체) ② ‘가수’의 대중문화예술용역을 위한 매체 등은 다음 각 호와 같다. 4. 포스터, 스틸 사진, 사진집, 신문, 잡지, 단행본 기타 인쇄물"
대중문화예술인(가수중심) 표준전속계약서,"제4조(대중문화예술용역의 범위 및 매체) ② ‘가수’의 대중문화예술용역을 위한 매체 등은 다음 각 호와 같다. 5. 저작권, 초상권 및 캐릭터를 이용한 각종 사업이나 뉴미디어 등 ‘기획업자’와 ‘가수’가 별도로 합의한 사업이나 매체"
대중문화예술인(가수중심) 표준전속계약서,제4조(대중문화예술용역의 범위 및 매체) ③ 제1항 및 제2항의 규정에도 불구하고 구체적인 대중문화예술용역 범위와 대중문화예술용역 매체 등은 ‘기획업자’와 ‘가수’가 부속합의서에서 달리 정할 수 있다.
대중문화예술인(가수중심) 표준전속계약서,제5조(‘기획업자’의 매니지먼트 권한 및 의무 등) ① 이 계약에 따른 ‘기획업자’의 ‘가수’에 대한 매니지먼트 권한 및 의무는 다음 각 호와 같다. 1. 대중문화예술용역에 필요한 능력의 습득 및 향상을 위한 일체의 교육실시 또는 위탁
대중문화예술인(가수중심) 표준전속계약서,제5조(‘기획업자’의 매니지먼트 권한 및 의무 등) ① 이 계약에 따른 ‘기획업자’의 ‘가수’에 대한 매니지먼트 권한 및 의무는 다음 각 호와 같다. 2. 제4조 제1항의 대중문화예술용역을 위한 계약의 교섭 및 체결
대중문화예술인(가수중심) 표준전속계약서,제5조(‘기획업자’의 매니지먼트 권한 및 의무 등) ① 이 계약에 따른 ‘기획업자’의 ‘가수’에 대한 매니지먼트 권한 및 의무는 다음 각 호와 같다. 3. 제4조 제2항의 매체에 대한 출연교섭
대중문화예술인(가수중심) 표준전속계약서,제5조(‘기획업자’의 매니지먼트 권한 및 의무 등) ① 이 계약에 따른 ‘기획업자’의 ‘가수’에 대한 매니지먼트 권한 및 의무는 다음 각 호와 같다. 4. ‘가수’의 대중문화예술용역에 대한 홍보 및 광고
대중문화예술인(가수중심) 표준전속계약서,제5조(‘기획업자’의 매니지먼트 권한 및 의무 등) ① 이 계약에 따른 ‘기획업자’의 ‘가수’에 대한 매니지먼트 권한 및 의무는 다음 각 호와 같다. 5. 제3자로부터 ‘가수’의 대중문화예술용역에 대한 대가 수령 및 관리
대중문화예술인(가수중심) 표준전속계약서,"제5조(‘기획업자’의 매니지먼트 권한 및 의무 등) ① 이 계약에 따른 ‘기획업자’의 ‘가수’에 대한 매니지먼트 권한 및 의무는 다음 각 호와 같다. 6. 대중문화예술용역에 대한 기획, 구성, 연출, 일정 관리"
대중문화예술인(가수중심) 표준전속계약서,"제5조(‘기획업자’의 매니지먼트 권한 및 의무 등) ① 이 계약에 따른 ‘기획업자’의 ‘가수’에 대한 매니지먼트 권한 및 의무는 다음 각 호와 같다. 7. 콘텐츠의 기획·제작, 유통 및 판매"
대중문화예술인(가수중심) 표준전속계약서,제5조(‘기획업자’의 매니지먼트 권한 및 의무 등) ① 이 계약에 따른 ‘기획업자’의 ‘가수’에 대한 매니지먼트 권한 및 의무는 다음 각 호와 같다. 8. 기타 ‘가수’의 대중문화예술용역을 위한 제반 지원
대중문화예술인(가수중심) 표준전속계약서,"제5조(‘기획업자’의 매니지먼트 권한 및 의무 등) ② ‘기획업자’는 ‘가수’를 대리하여 제3자와 ‘가수’의 대중문화예술용역에 관한 계약의 조건과 이행방법 등을 협의 및 조정하여 계약을 체결할 권한을 가진다. 단, ‘가수’에게 계약의 내용 및 일정 등을 사전에 설명하여야 하며, ‘가수’의 명시적인 의사표시에 반하는 계약을 체결할 수 없다."
대중문화예술인(가수중심) 표준전속계약서,"제5조(‘기획업자’의 매니지먼트 권한 및 의무 등) ③ ‘기획업자’는 ‘가수’에게 제2항에 의한 계약에 따른 의무를 성실히 이행할 것을 요청할 수 있으며, ‘가수’는 신체적, 정신적 준비상황 등 정당한 사유가 없는 한 해당 의무를 성실히 이행하여야 한다."
대중문화예술인(가수중심) 표준전속계약서,제5조(‘기획업자’의 매니지먼트 권한 및 의무 등) ④ ‘가수’의 대중문화예술용역을 제3자가 침해하거나 방해하는 경우 ‘기획업자’는 그 침해나 방해를 배제하기 위해 필요한 조치를 취해야 한다.
대중문화예술인(가수중심) 표준전속계약서,제5조(‘기획업자’의 매니지먼트 권한 및 의무 등) ⑤ ‘기획업자’는 이 계약에 따른 ‘가수’의 대중문화예술용역 또는 대중문화예술용역 준비 이외에 ‘가수’의 사생활이나 인격권을 침해하거나 침해할 우려가 있는 행위를 요구할 수 없다.
대중문화예술인(가수중심) 표준전속계약서,제6조(‘가수’의 일반적 권한 및 의무) ⑥ ‘기획업자’는 ‘가수’에게 부당한 금품을 요구하여서는 아니된다.
대중문화예술인(가수중심) 표준전속계약서,제6조(‘가수’의 일반적 권한 및 의무) ⑦ ‘기획업자’는 ‘가수’의 사전 서면동의를 얻은 후 이 계약상 권리 또는 지위의 전부 또는 일부를 제3자에게 양도할 수 있다.
대중문화예술인(가수중심) 표준전속계약서,"제6조(‘가수’의 일반적 권한 및 의무) ⑧ ‘가수’가 ‘기획업자’ 소속 임직원에 의해 성희롱·성폭력 피해를 입어 ‘기획업자’에게 그 사실을 고지한 경우, ‘기획업자’는 사실을 확인하여 해당 임직원의 업무 배제 및 기타 적절한 조치를 수행하여야 한다."
대중문화예술인(가수중심) 표준전속계약서,제6조(‘가수’의 일반적 권한 및 의무) ① ‘가수’는 제2조 및 제5조에 따라 행사되는 ‘기획업자’의 매니지먼트 활동에 대하여 언제든지 자신의 의견을 제시할 수 있다.
대중문화예술인(가수중심) 표준전속계약서,"제6조(‘가수’의 일반적 권한 및 의무) ② ‘가수’는 본 계약 목적의 이행을 위해 필요한 경우 대중문화예술용역과 관련하여 자료(서류 등 매체의 종류를 불문) 등을 열람 또는 복사해 줄 것을 ‘기획업자’에게 요청할 수 있으며, 이때 ‘기획업자’는 그 요청에 응하여야 한다."
대중문화예술인(가수중심) 표준전속계약서,"제6조(‘가수’의 일반적 권한 및 의무) ③ ‘가수’는 ‘기획업자’의 매니지먼트 권한 행사에 따라 자신의 재능과 실력을 최대한 발휘하여 성실히 대중문화예술용역을 제공하여야 하며, ‘가수’는 정당한 사유 없이 대중문화예술용역의 제공을 거부하여서는 아니된다."
대중문화예술인(가수중심) 표준전속계약서,제6조(‘가수’의 일반적 권한 및 의무) ④ ‘가수’는 대중문화예술용역에 지장을 초래할 정도로 대중문화예술인으로서의 품위를 손상시키는 행위 또는 ‘기획업자’의 명예나 신용을 훼손하는 행위를 하지 아니한다.
대중문화예술인(가수중심) 표준전속계약서,"제6조(‘가수’의 일반적 권한 및 의무) ⑤ 제5조 제5항 및 제6항의 규정에도 불구하고, ‘기획업자’가 ‘가수’에게 부당한 요구를 하는 경우에 ‘가수’는 이를 거부할 수 있다."
대중문화예술인(가수중심) 표준전속계약서,"제6조(‘가수’의 일반적 권한 및 의무) ⑥ ‘가수’는 계약기간 중 ‘기획업자’의 사전 동의 없이 제3자와 이 계약의 내용과 동일하거나 유사한 계약을 체결하는 등 이 계약의 효력을 상실하게 하거나, ‘기획업자’의 계약상 이익을 부당하게 침해하는 행위를 하여서는 아니된다."
대중문화예술인(가수중심) 표준전속계약서,"제7조(‘가수’의 인성교육 및 정신건강 지원) ⑦ ‘가수’는 이 계약에서 정한 ‘기획업자’의 의무가 적절히 이행되고 있지 않은 때에 ‘기획업자’에게 계약의 적절한 이행을 요구할 수 있다. 단, ‘가수’는 ‘기획업자’에게 이 계약의 목적을 벗어나는 부당한 요구를 하여서는 아니된다."
대중문화예술인(가수중심) 표준전속계약서,"제7조(‘가수’의 인성교육 및 정신건강 지원) ⑧ ‘가수’가 ‘기획업자’ 소속 임직원에 의해 성희롱·성폭력 피해를 입은 경우, 그 사실을 ‘기획업자’에게 고지하고, 해당 임직원의 업무배제 등 조치를 요구할 수 있다."
대중문화예술인(가수중심) 표준전속계약서,"제7조(‘가수’의 인성교육 및 정신건강 지원) ① ‘기획업자’는 ‘가수’가 대중문화예술인으로서 자질과 인성을 갖추는데 필요한 교육을 제공할 수 있고, 대중문화예술인에 대한 교육 제공과 관련하여 현행법상 부여된 의무를 충실히 이행하여야 한다."
대중문화예술인(가수중심) 표준전속계약서,제7조(‘가수’의 인성교육 및 정신건강 지원) ② ‘가수’에게 우울증세 등이 발견되는 경우 ‘가수’의 동의 하에 적절한 치료 등을 지원할 수 있다.
대중문화예술인(가수중심) 표준전속계약서,"제8조(상표권 등) ① 계약기간 중 ‘기획업자’는 자신의 명의로 ‘가수’의 성명(본명, 예명, 애칭, 그룹명 등 포함), 사진, 초상, 필적, 음성 기타 ‘가수’의 동일성(identity)을 나타내는 일체의 것을 사용하여 상표 및 디자인을 개발, 출원·등록할 수 있다."
대중문화예술인(가수중심) 표준전속계약서,제8조(상표권 등) ② ‘기획업자’는 제1항에 따라 취득한 상표권 또는 디자인권을 ‘기획업자’의 업무 또는 ‘가수’의 대중문화예술용역 상 이용(제3자에 대한 라이선스 포함)에 한정하여 사용하여야 한다.
대중문화예술인(가수중심) 표준전속계약서,"제8조(상표권 등) ③ 계약종료 시, ‘기획업자’는 제1항에 따라 취득한 상표권 또는 디자인권을 다음 각 호와 같이 이전한다. 단, 합의에 의하여 달리 정할 수 있다. 1. ‘가수’가 그룹의 일원으로 활동한 경우 : ‘기획업자’와 그룹 구성원 간 합의된 내용에 따라 권리 이전한다."
대중문화예술인(가수중심) 표준전속계약서,"제8조(상표권 등) ③ 계약종료 시, ‘기획업자’는 제1항에 따라 취득한 상표권 또는 디자인권을 다음 각 호와 같이 이전한다. 단, 합의에 의하여 달리 정할 수 있다. 2. ‘가수’가 단독으로 활동한 경우 : ‘가수’에게 권리 이전한다. 다만 ‘가수’는 자신의 의사에 의하여 권리 이전을 포기할 수 있다."
대중문화예술인(가수중심) 표준전속계약서,"제8조(상표권 등) ④ ‘기획업자’가 상표 및 디자인 개발에 상당한 비용을 투자하는 등 특별한 기여를 한 경우 제3항에 의한 권리 양도 시, ‘기획업자’는 ‘가수’에게 이에 대한 적절한 대가를 요구할 수 있다. 다만, ‘기획업자’는 ‘가수’와 정산 시 본문의 비용을 이미 공제한 경우, 이를 다시 요구할 수 없다."
대중문화예술인(가수중심) 표준전속계약서,"제9조(퍼블리시티권 등) ① 본 계약을 통하여 형성되는 ‘가수’의 성명(본명, 예명, 애칭, 그룹명 등 포함), 사진, 초상, 필적, 음성 기타 ‘가수’의 동일성(identity)을 나타내는 일체의 것을 상업적으로 이용할 수 있는 재산적 권리 및 그에 관한 인격적 권리는 ‘가수’에게 있으며, ‘기획업자’와 ‘가수’ 간 별도로 합의된 내용이 없는 한 ‘기획업자’는 계약기간에 한하여 이를 ‘가수’의 대중문화예술용역 또는 ‘기획업자’의 업무와 관련하여 배타적으로 이용할 수 있는 권한을 갖는다."
대중문화예술인(가수중심) 표준전속계약서,"제9조(퍼블리시티권 등) ② 제1항에 따른 ‘기획업자’의 권한은 계약기간 종료와 동시에 소멸한다. 다만, 계약기간 종료 이후에도 ‘기획업자’가 제1항에 따른 재산적 권리를 이용하고자 할 때에는 ‘가수’와 사전에 서면으로 합의하여야 한다."
대중문화예술인(가수중심) 표준전속계약서,제9조(퍼블리시티권 등) ③ ‘기획업자’는 제1항에 따른 권한을 행사할 때 ‘가수’의 명예 등 인격을 훼손하지 않도록 하여야 한다.
대중문화예술인(가수중심) 표준전속계약서,제10조(저작권 귀속 등) ① 계약기간 중에 ‘가수’와 관련하여 ‘기획업자’가 개발·제작한 콘텐츠(이 계약에서 “콘텐츠”라 함은 ‘가수’의 대중문화예술용역과 관련하여 제4조 제2항의 매체를 통해 개발·제작된 결과물을 말한다)에 대한 저작권은 저작권법에 따라 귀속된다.
대중문화예술인(가수중심) 표준전속계약서,"제10조(저작권 귀속 등) ② 계약종료 이후 제1항에 따라 매출이 발생할 경우, ‘기획업자’는 ‘가수’에게 매출의 ____%를 정산하여 ( )개월 단위로 (예: 계약종료 후 0년)까지 지급한다. 다만, ‘가수’가 ‘기획업자’에게 지급하여야 할 금액이 있는 경우에는 위 정산금에서 우선 공제할 수 있고, ‘기획업자’는 ‘가수’의 요구가 있는 때에는 정산금 지급과 동시에 정산자료를 ‘가수’에게 제공한다."
대중문화예술인(가수중심) 표준전속계약서,"제10조(저작권 귀속 등) ③ ‘가수’는 ‘기획업자’가 ‘가수’를 통하여 콘텐츠의 소재로 창출한 저작물과 동일 또는 실질적으로 유사한 것을 계약 종결일부터 3년간 직접 또는 제3자를 통하여 콘텐츠(예컨대, 가수가 동일 곡을 재가창한 음반, 디지털파일 등의 녹음물)로 제작하여 사용하거나 판매할 수 없다."
대중문화예술인(가수중심) 표준전속계약서,제10조(저작권 귀속 등) ④ ‘기획업자’와 ‘가수’는 양자가 보유한 저작권 및 저작권 이외의 저작권법이 정한 권리(저작인접권 등)를 적절히 활용함으로써 다양한 가치 창출 및 수익 확대를 기할 수 있도록 적극적으로 협력하여야 한다.
대중문화예술인(가수중심) 표준전속계약서,"제11조(권리 침해에 대한 대응) 제3자가 제8조부터 제10조까지 규정된 권리를 침해하는 경우, ‘기획업자’는 자신의 책임과 비용으로 그 침해를 배제하기 위한 조치를 취해야 하며, ‘가수’는 이와 같은 ‘기획업자’의 침해배제조치에 협력한다."
대중문화예술인(가수중심) 표준전속계약서,"제12조(수익의 분배 등) ① 이 계약을 통하여 얻는 다음 각 호의 모든 수입은 일단 ‘기획업자’가 수령하며, 이를 제2항 및 제3항에 따라 분배하여야 한다. 1. 음반 및 콘텐츠 판매에 관한 수입(제8조부터 제10조까지에 따른 수입 포함)"
대중문화예술인(가수중심) 표준전속계약서,"제12조(수익의 분배 등) ① 이 계약을 통하여 얻는 다음 각 호의 모든 수입은 일단 ‘기획업자’가 수령하며, 이를 제2항 및 제3항에 따라 분배하여야 한다. 2. 대중문화예술용역의 대가로 얻는 수입"
대중문화예술인(가수중심) 표준전속계약서,"제12조(수익의 분배 등) ② 음반 및 콘텐츠 판매에 관한 수입(제8조부터 제10조까지에 따른 수입 포함)은 각종 유통 수수료, 저작권료, 실연료 등의 비용을 공제한 후 ‘기획업자’와 ‘가수’에게 분배하며, 그 분배방식(예: 슬라이딩 시스템)이나 구체적인 분배비율은 ‘기획업자’와 ‘가수’가 별도로 합의하여 정한다."
대중문화예술인(가수중심) 표준전속계약서,"제12조(수익의 분배 등) ③ 대중문화예술용역에 관한 제1항 각 호에 따른 수입은 대중문화예술용역의 대가로 얻는 수입에서 다음 각 호의 비용을 공제한 금액을 의미하며, 분배방식(예: 슬라이딩 시스템)이나 구체적인 분배비율은 ‘기획업자’와 ‘가수’가 별도로 합의하여 정한다. 1. ‘가수’의 공식적인 대중문화예술용역과 관련하여 직접적으로 소요되는 비용(차량유지비, 의식주 비용, 교통비 등 대중문화예술용역의 보조·유지를 위해 필요적으로 소요되는 실비)"
대중문화예술인(가수중심) 표준전속계약서,"제12조(수익의 분배 등) ③ 대중문화예술용역에 관한 제1항 각 호에 따른 수입은 대중문화예술용역의 대가로 얻는 수입에서 다음 각 호의 비용을 공제한 금액을 의미하며, 분배방식(예: 슬라이딩 시스템)이나 구체적인 분배비율은 ‘기획업자’와 ‘가수’가 별도로 합의하여 정한다. 2. 광고수수료 비용"
대중문화예술인(가수중심) 표준전속계약서,"제12조(수익의 분배 등) ③ 대중문화예술용역에 관한 제1항 각 호에 따른 수입은 대중문화예술용역의 대가로 얻는 수입에서 다음 각 호의 비용을 공제한 금액을 의미하며, 분배방식(예: 슬라이딩 시스템)이나 구체적인 분배비율은 ‘기획업자’와 ‘가수’가 별도로 합의하여 정한다. 3. 기타 ‘기획업자’가 ‘가수’의 동의 하에 지출한 비용"
대중문화예술인(가수중심) 표준전속계약서,"제12조(수익의 분배 등) ④ ‘가수’가 그룹의 일원으로 활동한 경우에는 제2항 및 제3항에 따른 분배 시 해당 그룹의 인원수로 균등하게 나누어 지급한다. 다만, 이에 대한 ‘기획업자’와 ‘가수’ 간 별도의 합의가 있으면 그에 따른다."
대중문화예술인(가수중심) 표준전속계약서,"제12조(수익의 분배 등) ⑤ ‘가수’의 귀책사유로 인하여 ‘기획업자’가 ‘가수’를 대신하여 제3자에게 배상한 금원이 있는 경우, 이 금원 및 배상에 소요된 비용을 ‘가수’의 수익에서 우선 공제할 수 있다."
대중문화예술인(가수중심) 표준전속계약서,"제12조(수익의 분배 등) ⑥ ‘기획업자’가 제3자로부터 ‘가수’의 대중문화예술용역 제공의 대가를 수령한 경우, 수령일로부터 45일 이내에 ‘가수’에게 계약에서 정한 금원을 지급한다. 다만, 지급을 지체할 정당한 사유가 있는 경우에는 지급일로부터 45일의 범위에서 그 지급 기한을 연장할 수 있다."
대중문화예술인(가수중심) 표준전속계약서,"제12조(수익의 분배 등) ⑦ ‘기획업자’는 제1항에 따라 분배된 수익을 ‘가수’에게 지급함과 동시에 수익의 정산 내역(총 수입, 수익의 분배, 정산방법 및 비용공제 등을 확인할 수 있는 자료)을 ‘가수’에게 제공한다. 이때 ‘가수’는 필요한 경우 정산내역을 수령한 날로부터 30일 이내에 ‘기획업자’에게 정산내역에 대하여 이의를 제기할 수 있으며, ‘기획업자’는 ‘가수’에게 정산내역의 근거를 성실히 제공하여야 한다."
대중문화예술인(가수중심) 표준전속계약서,"제12조(수익의 분배 등) ⑧ ‘가수’는 필요시 ‘기획업자’에게 정산내역을 요구할 수 있으며, 그 제공 주기는"
대중문화예술인(연기자중심) 표준전속계약서,제13조 ① ‘기획업자’는 자신의 매니지먼트 권한 범위 내에서 ‘가수’의 대중문화예술용역에 필요한 능력의 습득 및 향상을 위한 교육(훈련)에 소요되는 제반 비용을 원칙적으로 부담한다.
대중문화예술인(연기자중심) 표준전속계약서,"제13조 ② 제1항에 따른 제반 비용은 ‘가수’의 동의 하에 ‘가수’에게 부담시킬 수 있으며, 향후 발생하는 ‘가수’의 수입에서 공제될 수 있다. ‘기획업자’는 ‘가수’가 부담하는 비용의 범위가 합리적인 정도를 벗어나지 않도록 하여야 한다."
대중문화예술인(연기자중심) 표준전속계약서,제13조 ③ ‘가수’는 대중문화예술용역과 무관한 비용을 ‘기획업자’에게 부담시킬 수 없다.
대중문화예술인(연기자중심) 표준전속계약서,제14조 ① ‘기획업자’는 계약체결 당시 ‘가수’에 대해 제5조 제1항 및 제12조의 매니지먼트 권한 및 의무를 적절히 행사하는데 필요한 인적·물적 자원을 보유하고 적절한 능력을 갖추고 있다는 것을 확인하고 보증한다.
대중문화예술인(연기자중심) 표준전속계약서,제14조 ② ‘가수’는 ‘기획업자’에 대해 다음 각 호의 사항을 확인하고 보증한다. 1. 이 계약을 유효하게 체결하는데 필요한 권리 및 권한을 보유하고 있다는 것
대중문화예술인(연기자중심) 표준전속계약서,제14조 ② ‘가수’는 ‘기획업자’에 대해 다음 각 호의 사항을 확인하고 보증한다. 2. 이 계약의 체결이 제3자와의 다른 계약을 침해하지 않는다는 것
대중문화예술인(연기자중심) 표준전속계약서,제14조 ② ‘가수’는 ‘기획업자’에 대해 다음 각 호의 사항을 확인하고 보증한다. 3. 계약기간 중 이 계약 내용과 저촉되는 계약을 제3자와 체결하지 않는다는 것
대중문화예술인(연기자중심) 표준전속계약서,"제15조 이 계약내용 중 일부를 변경할 필요가 있는 경우에는 ‘기획업자’와 ‘가수’의 서면 합의에 의하여 변경할 수 있으며, 그 서면합의에서 달리 정함이 없는 한, 변경된 사항은 그 합의가 있는 때로부터 효력을 가진다."
대중문화예술인(연기자중심) 표준전속계약서,"제16조 ① ‘기획업자’ 또는 ‘가수’ 중 일방이 이 계약에서 정한 내용을 위반하는 경우, 그 상대방은 유책 당사자 일방에 대하여 14일의 기간 동안 위반사항을 시정할 것을 요구하고, 그 기간 내에 위반사항이 시정되지 아니하거나 혹은 시정될 수 없는 경우에는 계약을 해제 또는 해지할 수 있으며, 손해배상을 청구할 수 있다. 다만, 위반사항의 시정이 지체될 정당한 사유가 있는 경우에는 시정일로부터 14일의 범위에서 그 시정 기한을 연장할 수 있다."
대중문화예술인(연기자중심) 표준전속계약서,"제16조 ② ‘기획업자’가 계약 내용에 따른 자신의 의무를 충실히 이행하고 있음에도 불구하고, ‘가수’가 계약기간 도중에 계약을 일방적으로 파기할 목적으로 계약상의 내용을 위반한 경우에는 ‘가수’는 제1항의 손해배상과 별도로 계약해지 당시를 기준으로 직전 2년간의 월평균 매출액에 계약 잔여기간 개월 수를 곱한 금액(‘가수’의 대중문화예술용역 기간이 2년 미만인 경우에는 실제 매출이 발생한 기간의 월평균 매출액에서 잔여기간 개월 수를 곱한 금액)을 위약벌로 ‘기획업자’에게 지급한다."
대중문화예술인(연기자중심) 표준전속계약서,제16조 ③ 계약 해지일 현재 이미 발생한 당사자들의 권리·의무는 이 계약의 해지로 인하여 영향을 받지 않는다.
대중문화예술인(연기자중심) 표준전속계약서,"제16조 ④ ‘가수’가 중대한 질병에 걸리거나 상해를 당하여 대중문화예술용역의 제공을 계속하기 어려운 사정이 발생한 경우 계약 당사자 간 합의에 따라 이 계약을 해지할 수 있으며, 이 경우에 ‘기획업자’는 ‘가수’에게 손해배상 등을 청구할 수 없다."
대중문화예술인(연기자중심) 표준전속계약서,"제16조 ⑤ ‘기획업자’ 또는 ‘기획업자’ 소속 임원(등기임원을 말한다), ‘기획업자’ 소속 직원(고용형태를 불문한다)이 ‘가수’에 대한 성희롱·성폭력으로 인하여 법원의 확정판결을 받은 경우, ‘가수’는 계약을 해지할 수 있으며 그로 인한 손해배상을 청구할 수 있다. 다만, ‘기획업자’ 소속 직원이 범한 성범죄의 경우, ‘기획업자’가 이에 대한 귀책이 없음을 입증하는 경우에는 계약 해지 및 손해배상의 사유가 되지 않는다."
대중문화예술인(연기자중심) 표준전속계약서,"제17조 ‘기획업자’와 ‘가수’는 이 계약의 내용 및 이 계약과 관련하여 알게 된 상대방의 업무상의 비밀을 제3자에게 누설하거나 부당한 목적으로 사용하여서는 아니된다. 이 비밀유지의무는 계약의 해제·해지 및 계약기간 종료 후에도 유지된다. 다만, 계약 관련 자문 등을 위해 비밀유지의무를 지는 변호사 등 전문가, 정부 등에 제공하는 경우는 예외로 한다."
대중문화예술인(연기자중심) 표준전속계약서,제18조 ① 이 계약에서 발생하는 모든 분쟁은 ‘기획업자’와 ‘가수’가 자율적으로 원활하게 해결하도록 노력한다.
대중문화예술인(연기자중심) 표준전속계약서,"제18조 ② 제1항에 따라 해결되지 않을 때에는 다음 각 호의 하나에 해당하는 절차를 소송에 선행하여 거칠 수 있고, 양측 당사자는 해당 절차에 성실하게 임하여야 한다. 1. 콘텐츠분쟁조정위원회의 조정"
대중문화예술인(연기자중심) 표준전속계약서,"제18조 ② 제1항에 따라 해결되지 않을 때에는 다음 각 호의 하나에 해당하는 절차를 소송에 선행하여 거칠 수 있고, 양측 당사자는 해당 절차에 성실하게 임하여야 한다. 2. 한국저작권위원회의 조정"
대중문화예술인(연기자중심) 표준전속계약서,"제18조 ② 제1항에 따라 해결되지 않을 때에는 다음 각 호의 하나에 해당하는 절차를 소송에 선행하여 거칠 수 있고, 양측 당사자는 해당 절차에 성실하게 임하여야 한다. 3. 대한상사중재원의 중재(仲裁)"
대중문화예술인(연기자중심) 표준전속계약서,"제18조 ③ 제2항에 따른 절차를 진행하지 않을 경우, 이 계약에 관한 분쟁의 해결은 민사소송법에 따른 소송절차에 의한다."
대중문화예술인(연기자중심) 표준전속계약서,"제19조 ① ‘기획업자’는 청소년(만 19세 미만인 사람을 말한다. 다만, 만 19세가 되는 해의 1월 1일을 맞이한 사람은 제외한다.) 대중문화예술인의 신체적·정신적 건강, 학습권, 인격권, 수면권, 휴식권, 자유선택권 등 기본적인 인권을 보장한다."
대중문화예술인(연기자중심) 표준전속계약서,제19조 ② ‘기획업자’는 연예매니지먼트 계약을 체결하는 경우 대중문화예술인의 연령을 확인하고 청소년의 경우 과다노출 및 지나치게 선정적으로 표현하는 행위를 요구할 수 없다.
대중문화예술인(연기자중심) 표준전속계약서,제19조 ③ ‘기획업자’는 청소년 대중문화예술인의 대중문화예술용역 제공 시 「대중문화예술산업발전법」에 따른 용역제공시간 규정을 준수하여야 한다.
대중문화예술인(연기자중심) 표준전속계약서,제19조 ④ 청소년 대중문화예술인과의 관계에 있어서 본 계약에서 정하지 않은 사항은 ‘청소년 대중문화예술인(또는 연습생) 표준 부속합의서’에서 정할 수 있다.
대중문화예술인(연기자중심) 표준전속계약서,"제20조 ① ‘기획업자’와 ‘가수’는 이 계약의 내용을 보충하거나, 이 계약에서 정하지 아니한 사항을 규정하기 위하여 부속합의서를 작성할 수 있다."
대중문화예술인(연기자중심) 표준전속계약서,제20조 ② ‘가수’가 그룹의 일원으로 대중문화예술용역을 제공하는 경우에 제8조부터 제10조까지의 규정은 별도의 합의로 정할 수 있다.
대중문화예술인(연기자중심) 표준전속계약서,제20조 ③ 제1항에 따른 부속합의는 이 계약의 내용에 배치되거나 위반되지 않는 범위로 한정한다.
대중문화예술인(연기자중심) 표준전속계약서,"제20조 ④ 제19조 제4항에 따른 ‘청소년 대중문화예술인(또는 연습생) 표준 부속합의서’는 제3항의 예외로 하며, 본 계약에 우선하여 적용한다."
대중문화예술인(연기자중심) 표준전속계약서,"제1조(목적) 이 계약은 ‘연기자’가 대중문화예술인으로서의 활동(이하 “대중문화예술용역”)에 대한 매니지먼트 권한을 ‘대중문화예술기획업자(이하 “기획업자”)’에게 위임하고, 이에 따라 ‘기획업자’가 그 권한을 행사하는 데에 있어서 필요한 제반 사항을 정함으로써, 대중문화예술용역에 있어서 ‘기획업자’와 ‘연기자’의 상호 이익과 발전을 도모함에 그 목적이 있다."
대중문화예술인(연기자중심) 표준전속계약서,"제2조 ① ‘연기자’는 ‘기획업자’에게 제4조에서 정하는 대중문화예술용역에 대한 독점적인 매니지먼트 권한을 위임하고, ‘기획업자’는 이러한 매니지먼트 권한을 위임받아 행사한다. 다만, ‘연기자’가 ‘기획업자’에게 위 독점적인 매니지먼트 권한의 일부를 위임하는 것에 대하여 유보하기로 양 당사자가 합의하는 경우에는 그러하지 아니하다."
대중문화예술인(연기자중심) 표준전속계약서,"제2조 ② ‘기획업자’는 ‘연기자’가 자기의 재능과 실력을 최대한 발휘할 수 있도록 성실히 매니지먼트 권한을 행사하고, 매니지먼트 권한 범위 내에서 대중문화예술용역과 관련하여 ‘연기자’의 사생활 보장 등 인격권이 대내외적으로 침해되지 않도록 최대한 노력한다."
대중문화예술인(연기자중심) 표준전속계약서,"제2조 ③ ‘연기자’는 계약기간 중 ‘기획업자’의 사전 승인 없이 자기 스스로 또는 ‘기획업자’ 이외의 제3자를 통하여 출연교섭을 하거나 대중문화예술용역을 제공할 수 없다. 다만, 제1항 단서에 따라 일부 권한을 위임하지 않은 경우, 위임이 이루어지지 않은 범위 내에서는 본 항을 적용하지 않는다."
대중문화예술인(연기자중심) 표준전속계약서,제3조 ① 이 계약의 계약기간은 년 월 일부터 년 월 일까지( 년 개월)로 한다.
대중문화예술인(연기자중심) 표준전속계약서,"제3조 ② 제1항에 따른 계약기간은 7년을 초과할 수 없다. 다만, 계약기간을 연장하고자 하는 경우에는 ‘기획업자’와 ‘연기자’가 서면으로 합의하여 연장할 수 있다."
대중문화예술인(연기자중심) 표준전속계약서,"제3조 ③ 계약기간 중 다음 각 호의 어느 하나와 같이 ‘연기자’의 개인 신상에 관한 사유로 ‘연기자’가 정상적인 대중문화예술용역을 제공할 수 없게 된 경우에는 해당 기간만큼 계약기간이 연장되는 것으로 하며, 구체적인 연장 일수는 ‘기획업자’와 ‘연기자’가 합의하여 정한다. 1. 군복무"
대중문화예술인(연기자중심) 표준전속계약서,"제3조 ③ 계약기간 중 다음 각 호의 어느 하나와 같이 ‘연기자’의 개인 신상에 관한 사유로 ‘연기자’가 정상적인 대중문화예술용역을 제공할 수 없게 된 경우에는 해당 기간만큼 계약기간이 연장되는 것으로 하며, 구체적인 연장 일수는 ‘기획업자’와 ‘연기자’가 합의하여 정한다. 2. 임신·출산 및 육아"
대중문화예술인(연기자중심) 표준전속계약서,"제3조 ③ 계약기간 중 다음 각 호의 어느 하나와 같이 ‘연기자’의 개인 신상에 관한 사유로 ‘연기자’가 정상적인 대중문화예술용역을 제공할 수 없게 된 경우에는 해당 기간만큼 계약기간이 연장되는 것으로 하며, 구체적인 연장 일수는 ‘기획업자’와 ‘연기자’가 합의하여 정한다. 3. 대학원 진학, 유학"
대중문화예술인(연기자중심) 표준전속계약서,"제3조 ③ 계약기간 중 다음 각 호의 어느 하나와 같이 ‘연기자’의 개인 신상에 관한 사유로 ‘연기자’가 정상적인 대중문화예술용역을 제공할 수 없게 된 경우에는 해당 기간만큼 계약기간이 연장되는 것으로 하며, 구체적인 연장 일수는 ‘기획업자’와 ‘연기자’가 합의하여 정한다. 4. 대중문화예술용역과 무관한 사유로 인하여 병원 등에 연속으로 30일 이상 입원하는 경우"
대중문화예술인(연기자중심) 표준전속계약서,"제3조 ③ 계약기간 중 다음 각 호의 어느 하나와 같이 ‘연기자’의 개인 신상에 관한 사유로 ‘연기자’가 정상적인 대중문화예술용역을 제공할 수 없게 된 경우에는 해당 기간만큼 계약기간이 연장되는 것으로 하며, 구체적인 연장 일수는 ‘기획업자’와 ‘연기자’가 합의하여 정한다. 5. 기타 ‘연기자’의 책임 있는 사유로 대중문화예술용역을 제공할 수 없게 된 경우"
대중문화예술인(연기자중심) 표준전속계약서,제3조 ④ 이 계약의 적용 범위는 대한민국을 포함한 전 세계 지역으로 한다.
대중문화예술인(연기자중심) 표준전속계약서,"제4조 ① ‘연기자’의 대중문화예술용역은 다음 각 호의 활동을 말한다. 1. 배우·모델·성우·TV탤런트 등 연기자로서의 활동 및 그에 부수하는 방송출연, 광고출연, 행사진행 등의 활동"
대중문화예술인(연기자중심) 표준전속계약서,"제4조 ① ‘연기자’의 대중문화예술용역은 다음 각 호의 활동을 말한다. 2. 작사, 작곡, 연주, 가창 등 뮤지션으로서의 활동(단, ‘기획업자’의 독점적 매니지먼트의 대상이 되는 범위에 대하여는 ‘기획업자’와 ‘연기자’가 별도로 합의하는 바에 따른다)"
대중문화예술인(연기자중심) 표준전속계약서,제4조 ① ‘연기자’의 대중문화예술용역은 다음 각 호의 활동을 말한다. 3. 기타 위 제1호 또는 제2호의 활동과 밀접히 관련되거나 문예·미술 등의 창작활동 등으로서 ‘기획업자’와 ‘연기자’가 별도로 합의한 활동
대중문화예술인(연기자중심) 표준전속계약서,"제4조 ② ‘연기자’의 대중문화예술용역을 위한 매체 등은 다음 각 호와 같다. 1. TV(지상파 방송, 위성방송, 케이블TV, IPTV 기타 새로운 영상매체를 포함한다), 라디오 및 인터넷 등 네트워크를 활용하는 커뮤니케이션 수단"
대중문화예술인(연기자중심) 표준전속계약서,"제4조 ② ‘연기자’의 대중문화예술용역을 위한 매체 등은 다음 각 호와 같다. 2. LP, CD, LDP, MP3, DVD 기타 음원 및 영상의 고정을 위한 매체물과 비디오테이프, 비디오디스크 기타 디지털방식을 포함한 영상 녹음물"
대중문화예술인(연기자중심) 표준전속계약서,"제4조 ② ‘연기자’의 대중문화예술용역을 위한 매체 등은 다음 각 호와 같다. 3. 영화, 공연, 광고, 행사"
대중문화예술인(연기자중심) 표준전속계약서,"제4조 ② ‘연기자’의 대중문화예술용역을 위한 매체 등은 다음 각 호와 같다. 4. 포스터, 스틸 사진, 사진집, 신문, 잡지, 단행본 기타 인쇄물"
대중문화예술인(연기자중심) 표준전속계약서,"제4조 ② ‘연기자’의 대중문화예술용역을 위한 매체 등은 다음 각 호와 같다. 5. 저작권, 초상권 및 캐릭터를 이용한 각종 사업이나 뉴미디어 등 ‘기획업자’와 ‘연기자’가 별도로 합의한 사업이나 매체"
대중문화예술인(연기자중심) 표준전속계약서,제4조 ③ 제1항 및 제2항의 규정에도 불구하고 구체적인 대중문화예술용역 범위와 대중문화예술용역 매체 등은 ‘기획업자’와 ‘연기자’가 부속합의서에서 달리 정할 수 있다.
대중문화예술인(연기자중심) 표준전속계약서,제5조 ① 이 계약에 따른 ‘기획업자’의 ‘연기자’에 대한 매니지먼트 권한 및 의무는 다음 각 호와 같다. 1. 대중문화예술용역에 필요한 능력의 습득 또는 향상을 위한 일체의 교육실시 또는 위탁
대중문화예술인(연기자중심) 표준전속계약서,제5조 ① 이 계약에 따른 ‘기획업자’의 ‘연기자’에 대한 매니지먼트 권한 및 의무는 다음 각 호와 같다. 2. 제4조 제1항의 대중문화예술용역을 위한 계약의 교섭 및 체결
대중문화예술인(연기자중심) 표준전속계약서,제5조 ① 이 계약에 따른 ‘기획업자’의 ‘연기자’에 대한 매니지먼트 권한 및 의무는 다음 각 호와 같다. 3. 제4조 제2항의 매체에 대한 출연교섭
대중문화예술인(연기자중심) 표준전속계약서,제5조 ① 이 계약에 따른 ‘기획업자’의 ‘연기자’에 대한 매니지먼트 권한 및 의무는 다음 각 호와 같다. 4. ‘연기자’의 대중문화예술용역에 대한 홍보 및 광고
대중문화예술인(연기자중심) 표준전속계약서,제5조 ① 이 계약에 따른 ‘기획업자’의 ‘연기자’에 대한 매니지먼트 권한 및 의무는 다음 각 호와 같다. 5. 제3자로부터 ‘연기자’의 대중문화예술용역에 대한 대가 수령 및 관리
대중문화예술인(연기자중심) 표준전속계약서,"제5조 ① 이 계약에 따른 ‘기획업자’의 ‘연기자’에 대한 매니지먼트 권한 및 의무는 다음 각 호와 같다. 6. 대중문화예술용역에 대한 기획, 구성, 연출, 일정 관리"
대중문화예술인(연기자중심) 표준전속계약서,"제5조 ① 이 계약에 따른 ‘기획업자’의 ‘연기자’에 대한 매니지먼트 권한 및 의무는 다음 각 호와 같다. 7. 콘텐츠의 기획·제작, 유통 및 판매"
대중문화예술인(연기자중심) 표준전속계약서,제5조 ① 이 계약에 따른 ‘기획업자’의 ‘연기자’에 대한 매니지먼트 권한 및 의무는 다음 각 호와 같다. 8. 기타 ‘연기자’의 대중문화예술용역을 위한 제반 지원
대중문화예술인(연기자중심) 표준전속계약서,"제5조 ② ‘기획업자’는 ‘연기자’를 대리하여 제3자와 ‘연기자’의 대중문화예술용역에 관한 계약의 조건과 이행방법 등을 협의 조정하여 계약을 체결할 권한을 가진다. 단, ‘연기자’에게 계약의 내용 및 일정 등을 사전에 설명하여야 하며, ‘연기자’의 명시적인 의사표시에 반하는 계약을 체결할 수 없다."
대중문화예술인(연기자중심) 표준전속계약서,"제5조 ③ ‘기획업자’는 ‘연기자’에게 제2항에 의한 계약에 따른 의무를 성실히 이행할 것을 요청할 수 있으며, ‘연기자’는 신체적, 정신적 준비상황 등 정당한 사유가 없는 한 해당 의무를 성실히 이행하여야 한다."
대중문화예술인(연기자중심) 표준전속계약서,제5조 ④ ‘연기자’의 대중문화예술용역을 제3자가 침해하거나 방해하는 경우 ‘기획업자’는 그 침해나 방해를 배제하기 위해 필요한 조치를 취해야 한다.
대중문화예술인(연기자중심) 표준전속계약서,제5조 ⑤ ‘기획업자’는 이 계약에 따른 ‘연기자’의 대중문화예술용역 또는 대중문화예술용역 준비 이외에 ‘연기자’의 사생활이나 인격권을 침해하거나 침해할 우려가 있는 행위를 요구할 수 없다.
대중문화예술인(연기자중심) 표준전속계약서,제5조 ⑥ ‘기획업자’는 ‘연기자’에게 부당한 금품을 요구하여서는 아니된다.
대중문화예술인(연기자중심) 표준전속계약서,제5조 ⑦ ‘기획업자’는 ‘연기자’의 사전 서면동의를 얻은 후 이 계약상 권리 또는 지위의 전부 또는 일부를 제3자에게 양도할 수 있다.
대중문화예술인(연기자중심) 표준전속계약서,"제5조 ⑧ ‘연기자’가 ‘기획업자’ 소속 임직원에 의해 성희롱·성폭력 피해를 입어 ‘기획업자’에게 그 사실을 고지한 경우, ‘기획업자’는 사실을 확인하여 해당 임직원의 업무배제 및 기타 적절한 조치를 수행하여야 한다."
대중문화예술인(연기자중심) 표준전속계약서,제6조 ① ‘연기자’는 제2조 및 제5조에 따라 행사되는 ‘기획업자’의 매니지먼트 활동에 대하여 언제든지 자신의 의견을 제시할 수 있다.
대중문화예술인(연기자중심) 표준전속계약서,"제6조 ② ‘연기자’는 본 계약 목적의 이행을 위해 필요한 경우 대중문화예술용역과 관련하여 자료(서류 등 매체의 종류를 불문) 등을 열람 또는 복사해 줄 것을 ‘기획업자’에게 요청할 수 있으며, 이때 ‘기획업자’는 그 요청에 응하여야 한다."
대중문화예술인(연기자중심) 표준전속계약서,"제6조 ③ ‘연기자’는 ‘기획업자’의 매니지먼트 권한 행사에 따라 자신의 재능과 실력을 최대한 발휘하여 성실히 대중문화예술용역을 제공하여야 하며, ‘연기자’는 정당한 사유 없이 대중문화예술용역의 제공을 거부하여서는 아니된다."
대중문화예술인(연기자중심) 표준전속계약서,제6조 ④ ‘연기자’는 대중문화예술용역에 지장을 초래할 정도로 대중문화예술인으로서의 품위를 손상시키는 행위 또는 ‘기획업자’의 명예나 신용을 훼손하는 행위를 하지 아니한다.
대중문화예술인(연기자중심) 표준전속계약서,"제6조 ⑤ 제5조 제5항 및 제6항의 규정에도 불구하고, ‘기획업자’가 ‘연기자’에게 부당한 요구를 하는 경우에 ‘연기자’는 이를 거부할 수 있다."
대중문화예술인(연기자중심) 표준전속계약서,"제6조 ⑥ ‘연기자’는 계약기간 중 ‘기획업자’의 사전 동의 없이 제3자와 이 계약의 내용과 동일하거나 유사한 계약을 체결하는 등 이 계약의 효력을 상실하게 하거나, ‘기획업자’의 계약상 이익을 부당하게 침해하는 행위를 하여서는 아니된다."
대중문화예술인(연기자중심) 표준전속계약서,"제6조 ⑦ ‘연기자’는 이 계약에서 정한 ‘기획업자’의 의무가 적절히 이행되고 있지 않은 때에 ‘기획업자’에게 계약의 적절한 이행을 요구할 수 있다. 단, ‘연기자’는 ‘기획업자’에게 이 계약의 목적을 벗어나는 부당한 요구를 하여서는 아니된다."
대중문화예술인 표준전속계약서,"제7조 ① ‘기획업자’는 ‘연기자’가 대중문화예술인으로서 자질과 인성을 갖추는데 필요한 교육을 제공할 수 있고, 대중문화예술인에 대한 교육 제공과 관련하여 현행법상 부여된 의무를 충실히 이행하여야 한다."
대중문화예술인 표준전속계약서,제7조 ② ‘연기자’에게 우울증세 등이 발견되는 경우 ‘연기자’의 동의 하에 적절한 치료 등을 지원할 수 있다.
대중문화예술인 표준전속계약서,"제8조 ① 계약기간 중 ‘기획업자’는 자신의 명의로 ‘연기자’의 성명(본명, 예명, 애칭 등 포함), 사진, 초상, 필적, 음성 기타 ‘연기자’의 동일성(identity)을 나타내는 일체의 것을 사용하여 상표 및 디자인을 개발, 출원·등록할 수 있다."
대중문화예술인 표준전속계약서,제8조 ② ‘기획업자’는 제1항에 따라 취득한 상표권 또는 디자인권을 ‘기획업자’의 업무 또는 ‘연기자’의 대중문화예술용역 상 이용(제3자에 대한 라이선스 포함)에 한정하여 사용하여야 한다.
대중문화예술인 표준전속계약서,"제8조 ③ 계약종료 시, ‘기획업자’는 제1항에 따라 취득한 상표권 또는 디자인권을 ‘연기자’에게 이전한다."
대중문화예술인 표준전속계약서,"제8조 ④ ‘기획업자’가 상표 및 디자인 개발에 상당한 비용을 투자하는 등 특별한 기여를 한 경우 제3항에 의한 권리 양도 시, ‘기획업자’는 ‘연기자’에게 그에 대한 적절한 대가를 요구할 수 있다. 다만, ‘기획업자’는 ‘연기자’와 정산 시 본문의 비용을 이미 공제한 경우, 이를 다시 요구할 수 없다."
대중문화예술인 표준전속계약서,"제9조 ① 본 계약을 통하여 형성되는 ‘연기자’의 성명(본명, 예명, 애칭 등 포함), 사진, 초상, 필적, 음성 기타 ‘연기자’의 동일성(identity)을 나타내는 일체의 것을 상업적으로 이용할 수 있는 재산적 권리 및 그에 관한 인격적 권리는 ‘연기자’에게 있으며, ‘기획업자’와 ‘연기자’ 간 별도로 합의된 내용이 없는 한 ‘기획업자’는 계약기간에 한하여 이를 ‘연기자’의 대중문화예술용역 또는 ‘기획업자’의 업무와 관련하여 배타적으로 이용할 수 있는 권한을 갖는다."
대중문화예술인 표준전속계약서,"제9조 ② 제1항에 따른 ‘기획업자’의 권한은 계약기간 종료와 동시에 소멸한다. 다만, 계약기간 종료 이후에도 ‘기획업자’가 제1항에 따른 재산적 권리를 이용하고자 할 때에는 ‘연기자’와 사전에 서면으로 합의하여야 한다."
대중문화예술인 표준전속계약서,제9조 ③ ‘기획업자’는 제1항에 따른 권한을 행사할 때 ‘연기자’의 명예 등 인격을 훼손하지 않도록 하여야 한다.
대중문화예술인 표준전속계약서,제10조 ① 계약기간 중에 ‘연기자’와 관련하여 ‘기획업자’가 개발·제작한 콘텐츠(이 계약에서 “콘텐츠”라 함은 ‘연기자’의 대중문화예술용역과 관련하여 제4조 제2항의 매체를 통해 개발·제작된 결과물을 말한다)에 대한 저작권은 저작권법에 따라 귀속된다.
대중문화예술인 표준전속계약서,"제10조 ② 계약종료 이후 제1항에 따라 매출이 발생할 경우, ‘기획업자’는 ‘연기자’에게 매출의 ___%를 정산하여 ( )개월 단위로 (예: 계약종료 후 0년)까지 지급한다. 다만, ‘연기자’가 ‘기획업자’에게 지급하여야 할 금원이 있는 경우에는 위 정산금에서 우선 공제할 수 있고, ‘기획업자’는 ‘연기자’의 요구가 있는 때에는 정산금 지급과 동시에 정산자료를 ‘연기자’에게 제공한다."
대중문화예술인 표준전속계약서,제10조 ③ ‘기획업자’와 ‘연기자’는 양자가 보유한 저작권 및 저작권 이외의 저작권법이 정한 권리(저작인접권 등)를 적절히 활용함으로써 다양한 가치 창출 및 수익 확대를 기할 수 있도록 적극적으로 협력하여야 한다.
대중문화예술인 표준전속계약서,"제11조 ① 제3자가 제8조부터 제10조까지 규정된 권리를 침해하는 경우, ‘기획업자’는 자신의 책임과 비용으로 그 침해를 배제하기 위한 조치를 취해야 하며, ‘연기자’는 이와 같은 ‘기획업자’의 침해배제조치에 협력한다."
대중문화예술인 표준전속계약서,"제12조 ① 이 계약을 통하여 얻는 다음 각 호의 모든 수입은 일단 ‘기획업자’가 수령하며, 이를 제2항에 따라 분배하여야 한다. 1. 콘텐츠 등의 판매에 관한 수입(제8조부터 제10조까지에 따른 수입 포함) 2. 대중문화예술용역의 대가로 얻는 수입"
대중문화예술인 표준전속계약서,"제12조 ② 대중문화예술용역에 관한 제1항 각 호에 따른 수입은 대중문화예술용역의 대가로 얻는 수입에서 다음 각 호의 비용을 공제한 금액을 의미하며, 분배방식(예: 슬라이딩 시스템)이나 구체적인 분배비율은 ‘기획업자’와 ‘연기자’가 별도로 합의하여 정한다. 1. ‘연기자’의 공식적인 대중문화예술용역과 관련하여 직접적으로 소요되는 비용(차량유지비, 의식주 비용, 교통비 등 대중문화예술용역의 보조·유지를 위해 필요적으로 소요되는 실비) 2. 광고수수료 비용 3. 기타 ‘기획업자’가 ‘연기자’의 동의 하에 지출한 비용"
대중문화예술인 표준전속계약서,"제12조 ③ ‘연기자’의 귀책사유로 인하여 ‘기획업자’가 ‘연기자’를 대신하여 제3자에게 배상한 금원이 있는 경우, 이 금원 및 배상에 소요된 비용을 ‘연기자’의 수익에서 우선 공제할 수 있다."
대중문화예술인 표준전속계약서,"제12조 ④ ‘기획업자’가 제3자로부터 ‘연기자’의 대중문화예술용역 제공의 대가를 수령한 경우, 수령일로부터 45일 이내에 ‘연기자’에게 계약에서 정한 금원을 지급한다. 다만, 지급을 지체할 정당한 사유가 있는 경우에는 지급일로부터 45일의 범위에서 그 지급 기한을 연장할 수 있다."
대중문화예술인 표준전속계약서,"제12조 ⑤ ‘기획업자’는 제1항에 따라 분배된 수익을 ‘연기자’에게 지급함과 동시에 수익의 정산 내역(총 수입, 수익의 분배, 정산방법 및 비용공제 등을 확인할 수 있는 자료)을 ‘연기자’에게 제공한다. 이때 ‘연기자’는 필요한 경우 정산내역을 수령한 날로부터 30일 이내에 ‘기획업자’에게 정산내역에 대하여 이의를 제기할 수 있으며, ‘기획업자’는 ‘연기자’에게 정산내역의 근거를 성실히 제공하여야 한다."
대중문화예술인 표준전속계약서,"제12조 ⑥ ‘연기자’는 필요시 ‘기획업자’에게 정산내역을 요구할 수 있으며, 그 제공 주기는 「대중문화예술산업발전법」에 정해진 바에 따른다."
대중문화예술인 표준전속계약서,제12조 ⑦ ‘기획업자’와 ‘연기자’는 각자의 소득에 대한 세금을 각각 부담한다.
대중문화예술인 표준전속계약서,제13조 ① ‘기획업자’는 자신의 매니지먼트 권한 범위 내에서 ‘연기자’의 대중문화예술용역에 필요한 능력의 습득 및 향상을 위한 교육(훈련)에 소요되는 제반 비용을 원칙적으로 부담한다.
대중문화예술인 표준전속계약서,"제13조 ② 제1항에 따른 제반 비용은 ‘연기자’의 동의 하에 ‘연기자’에게 부담시킬 수 있으며, 향후 발생하는 ‘연기자’의 수입에서 공제될 수 있다. ‘기획업자’는 ‘연기자’가 부담하는 비용의 범위가 합리적인 정도를 벗어나지 않도록 하여야 한다."
대중문화예술인 표준전속계약서,제13조 ③ ‘연기자’는 대중문화예술용역과 무관한 비용을 ‘기획업자’에게 부담시킬 수 없다.
대중문화예술인 표준전속계약서,제14조 ① ‘기획업자’는 계약체결 당시 ‘연기자’에 대해 제5조 제1항 및 제12조의 매니지먼트 권한 및 의무를 적절히 행사하는데 필요한 인적·물적 자원을 보유하고 적절한 능력을 갖추고 있다는 것을 확인하고 보증한다.
대중문화예술인 표준전속계약서,제14조 ② ‘연기자’는 ‘기획업자’에 대해 다음 각 호의 사항을 확인하고 보증한다. 1. 이 계약을 유효하게 체결하는데 필요한 권리 및 권한을 보유하고 있다는 것 2. 이 계약의 체결이 제3자와의 다른 계약을 침해하지 않는다는 것 3. 계약기간 중 이 계약 내용과 저촉되는 계약을 제3자와 체결하지 않는다는 것
대중문화예술인 표준전속계약서,"제15조 이 계약내용 중 일부를 변경할 필요가 있는 경우에는 ‘기획업자’와 ‘연기자’의 서면합의에 의하여 변경할 수 있으며, 그 서면합의에서 달리 정함이 없는 한, 변경된 사항은 그 합의가 있는 때로부터 효력을 가진다."
대중문화예술인 표준전속계약서,"제16조 ① ‘기획업자’ 또는 ‘연기자’ 중 일방이 이 계약에서 정한 내용을 위반하는 경우, 그 상대방은 유책 당사자 일방에 대하여 14일의 기간 동안 위반사항을 시정할 것을 요구하고, 그 기간 내에 위반사항이 시정되지 아니하거나 혹은 시정될 수 없는 경우에는 계약을 해제 또는 해지할 수 있으며, 손해배상을 청구할 수 있다. 다만, 위반사항의 시정이 지체될 정당한 사유가 있는 경우에는 시정일로부터 14일의 범위에서 그 시정 기한을 연장할 수 있다."
대중문화예술인 표준전속계약서,"제16조 ② ‘기획업자’가 계약내용에 따른 자신의 의무를 충실히 이행하고 있음에도 불구하고, ‘연기자’가 계약기간 도중에 계약을 일방적으로 파기할 목적으로 계약상의 내용을 위반한 경우에 ‘연기자’는 제1항의 손해배상과는 별도로 계약 잔여기간 동안 ‘연기자’의 대중문화예술용역으로 인해 발생된 매출액의 ___%를 위약벌로 ‘기획업자’에게 지급한다. 단, 위약벌은 ‘연기자’의 대중문화예술용역으로 인해 발생된 매출액의 15%를 넘지 못한다."
대중문화예술인 표준전속계약서,제16조 ③ 계약 해지일 현재 이미 발생한 당사자들의 권리·의무는 이 계약의 해지로 인하여 영향을 받지 않는다.
대중문화예술인 표준전속계약서,"제16조 ④ ‘연기자’가 중대한 질병에 걸리거나 상해를 당하여 대중문화예술용역의 제공을 계속하기 어려운 사정이 발생한 경우 계약 당사자간 합의에 따라 이 계약을 해지할 수 있으며, 이 경우에 ‘기획업자’는 ‘연기자’에게 손해배상 등을 청구할 수 없다."
대중문화예술인 표준전속계약서,"제16조 ⑤ ‘기획업자’ 또는 ‘기획업자’ 소속 임원(임원은 등기임원을 말한다), ‘기획업자’ 소속 직원(고용 형태를 불문한다)이 ‘연기자’에 대한 성희롱·성폭력으로 인하여 법원의 확정판결을 받은 경우, ‘연기자’는 계약을 해지할 수 있으며 그로 인한 손해배상을 청구할 수 있다. 다만 ‘기획업자’ 소속 직원이 범한 성범죄의 경우, ‘기획업자’가 이에 대한 귀책이 없음을 입증하는 경우에는 계약 해지 및 손해배상의 사유가 되지 않는다."
대중문화예술인 표준전속계약서,"제17조 ‘기획업자’와 ‘연기자’는 이 계약의 내용 및 이 계약과 관련하여 알게 된 상대방의 업무상의 비밀을 제3자에게 누설하거나 부당한 목적으로 사용하여서는 아니된다. 이 비밀유지의무는 계약의 해제·해지 및 계약기간 종료 후에도 유지된다. 다만, 계약 관련 자문 등을 위해 비밀유지의무를 지는 변호사 등 전문가, 정부 등에 제공하는 경우는 예외로 한다."
대중문화예술인 표준전속계약서,제18조 ① 이 계약에서 발생하는 모든 분쟁은 ‘기획업자’와 ‘연기자’가 자율적으로 원활하게 해결하도록 노력한다.
대중문화예술인 표준전속계약서,"제18조 ② 제1항에 따라 해결되지 않을 때에는 다음 각 호의 하나에 해당하는 절차에 소송에 선행하여 거칠 수 있고, 양측 당사자는 해당 절차에 성실하게 임하여야 한다. 1. 콘텐츠분쟁조정위원회의 조정 2. 한국저작권위원회의 조정 3. 대한상사중재원의 중재(仲裁)"
대중문화예술인 표준전속계약서,"제18조 ③ 제2항에 따른 절차를 진행하지 않을 경우, 이 계약에 관한 분쟁의 해결은 민사소송법에 따른 소송절차에 의한다."
대중문화예술인 표준전속계약서,"제19조 ① ‘기획업자’는 청소년(만 19세 미만인 사람을 말한다. 다만, 만 19세가 되는 해의 1월 1일을 맞이한 사람은 제외한다.) 대중문화예술인의 신체적·정신적 건강, 학습권, 인격권, 수면권, 휴식권, 자유선택권 등 기본적인 인권을 보장한다."
대중문화예술인 표준전속계약서,제19조 ② ‘기획업자’는 연예매니지먼트 계약을 체결하는 경우 대중문화예술인의 연령을 확인하고 청소년의 경우 과다노출 및 지나치게 선정적으로 표현하는 행위를 요구할 수 없다.
대중문화예술인 표준전속계약서,제19조 ③ ‘기획업자’는 청소년 대중문화예술인의 대중문화예술용역 제공 시 「대중문화예술산업발전법」에 따른 용역제공시간 규정을 준수하여야 한다.
대중문화예술인 표준전속계약서,제19조 ④ 청소년 대중문화예술인과의 관계에 있어서 본 계약에서 정하지 않은 사항은 ‘청소년 대중문화예술인(또는 연습생) 표준 부속합의서’에서 정할 수 있다.
대중문화예술인 표준전속계약서,"제20조 ① ‘기획업자’와 ‘연기자’는 이 계약의 내용을 보충하거나, 이 계약에서 정하지 아니한 사항을 규정하기 위하여 부속합의서를 작성할 수 있다."
대중문화예술인 표준전속계약서,제20조 ② 제1항에 따른 부속 합의는 이 계약의 내용에 배치되거나 위반되지 않는 범위로 한정한다.
대중문화예술인 표준전속계약서,"제20조 ③ 제19조 제4항에 따른 ‘청소년 대중문화예술인(또는 연습생) 표준 부속합의서’는 제2항의 예외로 하며, 본 계약에 우선하여 적용한다."
제품디자인 용역 표준계약서,부칙 1항 이 고시는 고시일부터 시행한다.
제품디자인 용역 표준계약서,부칙 2항 이 고시는 2016년 6월 12일까지 훈령․예규 등 발령 및 관리에 관한 규정(대통령 훈령 제248호) 제7조 제3항 제2호에 따라 재검토하여야 한다.
제품디자인 용역 표준계약서,"제1조(계약의 목적) 본 계약은 공급자는 수요자가 발주한 00 디자인 개발의 목적물을 완성하여 인도하고, 수요자는 그 대가로서 공급자에게 보수를 지불함에 있어서 계약당사자 상호간의 권리와 의무 등을 명확히 함으로써 분쟁을 예방하고 상호간의 이익을 증진하는데 그 목적이 있다."
제품디자인 용역 표준계약서,"제2조(용어의 정의) 1항 계약서는 본 계약서 외에 수요자와 공급자가 합의한 업무내용, 과업수행 방법과 일정 등을 기재한 별첨 공급자의 제안서와 기타 수요자와 공급자가 본 계약과 관련하여 합의한 문서를 구성요소로 한다."
제품디자인 용역 표준계약서,제2조(용어의 정의) 2항 중간인도물이라 함은 제안서에 명기된 형식과 수단으로 공급자가 수요자에게 인도(제시)하는 특정된 작업생산물을 말한다.
제품디자인 용역 표준계약서,제2조(용어의 정의) 3항 최종시안이라 함은 최종인도물을 제작하기 위해 공급자가 제시한 중간인도물 중 수요자가 채택한 디자인 시안을 의미한다.
제품디자인 용역 표준계약서,제2조(용어의 정의) 4항 최종인도물이라 함은 최종시안의 디자인 결과물을 의미한다.
제품디자인 용역 표준계약서,"제2조(용어의 정의) 5항 지식재산권이라 함은 저작권법, 디자인보호법 등 지식재산권 관련 법령에 따라 보호되는 무형의 재산권을 의미한다."
제품디자인 용역 표준계약서,"제2조(용어의 정의) 6항 사전작업물이라 함은 디자인 개발과정 중에 공급자에 의해 개발된 디자인 콘셉트, 디자인 시안 등의 모든 작업물을 의미하며, 이 사전작업물은 수요자에게 제시 또는 전달되었거나 전달되지 않았을 수도 있으며 최종인도물의 형태를 구성하지 않을 수도 있다."
제품디자인 용역 표준계약서,제3조(보수) 1항 공급자의 00 디자인 개발 보수는 일금 원정(￦ )으로 한다.
제품디자인 용역 표준계약서,"제3조(보수) 2항 제1항의 규정에 의한 보수 이외에 공급자의 디자인 개발 수행과 관련하여 발생하는 다음 각 호에 열거하는 실비변상적 비용은 수요자에게 별도로 청구한다. 1호 모형제작비, 2호 출장여비, 3호 인쇄비, 4호 기타 전 각호와 유사한 비용"
제품디자인 용역 표준계약서,제3조(보수) 3항 제1항 내지 제2항에 따라 산출되는 보수는 부가가치세를 별도로 한다.
제품디자인 용역 표준계약서,"제4조(보수의 지급) 1항 수요자는 본 계약의 이행 대가로 다음과 같이 공급자에게 보수를 지급하기로 한다. 1호 계약금 및 착수금: 착수일로부터 14일 이내 일금 원정(￦ ), 2호 중도금: 최종시안 결정 후 14일 이내 일금 원정(￦ ), 3호 잔금: 최종인도물 검수 완료 후 14일 이내에 보수잔금"
제품디자인 용역 표준계약서,제4조(보수의 지급) 2항 실비변상적 비용은 발생월 익월 14일 이내에 지급하기로 한다.
제품디자인 용역 표준계약서,제4조(보수의 지급) 3항 제1항과 제2항의 보수는 세법에서 정한 부가가치세를 가산하여 지급한다.
제품디자인 용역 표준계약서,제5조(보수지급지연에 대한 이자) 1항 수요자의 귀책사유로 인하여 전조의 규정에 의한 계약금 등의 지급기한을 경과한 경우 공급자는 총경과일에 대하여 지연발생 시점의 금융기관 대출평균금리(한국은행 통계월보상의 금융기관 대출평균금리를 말한다)의 두 배를 곱하여 산출한 금액을 연체이자로 청구할 수 있다.
제품디자인 용역 표준계약서,제5조(보수지급지연에 대한 이자) 2항 천재ㆍ지변 등 불가항력의 사유로 인하여 보수지급이 지연된 경우에 제1항의 보수지급지연 일수에 산입하지 아니한다.
제품디자인 용역 표준계약서,제6조(계약 내용의 변경ㆍ추가) 1항 수요자와 공급자는 합리적이고 객관적인 사유가 발생하여 부득이하게 계약변경이 필요하거나 수요자의 요청에 의하여 계약내용을 변경ㆍ추가하고자 하는 경우에는 상호 합의하여 계약의 내용과 범위를 기명날인한 서면에 의해 변경할 수 있다.
제품디자인 용역 표준계약서,"제6조(계약 내용의 변경ㆍ추가) 2항 수요자의 요청에 의하여 업무내용, 일정 등이 변경되어 공급자의 투입시간 등이 증가한 경우에는 공급자는 공급자의 노무비 시간당 표준임률에 따라 추가보수를 청구한다."
제품디자인 용역 표준계약서,제7조(용역의 완료검사 및 인수) 1항 수요자는 용역의 각 단계에서의 중간인도물에 대하여 검수를 실시하고 5일 이내에 검수 결과를 통지하여야 한다.
제품디자인 용역 표준계약서,"제7조(용역의 완료검사 및 인수) 2항 중간인도물에 대한 수요자의 반대, 수정 등의 의견은 공급자가 합리적으로 그 의견을 반영할 수 있도록 명확히 서면으로 하여야 하며 수요자의 반대 등의 통지가 없다면 인수된 것으로 한다."
제품디자인 용역 표준계약서,"제7조(용역의 완료검사 및 인수) 3항 공급자는 본 계약에서 규정하고 있는 “00디자인 개발”의 최종인도물 및 관련보고서, 문서 등을 작성하여 계약기간 내에 완료검사를 요청하여야 한다."
제품디자인 용역 표준계약서,제7조(용역의 완료검사 및 인수) 4항 수요자는 제3항에 의거 공급자로부터 제출을 받은 때에는 제출일로부터 10일 이내에 최종인도물의 검사를 완료하고 검사에 합격한 때에는 지체 없이 최종인도물을 인수하여야 한다.
제품디자인 용역 표준계약서,"제7조(용역의 완료검사 및 인수) 5항 수요자의 검사 결과 불합격한 때에는 불합격의 사유를 서면으로 통지하고, 공급자는 이에 따라 수정 또는 보완을 하여 수요자에게 재완료 검사를 받아야 한다."
제품디자인 용역 표준계약서,제7조(용역의 완료검사 및 인수) 6항 제5항의 통지가 없다면 최종인도물은 인수된 것으로 본다.
제품디자인 용역 표준계약서,"제8조(지식재산권 귀속 등) 1항 당해 계약에 따라 수요자에 의해 인수된 최종인도물에 대한 지식재산권은 용역 종료 또는 보수 지불이 완료된 후 수요자에게 양도되며, 지식재산권의 등록에 소요되는 비용은 수요자가 부담한다."
제품디자인 용역 표준계약서,"제8조(지식재산권 귀속 등) 2항 본 용역 수행과정 중에 수요자에게 제시된 공급자의 중간인도물에 대한 지식재산권은 공급자에게 귀속되며, 수요자는 공급자의 허락 없이 사용할 수 없다."
제품디자인 용역 표준계약서,"제9조(제3자에 대한 손해) 1항 공급자는 본 계약의 이행에서 제3자 또는 수요자에 대한 손해를 부담하여야 한다. 다만, 공급자의 책임 없는 사유로 인하여 발생한 경우에는 수요자가 부담 한다."
제품디자인 용역 표준계약서,제9조(제3자에 대한 손해) 2항 검수 후 최종인도물에 대한 손해는 수요자가 부담하여야 한다.
제품디자인 용역 표준계약서,제9조(제3자에 대한 손해) 3항 제1항에 의하여 부담하는 공급자의 수요자에 대한 손해배상액은 본 계약으로 인하여 수령하는 보수액을 한도로 한다.
제품디자인 용역 표준계약서,제10조(권리·의무의 양도 금지) 수요자와 공급자는 서면으로 상대방의 동의를 얻지 아니하는 한 본 계약으로부터 발생하는 권리·의무의 전부 또는 일부를 제3자에게 양도 또는 승계시킬 수 없다.
제품디자인 용역 표준계약서,제11조(비밀의 유지) 1항 수요자와 공급자는 본 계약의 이행과정에서 알게 된 상대방의 업무상·기술상 비밀을 상대방의 승인이 없는 한 부당하게 이를 이용하거나 제3자에게 누설하여서는 아니 된다.
제품디자인 용역 표준계약서,"제11조(비밀의 유지) 2항 수요자와 공급자는 계약기간 중, 계약기간의 만료 또는 계약의 해제·해지 후에도 제1항의 이행의무가 있으며, 이에 위반하여 상대방에게 손해를 입힌 경우에는 이를 배상한다."
제품디자인 용역 표준계약서,제11조(비밀의 유지) 3항 비밀 준수의무는 계약기간의 만료 또는 해제ㆍ해지 시점부터 1년간 준수한다.
제품디자인 용역 표준계약서,"제12조(자료의 제공 및 반환) 1항 수요자는 공급자가 “00 디자인 개발” 수행 상 필요로 하는 제반자료를 제공해 주어야 하며, 공급자는 본 계약의 이행과 관련하여 수요자로부터 제공된 서류, 정보, 기타 모든 자료를 선량한 관리자의 주의의무로 관리하고, 수요자의 사전 서면 승인 없이 복제, 유출하거나 본 계약 이외에 다른 목적으로 이용하여서는 아니 된다."
제품디자인 용역 표준계약서,"제12조(자료의 제공 및 반환) 2항 공급자는 본 계약이 종료 또는 중도에 해지, 해제된 경우, 수요자로부터 제공받은 제1항의 모든 자료를 수요자에게 즉시 반환하여야 한다."
제품디자인 용역 표준계약서,"제13조(계약의 해제 또는 해지) 1항 수요자와 공급자는 계약기간 중 다음 각 호에 해당하는 경우에는 본 계약을 해제 또는 해지할 수 있다. 1호 양 당사자가 서면으로 합의한 경우, 2호 당사자 일방이 부도, 파산 또는 회생절차 신청 등 영업상의 중대한 사유가 발생하여 계약을 이행할 수 없다고 인정되는 경우, 3호 재해 기타 사유로 인하여 이 본 계약을 이행하기 곤란하다고 쌍방이 인정한 경우, 4호 기타 공급자의 책임 있는 사유로 본 계약을 이행할 수 없다고 인정되는 경우"
제품디자인 용역 표준계약서,"제13조(계약의 해제 또는 해지) 2항 수요자와 공급자는 다음 각 호의 1에 해당하는 사유가 발생하는 경우에는 “상대방”에게 그 이행을 최고하고, 14일 이내에 이를 이행하지 아니한 때에는 본 계약의 전부 또는 일부를 해제·해지할 수 있다. 1호 본 계약의 중요한 내용을 위반한 경우, 2호 수요자가 정당한 사유 없이 공급자의 위탁업무 수행에 필요한 사항의 이행을 지연 하여 공급자의 계약 이행에 지장을 초래한 경우, 3호 공급자가 정당한 사유 없이 디자인 용역을 거부하거나 용역 착수를 지연하여 계약 기간 내에 완성이 곤란하다고 인정되는 경우"
제품디자인 용역 표준계약서,제13조(계약의 해제 또는 해지) 3항 수요자와 공급자는 제1항 또는 제2항의 규정에 의하여 계약의 해제·해지 사유가 발생한 경우 상대방에게 지체 없이 서면으로 통지하여야 한다.
제품디자인 용역 표준계약서,제13조(계약의 해제 또는 해지) 4항 수요자와 공급자는 자신의 귀책사유로 인하여 이 계약 또는 개별계약의 전부 또는 일부가 해제·해지됨으로써 발생한 상대방의 손해를 배상하여야 한다.
제품디자인 용역 표준계약서,"제13조(계약의 해제 또는 해지) 5항 제3항에 의하여 계약이 해제·해지된 때에는 각 당사자의 상대방에 대한 일체의 채무는 기한의 이익을 상실하며, 지체 없이 이를 변제하여야 한다."
제품디자인 용역 표준계약서,제14조(수요자의 책임에 의한 계약의 해제 또는 변경) 1항 수요자는 필요한 경우 본 계약의 전부 또는 일부를 해제 또는 변경할 수 있다.
제품디자인 용역 표준계약서,제14조(수요자의 책임에 의한 계약의 해제 또는 변경) 2항 제1항에 의하여 계약의 전부 또는 일부를 해제한 경우 수요자는 공급자의 모든 손해를 배상하여야 한다.
제품디자인 용역 표준계약서,"제14조(수요자의 책임에 의한 계약의 해제 또는 변경) 3항 제1항에 의하여 디자인 개발 업무가 중지되었을 경우 수요자는 공급자에게 중지로 인하여 발생하지 않는 경비를 제외하고 보수 전액을 지불하는 것으로 한다. 다만, 부득이한 사유로 인한 중지의 경우에는 보수는 중지 시점까지 수행한 업무 수행량에 비례하여 지불한다."
제품디자인 용역 표준계약서,"제15조(지체상금) 1항 공급자가 약정한 계약기간 내에 “00 디자인 개발”을 완료하지 못한 경우, 수요자는 지체일수에 계약금액의 (2)/1000을 곱한 금액(이하 “지체상금”이라 한다)을 계약금액에서 공제한다."
제품디자인 용역 표준계약서,"제15조(지체상금) 2항 수요자는 다음 각 호의 1에 해당되어 “00 디자인 개발”이 지체되었다고 인정할 때에는 그 해당일수를 동조 제1항의 지체일수에 산입하지 아니한다. 1호 천재지변 등 불가항력의 사유에 의한 경우, 2호 수요자의 책임으로 디자인 용역의 착수가 지연되거나 위탁수행이 중단된 경우, 3호 기타 공급자의 책임에 속하지 않는 사유로 인하여 지체된 경우"
제품디자인 용역 표준계약서,"제15조(지체상금) 3항 지체일수의 산정기준은 다음 각 호의 1과 같다. 1호 계약기간 내에 수행을 완료한 경우에는 검사에 소요된 기간은 지체일수에 산입하지 아니한다. 다만, 계약기간 이후에 검사 시 공급자의 디자인 용역 계약이행 내용의 전부 또는 일부가 계약에 위반되거나 부당함에 따라 검사에 따른 수정요구를 공급자에게 한 경우에는 수정요구를 한 날로부터 최종검사에 합격한 날까지의 기간을 지체일수에 산입한다. 2호 계약기간을 경과하여 디자인 용역을 완료한 경우에는 용역수행기간 익일부터 검사(수정요구를 한 경우에는 최종검사)에 합격한 날가지의 기간을 지체일수에 산입한다."
제품디자인 용역 표준계약서,제16조(공급자의 배상책임) 공급자가 계약을 위반하여 수요자에게 손해를 끼친 때에는 보수금액을 한도로 배상책임을 부담한다.
제품디자인 용역 표준계약서,제17조(불가항력) “수요자” 또는 “공급자”는 천재지변이나 국가비상사태 등 불가항력의 사유로 상대방에게 의무불이행 및 손해에 대하여는 책임을 지지 아니한다.
제품디자인 용역 표준계약서,제18조(분쟁의 해결) 1항 본 계약과 관련하여 발생되는 모든 분쟁은 한국디자인진흥원의 디자인분쟁조정위원회의 조정에 따른다.
제품디자인 용역 표준계약서,"제18조(분쟁의 해결) 2항 동조 제1항의 규정에도 불구하고, 본 계약과 관련한 소의 제기는 피청구인의 사무소를 관할하는 법원에 하는 것으로 한다."
제품디자인 용역 표준계약서,제19조(통지) 1항 “수요자”와 “공급자”는 본 계약의 이행과 관련된 변동사항이 발생하였을 경우에는 상대방에게 이를 즉시 통지하여야 한다.
제품디자인 용역 표준계약서,"제19조(통지) 2항 본 계약 당사자의 타방 당사자에 대한 일체의 통지, 통고 등은 계약서에 기재된 당사자의 주소로 우편 등 서면으로 하여야 하며, 양 당사자는 주소가 변경되는 경우 지체 없이 상대방에게 통지하여야 한다."
제품디자인 용역 표준계약서,제19조(통지) 3항 통지의 효력은 통지의 서면이 타방 주소지에 도달한 날부터 발생한다.
제품디자인 용역 표준계약서,"제20조(상호합의) 1항 본 계약에 명시되지 아니한 사항은 상호합의에 의하여 정하기로 하며, 이 계약조문의 해석은 한국디자인진흥원의 디자인분쟁조정위원회의 해석에 따른다."
제품디자인 용역 표준계약서,"제20조(상호합의) 2항 본 계약의 일부 조항이 구속력이 없거나 무효인 것으로 판단될 경우에도 나머지 조항은 그대로 유효하며, 무효인 조항도 법의 한도 내에서 최대한 효력을 가질 수 있도록 해석한다."
제품디자인 용역 표준계약서,제21조(기타) 본 계약의 성립을 입증하기 위하여 계약서 2통을 작성하고 수요자와 공급자가 각기 기명날인하여 각 각 1통씩 보관한다.
시각디자인 용역 표준계약서,"제1조(계약의 목적) 본 계약은 공급자는 수요자가 발주한 “00 디자인 개발”의 목적물을 완성하여 인도하고, 수요자는 그 대가로서 공급자에게 보수를 지불함에 있어서 계약당사자 상호간의 권리와 의무 등을 명확히 함으로써 분쟁을 예방하고 상호간의 이익을 증진하는데 그 목적이 있다."
시각디자인 용역 표준계약서,"제2조(용어의 정의) 1항 본 계약서에서 사용되는 용어의 정의는 다음과 같고, 정의되지 않은 용어는 관련 법령 및 상관습에 따른다."
시각디자인 용역 표준계약서,"제2조(용어의 정의) 1항 1호 ‘계약서’는 본 계약서 외에 수요자와 공급자가 합의한 업무내용, 과업수행 방법과 일정 등을 기재한 별첨 제안서와 기타 수요자와 공급자가 본 계약과 관련하여 합의한 문서를 구성요소로 한다."
시각디자인 용역 표준계약서,"제2조(용어의 정의) 1항 2호 ‘수요자의 콘텐트’란 최종인도물의 제작에 사용하기 위하여 수요자로부터 제공받은 모든 자료, 정보, 사진, 인쇄물 등 수요자가 정당하게 소유하고 있는 내용을 의미한다."
시각디자인 용역 표준계약서,제2조(용어의 정의) 1항 3호 ‘중간인도물’이라 함은 제안서에 명기된 형식과 수단으로 공급자가 수요자에게 인도(제시)하는 특정된 작업생산물을 말한다.
시각디자인 용역 표준계약서,제2조(용어의 정의) 1항 4호 ‘최종시안’이라 함은 최종인도물을 제작하기 위해 공급자가 제시한 중간인도물 중 수요자가 채택한 디자인 시안을 의미한다.
시각디자인 용역 표준계약서,제2조(용어의 정의) 1항 5호 ‘최종인도물’이라 함은 최종시안의 디자인 결과물을 의미한다.
시각디자인 용역 표준계약서,"제2조(용어의 정의) 1항 6호 ‘지식재산권’이라 함은 「저작권법」, 「디자인보호법」등 지식재산권 관련 법령에 따라 보호되는 무형의 재산권을 의미한다."
시각디자인 용역 표준계약서,"제2조(용어의 정의) 1항 7호 ‘사전작업물’이라 함은 디자인 개발과정 중에 공급자에 의해 개발된 디자인콘셉트, 디자인 시안 등 모든 작업물을 의미하며, 이 사전작업물은 수요자에게 제시 또는 전달되었거나 전달되지 않았을 수도 있으며 최종인도물의 형태를 구성하지 않을 수도 있다."
시각디자인 용역 표준계약서,"제2조(용어의 정의) 1항 8호 ‘제3자의 창작물’은 이라 함은 최종인도물을 구성하는 수요자와 공급자 이외의 제3자 소유의 지식재산(사진, 일러스트레이션, 기호 등)을 의미한다."
시각디자인 용역 표준계약서,"제2조(용어의 정의) 1항 9호 ‘최종인도물의 구성요소’이라 함은 최종인도물을 구성하는 개별적인 문자체, 기호, 도화, 삽화 등을 의미한다."
시각디자인 용역 표준계약서,제3조(보수) ① 공급자의 00 디자인 개발 보수는 일금 원(￦ )으로 한다.
시각디자인 용역 표준계약서,제3조(보수) ② 제1항의 규정에 의한 보수 이외에 공급자의 디자인 개발 수행과 관련하여 발생하는 다음 각 호에 열거하는 실비변상적 비용은 수요자에게 별도로 청구한다.
시각디자인 용역 표준계약서,제3조(보수) ② 1호 모형제작비
시각디자인 용역 표준계약서,제3조(보수) ② 2호 출장여비
시각디자인 용역 표준계약서,제3조(보수) ② 3호 인쇄비
시각디자인 용역 표준계약서,제3조(보수) ② 4호 제3자 창작물 사용료
시각디자인 용역 표준계약서,"제3조(보수) ② 5호 스튜디오 사용료, 모델료 등 외주비용"
시각디자인 용역 표준계약서,제3조(보수) ② 6호 기타 전 각호와 유사한 비용
시각디자인 용역 표준계약서,제3조(보수) ③ 제1항 내지 제2항에 따라 산출되는 보수는 부가가치세를 별도로 한다.
시각디자인 용역 표준계약서,제4조(보수의 지급) ① 수요자는 본 계약의 이행의 대가로 다음과 같이 공급자에게 보수를 지급하기로 한다.
시각디자인 용역 표준계약서,제4조(보수의 지급) ① 1호 계약금 및 착수금: 착수일로부터 14일 이내 일금 원정(￦ )
시각디자인 용역 표준계약서,제4조(보수의 지급) ① 2호 중도금: 최종시안 결정 후 14일 이내 일금 원정(￦ )
시각디자인 용역 표준계약서,제4조(보수의 지급) ① 3호 잔금: 최종인도물 검수 완료 후 14일 이내에 보수잔금
시각디자인 용역 표준계약서,제4조(보수의 지급) ② 실비변상적 비용은 발생월 익월 14일 이내에 지급하기로 한다.
시각디자인 용역 표준계약서,제4조(보수의 지급) ③ 제3자 창작물 사용료는 제3자가 수요자에게 직접 청구할 수 있다.
시각디자인 용역 표준계약서,제4조(보수의 지급) ④ 제1항과 제2항의 보수는 세법에서 정한 부가가치세를 가산하여 지급한다.
시각디자인 용역 표준계약서,제5조(보수지급지연에 대한 이자) ① 수요자의 귀책사유로 인하여 전조의 규정에 의한 계약금 등의 지급기한을 경과한 경우 공급자는 총 경과일에 대하여 지연발생 시점의 금융기관 대출평균금리(한국은행 통계월보상의 금융기관 대출평균금리를 말한다)의 두 배를 곱하여 산출한 금액을 연체이자로 청구할 수 있다.
시각디자인 용역 표준계약서,제5조(보수지급지연에 대한 이자) ② 천재ㆍ지변 등 불가항력의 사유로 인하여 보수지급이 지연된 경우에 제1항의 보수지급지연일수에 산입하지 아니한다.
시각디자인 용역 표준계약서,제6조(계약 내용의 변경ㆍ추가) ① 수요자와 공급자는 합리적이고 객관적인 사유가 발생하여 부득이하게 계약변경이 필요하거나 수요자의 요청에 의하여 계약내용을 변경ㆍ추가하고자 하는 경우에는 상호 합의하여 계약의 내용과 범위를 기명날인한 서면에 의해 변경할 수 있다.
시각디자인 용역 표준계약서,"제6조(계약 내용의 변경ㆍ추가) ② 수요자의 요청에 의하여 업무내용, 일정 등이 변경되어 공급자의 투입시간 등이 증가한 경우에는 공급자는 공급자의 노무비 시간당 표준임률에 따라 추가보수를 청구한다."
시각디자인 용역 표준계약서,제7조(용역의 완료검사 및 인수) ① 수요자는 용역의 각 단계에서의 중간인도물에 대하여 검수를 실시하고 5일 이내에 검수 결과를 통지하여야 한다.
시각디자인 용역 표준계약서,"제7조(용역의 완료검사 및 인수) ② 중간인도물에 대한 수요자의 반대, 수정 등의 의견은 공급자가 합리적으로 그 의견을 반영할 수 있도록 명확히 서면으로 하여야 하며 수요자의 반대 등의 통지가 없다면 인수된 것으로 한다."
시각디자인 용역 표준계약서,"제7조(용역의 완료검사 및 인수) ③ 공급자는 본 계약에서 규정하고 있는 “00디자인 개발”의 최종인도물 및 관련보고서, 문서 등을 작성하여 계약기간 내에 완료검사를 요청하여야 한다."
시각디자인 용역 표준계약서,제7조(용역의 완료검사 및 인수) ④ 수요자는 제3항에 의거 공급자로부터 제출을 받은 때에는 제출일로부터 10일 이내에 최종인도물의 검사를 완료하고 검사에 합격한 때에는 지체 없이 최종인도물을 인수하여야 한다.
시각디자인 용역 표준계약서,"제7조(용역의 완료검사 및 인수) ⑤ 수요자의 검사결과 불합격한 때에는 불합격의 사유를 서면으로 통지하고, 공급자는 이에 따라 수정 또는 보완을 하여 수요자에게 재완료 검사를 받아야 한다."
시각디자인 용역 표준계약서,제7조(용역의 완료검사 및 인수) ⑥ 제5항의 통지가 없다면 최종인도물은 인수된 것으로 본다.
시각디자인 용역 표준계약서,"제8조(지식재산권 귀속 등) ① 최종인도물을 구성하는 수요자의 콘텐트는 수요자의 소유이며, 본 계약이 종료된 이후 수요자의 승인 없이 사용할 수 없다."
시각디자인 용역 표준계약서,"제8조(지식재산권 귀속 등) ② 당해 계약에 따라 수요자에 의해 인수된 최종인도물에 대한 지식재산권은 용역 종료 또는 보수 지불이 완료된 후 수요자에게 양도되며, 지식재산권의 등록에 소요되는 비용은 수요자가 부담한다."
시각디자인 용역 표준계약서,"제8조(지식재산권 귀속 등) ③ 본 용역 수행과정 중에 수요자에게 제시된 공급자의 중간인도물, 사전작업물, 최종인도물의 개별구성요소에 대한 지식재산권은 공급자에게 귀속되며, 공급자의 허락 없이 사용할 수 없다."
시각디자인 용역 표준계약서,"제8조(지식재산권 귀속 등) ④ 수요자의 최종인도물에 대한 실시가 공급자의 중간인도물, 사전작업물, 최종인도물의 개별구성요소를 이용하게 되는 경우에는 제3항의 규정에도 불구하고 본 계약에 의하여 공급자의 사용 허락이 있는 것으로 본다."
시각디자인 용역 표준계약서,"제8조(지식재산권 귀속 등) ⑤ 제3자 창작물에 대한 지식재산권은 제3자에게 있으며 공급자는 수요자에게 최종인도물의 구성에 필요한 제3자 창작물의 내용과 사용비용 등을 고지하고, 사용여부에 대한 승인을 얻어 사용에 필요한 절차를 취한다."
시각디자인 용역 표준계약서,제9조(제3자에 대한 손해) ① 공급자는 최종인도물에 제3자의 지식재산권을 의도적으로 침해하지 않을 것을 보증한다.
시각디자인 용역 표준계약서,"제9조(제3자에 대한 손해) ② 공급자는 제3자의 지식재산권을 침해함으로 인한 수요자의 손해에 대하여 책임을 부담한다. 다만, 공급자의 책임 없는 사유로 인하여 발생한 경우에는 수요자가 부담 한다."
시각디자인 용역 표준계약서,제9조(제3자에 대한 손해) ③ 제1항에 의하여 부담하는 공급자의 손해배상액은 본 계약으로 인하여 수령하는 보수액을 한도로 한다.
시각디자인 용역 표준계약서,제10조(권리·의무의 양도 금지) 수요자와 공급자는 서면으로 상대방의 동의를 얻지 아니하는 한 본 계약으로부터 발생하는 권리·의무의 전부 또는 일부를 제3자에게 양도 또는 승계시킬 수 없다.
시각디자인 용역 표준계약서,제11조(비밀의 유지) ① 수요자와 공급자는 본 계약의 이행과정에서 알게 된 상대방의 업무상·기술상 비밀을 상대방의 승인이 없는 한 부당하게 이를 이용하거나 제3자에게 누설하여서는 아니 된다.
시각디자인 용역 표준계약서,"제11조(비밀의 유지) ② 수요자와 공급자는 계약기간 중, 계약기간의 만료 또는 계약의 해제·해지 후에도 제1항의 이행의무가 있으며, 이에 위반하여 상대방에게 손해를 입힌 경우에는 이를 배상한다."
시각디자인 용역 표준계약서,"제12조(자료의 제공 및 반환) ① 수요자는 공급자가 이 “00 디자인 개발” 수행 상 필요로 하는 제반자료를 제공해 주어야 하며, 공급자는 본 계약의 이행과 관련하여 수요자로부터 제공된 서류, 정보, 기타 모든 자료를 선량한 관리자의 주의의무로 관리하고, 수요자의 사전 서면 승인 없이 복제, 유출하거나 본 계약 이외에 다른 목적으로 이용하여서는 아니 된다."
시각디자인 용역 표준계약서,"제12조(자료의 제공 및 반환) ② 공급자는 본 계약이 종료 또는 중도에 해지, 해제된 경우, 수요자로부터 제공받은 제1항의 모든 자료를 수요자에게 즉시 반환하여야 한다."
시각디자인 용역 표준계약서,제13조(계약의 해제 또는 해지) ① 수요자와 공급자는 계약기간 중 다음 각 호에 해당하는 경우에는 본 계약을 해제 또는 해지 할 수 있다.
시각디자인 용역 표준계약서,제13조(계약의 해제 또는 해지) ① 1호 양 당사자가 서면으로 합의한 경우
시각디자인 용역 표준계약서,"제13조(계약의 해제 또는 해지) ① 2호 당사자 일방이 부도, 파산 또는 회생절차 신청 등 영업상의 중대한 사유가 발생하여 계약을 이행할 수 없다고 인정되는 경우"
시각디자인 용역 표준계약서,제13조(계약의 해제 또는 해지) ① 3호 재해 기타 사유로 인하여 이 본 계약을 이행하기 곤란하다고 쌍방이 인정한 경우
시각디자인 용역 표준계약서,제13조(계약의 해제 또는 해지) 1항 4호 기타 공급자의 책임 있는 사유로 본 계약을 이행할 수 없다고 인정되는 경우
시각디자인 용역 표준계약서,"제13조(계약의 해제 또는 해지) ② 수요자와 공급자는 다음 각 호의 1에 해당하는 사유가 발생하는 경우에는 “상대방”에게 그 이행을 최고하고, 14일 이내에 이를 이행하지 아니한 때에는 본 계약의 전부 또는 일부를 해제·해지할 수 있다."
시각디자인 용역 표준계약서,제13조(계약의 해제 또는 해지) ② 1호 본 계약의 중요한 내용을 위반한 경우
시각디자인 용역 표준계약서,제13조(계약의 해제 또는 해지) ② 2호 수요자가 정당한 사유 없이 공급자의 위탁수행에 필요한 사항의 이행을 지연하여 공급자의 계약 이행에 지장을 초래한 경우
시각디자인 용역 표준계약서,제13조(계약의 해제 또는 해지) ② 3호 공급자가 정당한 사유 없이 디자인 용역을 거부하거나 용역 착수를 지연하여 계약기간 내에 완성이 곤란하다고 인정되는 경우
시각디자인 용역 표준계약서,제13조(계약의 해제 또는 해지) ③ 수요자와 공급자는 제1항 또는 제2항의 규정에 의하여 계약의 해제·해지 사유가 발생한 경우 상대방에게 지체 없이 서면으로 통지하여야 한다.
시각디자인 용역 표준계약서,제13조(계약의 해제 또는 해지) ④ 수요자와 공급자는 자신의 귀책사유로 인하여 이 계약 또는 개별계약의 전부 또는 일부가 해제·해지됨으로써 발생한 상대방의 손해를 배상하여야 한다.
시각디자인 용역 표준계약서,"제13조(계약의 해제 또는 해지) ⑤ 제3항에 의하여 계약이 해제·해지된 때에는 각 당사자의 상대방에 대한 일체의 채무는 기한의 이익을 상실하며, 지체 없이 이를 변제하여야 한다."
시각디자인 용역 표준계약서,제14조(수요자의 책임에 의한 계약의 해제 또는 변경) ① 수요자는 필요한 경우 본 계약의 전부 또는 일부를 해제 또는 변경할 수 있다.
시각디자인 용역 표준계약서,제14조(수요자의 책임에 의한 계약의 해제 또는 변경) ② 제1항에 의하여 계약의 전부 또는 일부를 해제한 경우 수요자는 공급자의 모든 손해를 배상하여야 한다.
시각디자인 용역 표준계약서,"제14조(수요자의 책임에 의한 계약의 해제 또는 변경) ③ 제1항에 의하여 디자인 개발 업무가 중지되었을 경우 수요자는 공급자에게 중지로 인하여 발생하지 않는 경비를 제외하고 보수 전액을 지불하는 것으로 한다. 다만, 제17조에 의한 부득이한 사유로 인한 중지의 경우에는 보수는 중지 시점까지 수행한 업무 수행량에 비례하여 지불한다."
시각디자인 용역 표준계약서,"제15조(지체상금) ① 공급자가 약정한 계약기간 내에 “00 디자인 개발”을 완료하지 못한 경우, 수요자는 지체일수에 계약금액의 (2)/1000을 곱한 금액(이하 “지체상금”이라 한다)을 계약금액에서 공제한다."
시각디자인 용역 표준계약서,제15조(지체상금) ② 수요자는 다음 각 호의 1에 해당되어 “00 디자인 개발”이 지체되었다고 인정할 때에는 그 해당일수를 동조 제1항의 지체일수에 산입하지 아니한다.
시각디자인 용역 표준계약서,제15조(지체상금) ② 1호 천재지변 등 불가항력의 사유에 의한 경우
시각디자인 용역 표준계약서,제15조(지체상금) ② 2호 수요자의 책임으로 디자인 용역의 착수가 지연되거나 위탁수행이 중단된 경우
시각디자인 용역 표준계약서,제15조(지체상금) ② 3호 기타 공급자의 책임에 속하지 않는 사유로 인하여 지체된 경우
시각디자인 용역 표준계약서,제15조(지체상금) ③ 지체일수의 산정기준은 다음 각 호의 1과 같다.
시각디자인 용역 표준계약서,"제15조(지체상금) ③ 1호 계약기간 내에 수행을 완료한 경우에는 검사에 소요된 기간은 지체일수에 산입하지 아니한다. 다만, 계약기간 이후에 검사 시 공급자의 디자인 용역 계약이행 내용의 전부 또는 일부가 계약에 위반되거나 부당함에 따라 검사에 따른 수정요구를 공급자에게 한 경우에는 수정요구를 한 날로부터 최종검사에 합격한 날까지의 기간을 지체일수에 산입한다."
시각디자인 용역 표준계약서,제15조(지체상금) ③ 2호 계약기간을 경과하여 디자인 용역을 완료한 경우에는 용역수행기간 익일부터 검사(수정요구를 한 경우에는 최종검사)에 합격한 날가지의 기간을 지체일수에 산입한다.
시각디자인 용역 표준계약서,제16조(공급자의 배상책임) 공급자가 계약을 위반하여 수요자에게 손해를 끼친 때에는 보수금액을 한도로 배상책임을 부담한다.
시각디자인 용역 표준계약서,제17조(불가항력) “수요자” 또는 “공급자”는 천재지변이나 국가비상사태 등 불가항력의 사유로 상대방에게 의무불이행 및 손해에 대하여는 책임을 지지 아니한다.
시각디자인 용역 표준계약서,제18조(분쟁의 해결) ① 본 계약과 관련하여 발생되는 모든 분쟁은 한국디자인진흥원의 디자인분쟁조정위원회의 조정에 따른다.
시각디자인 용역 표준계약서,"제18조(분쟁의 해결) ② 동조 제1항의 규정에도 불구하고, 본 계약과 관련한 소의 제기는 피청구인의 사무소를 관할하는 법원에 하는 것으로 한다."
시각디자인 용역 표준계약서,제19조(통지) ① “수요자”와 “공급자”는 본 계약의 이행과 관련된 변동사항이 발생하였을 경우에는 상대방에게 이를 즉시 통지하여야 한다.
시각디자인 용역 표준계약서,"제19조(통지) ② 본 계약 당사자의 타방 당사자에 대한 일체의 통지, 통고 등은 계약서에 기재된 당사자의 주소로 우편 등 서면으로 하여야 하며, 양 당사자는 주소가 변경되는 경우 지체 없이 상대방에게 통지하여야 한다."
시각디자인 용역 표준계약서,제19조(통지) ③ 통지의 효력은 통지의 서면이 타방 주소지에 도달한 날부터 발생한다.
시각디자인 용역 표준계약서,"제20조(상호합의) ① 본 계약에 명시되지 아니한 사항은 상호합의에 의하여 정하기로 하며, 이 계약조문의 해석은 한국디자인진흥원의 디자인분쟁조정위원회의 해석에 따른다."
시각디자인 용역 표준계약서,"제20조(상호합의) ② 본 계약의 일부 조항이 구속력이 없거나 무효인 것으로 판단될 경우에도 나머지 조항은 그대로 유효하며, 무효인 조항도 법의 한도 내에서 최대한 효력을 가질 수 있도록 해석한다."
시각디자인 용역 표준계약서,제21조(기타) 본 계약의 성립을 입증하기 위하여 계약서 2통을 작성하고 수요자와 공급자가 각기 기명날인하여 각 각 1통씩 보관한다.
인터랙티브 디자인 용역 표준계약서,"제1조(계약의 목적) 본 계약은 공급자는 수요자가 발주한 “00 디자인 개발”의 목적물을 완성하여 인도하고, 수요자는 그 대가로서 공급자에게 보수를 지불함에 있어서 계약당사자 상호간의 권리와 의무 등을 명확히 함으로써 분쟁을 예방하고 상호간의 이익을 증진하는데 그 목적이 있다."
인터랙티브 디자인 용역 표준계약서,"제2조(용어의 정의) 본 계약서에서 사용되는 용어의 정의는 다음과 같고, 정의되지 않은 용어는 관련 법령 및 상관습에 따른다."
인터랙티브 디자인 용역 표준계약서,"제2조(용어의 정의) 1. ‘계약서’는 본 계약서 외에 수요자와 공급자가 합의한 업무내용, 과업수행 방법과 일정 등을 기재한 별첨 제안서와 기타 수요자와 공급자가 본 계약과 관련하여 합의한 문서를 구성요소로 한다."
인터랙티브 디자인 용역 표준계약서,"제2조(용어의 정의) 2. ‘수요자의 콘텐트’란 최종인도물의 제작에 사용하기 위하여 수요자로부터 제공받은 모든 자료, 정보, 사진, 인쇄물 등 수요자가 정당하게 소유하고 있는 내용을 의미한다."
인터랙티브 디자인 용역 표준계약서,제2조(용어의 정의) 3. ‘중간인도물’이라 함은 제안서에 명기된 형식과 수단으로 공급자가 수요자에게 인도(제시)하는 특정된 작업생산물을 말한다.
인터랙티브 디자인 용역 표준계약서,제2조(용어의 정의) 4. ‘최종시안’이라 함은 최종인도물을 제작하기 위해 공급자가 제시한 중간인도물 중 수요자가 채택한 디자인 시안을 의미한다.
인터랙티브 디자인 용역 표준계약서,제2조(용어의 정의) 5. ‘최종인도물’이라 함은 최종시안의 디자인 결과물을 의미한다.
인터랙티브 디자인 용역 표준계약서,"제2조(용어의 정의) 6. ‘지식재산권’이라 함은 「저작권법」, 「디자인보호법」등 지식재산권 관련 법령에 따라 보호되는 무형의 재산권을 의미한다."
인터랙티브 디자인 용역 표준계약서,"제2조(용어의 정의) 7. ‘사전작업물’이라 함은 디자인 개발과정 중에 공급자에 의해 개발된 디자인콘셉트, 디자인 시안 등의 모든 작업물을 의미하며, 이 사전작업물은 수요자에게 제시 또는 전달되었거나 전달되지 않았을 수도 있으며 최종인도물의 형태를 구성하지 않을 수도 있다."
인터랙티브 디자인 용역 표준계약서,"제2조(용어의 정의) 8. ‘제3자의 창작물’은 이라 함은 최종인도물을 구성하는 수요자와 공급자 이외의 제3자 소유의 지식재산(사진, 일러스트레이션, 기호 등)을 의미한다."
인터랙티브 디자인 용역 표준계약서,"제2조(용어의 정의) 9. ‘최종인도물의 구성요소’이라 함은 최종인도물을 구성하는 개별적인 문자체, 기호, 도화, 삽화 등을 의미한다."
인터랙티브 디자인 용역 표준계약서,제3조(보수) ① 공급자의 00 디자인 개발 보수는 일금 원(￦ )으로 한다.
인터랙티브 디자인 용역 표준계약서,제3조(보수) ② 제1항의 규정 이외에 공급자의 디자인 개발 수행과 관련하여 발생하는 다음 각 호에 열거하는 실비변상적 비용은 수요자에게 별도로 청구한다: 1. 모형제작비
인터랙티브 디자인 용역 표준계약서,제3조(보수) ② 제1항의 규정 이외에 공급자의 디자인 개발 수행과 관련하여 발생하는 다음 각 호에 열거하는 실비변상적 비용은 수요자에게 별도로 청구한다: 2. 출장여비
인터랙티브 디자인 용역 표준계약서,제3조(보수) ② 제1항의 규정 이외에 공급자의 디자인 개발 수행과 관련하여 발생하는 다음 각 호에 열거하는 실비변상적 비용은 수요자에게 별도로 청구한다: 3. 인쇄비
인터랙티브 디자인 용역 표준계약서,제3조(보수) ② 제1항의 규정 이외에 공급자의 디자인 개발 수행과 관련하여 발생하는 다음 각 호에 열거하는 실비변상적 비용은 수요자에게 별도로 청구한다: 4. 제3자 창작물 사용료
인터랙티브 디자인 용역 표준계약서,"제3조(보수) ② 제1항의 규정 이외에 공급자의 디자인 개발 수행과 관련하여 발생하는 다음 각 호에 열거하는 실비변상적 비용은 수요자에게 별도로 청구한다: 5. 스튜디오 사용료, 모델료 등 외주비용"
인터랙티브 디자인 용역 표준계약서,제3조(보수) ② 제1항의 규정 이외에 공급자의 디자인 개발 수행과 관련하여 발생하는 다음 각 호에 열거하는 실비변상적 비용은 수요자에게 별도로 청구한다: 6. 기타 전 각호와 유사한 비용
인터랙티브 디자인 용역 표준계약서,제3조(보수) ③ 제1항 내지 제2항에 따라 산출되는 보수는 부가가치세를 별도로 한다.
인터랙티브 디자인 용역 표준계약서,제4조(보수의 지급) ① 수요자는 본 계약의 이행의 대가로 다음과 같이 공급자에게 보수를 지급하기로 한다: 1. 계약금 및 착수금: 착수일로부터 14일 이내 일금 원정(￦ )
인터랙티브 디자인 용역 표준계약서,제4조(보수의 지급) ① 수요자는 본 계약의 이행의 대가로 다음과 같이 공급자에게 보수를 지급하기로 한다: 2. 중도금: 최종시안 결정 후 14일 이내 일금 원정(￦ )
인터랙티브 디자인 용역 표준계약서,제4조(보수의 지급) ① 수요자는 본 계약의 이행의 대가로 다음과 같이 공급자에게 보수를 지급하기로 한다: 3. 잔금: 최종인도물 검수 완료 후 14일 이내에 보수잔금
인터랙티브 디자인 용역 표준계약서,제4조(보수의 지급) ② 실비변상적 비용은 발생월 익월 14일 이내에 지급하기로 한다.
인터랙티브 디자인 용역 표준계약서,제4조(보수의 지급) ③ 제3자 창작물 사용료는 제3자가 수요자에게 직접 청구할 수 있다.
인터랙티브 디자인 용역 표준계약서,제4조(보수의 지급) ④ 제1항과 제2항의 보수는 세법에서 정한 부가가치세를 가산하여 지급한다.
인터랙티브 디자인 용역 표준계약서,제5조(보수지급지연에 대한 이자) ① 수요자의 귀책사유로 인하여 전조의 규정에 의한 계약금 등의 지급기한을 경과한 경우 공급자는 총 경과일에 대하여 지연발생 시점의 금융기관 대출평균금리(한국은행 통계월보상의 금융기관 대출평균금리를 말한다)의 두 배를 곱하여 산출한 금액을 연체이자로 청구할 수 있다.
인터랙티브 디자인 용역 표준계약서,제5조(보수지급지연에 대한 이자) ② 천재ㆍ지변 등 불가항력의 사유로 인하여 보수지급이 지연된 경우에 제1항의 보수지급지연 일수에 산입하지 아니한다.
인터랙티브 디자인 용역 표준계약서,제6조(계약 내용의 변경ㆍ추가) ① 수요자와 공급자는 합리적이고 객관적인 사유가 발생하여 부득이하게 계약변경이 필요하거나 수요자의 요청에 의하여 계약내용을 변경ㆍ추가하고자 하는 경우에는 상호 합의하여 계약의 내용과 범위를 기명날인한 서면에 의해 변경할 수 있다.
인터랙티브 디자인 용역 표준계약서,"제6조(계약 내용의 변경ㆍ추가) ② 수요자의 요청에 의하여 업무내용, 일정 등이 변경되어 공급자의 투입시간 등이 증가한 경우에는 공급자는 공급자의 노무비 시간당 표준임률에 따라 추가보수를 청구한다."
인터랙티브 디자인 용역 표준계약서,제7조(용역의 완료검사 및 인수) ① 수요자는 용역의 각 단계에서의 인도물에 대하여 검수를 실시하고 5일 이내에 검수 결과를 통지하여야 한다.
인터랙티브 디자인 용역 표준계약서,"제7조(용역의 완료검사 및 인수) ② 인도물에 대한 수요자의 반대, 수정 등의 의견은 공급자가 합리적으로 그 의견을 반영할 수 있도록 명확히 서면으로 하여야 하며 수요자의 반대 등의 통지가 없다면 인수된 것으로 한다."
인터랙티브 디자인 용역 표준계약서,"제7조(용역의 완료검사 및 인수) ③ 공급자는 본 계약에서 규정하고 있는 “00디자인 개발”의 최종인도물 및 관련보고서, 문서 등을 작성하여 계약기간 내에 완료검사를 요청하여야 한다."
인터랙티브 디자인 용역 표준계약서,제7조(용역의 완료검사 및 인수) ④ 수요자는 제3항에 의거 공급자로부터 제출을 받은 때에는 제출일로부터 10일 이내에 최종인도물의 검사를 완료하고 검사에 합격한 때에는 지체 없이 최종인도물을 인수하여야 한다.
인터랙티브 디자인 용역 표준계약서,"제7조(용역의 완료검사 및 인수) ⑤ 수요자의 검사결과 불합격한 때에는 불합격의 사유를 서면으로 통지하고, 공급자는 이에 따라 수정 또는 보완을 하여 수요자에게 재완료 검사를 받아야 한다."
인터랙티브 디자인 용역 표준계약서,제7조(용역의 완료검사 및 인수) ⑥ 제5항의 통지가 없다면 최종인도물은 인수된 것으로 본다.
인터랙티브 디자인 용역 표준계약서,"제8조(지식재산권 귀속 등) ① 최종인도물을 구성하는 수요자의 콘텐트는 수요자의 소유이며, 본 계약이 종료된 이후 수요자의 승인 없이 사용할 수 없다."
인터랙티브 디자인 용역 표준계약서,"제8조(지식재산권 귀속 등) ② 당해 계약에 따라 수요자에 의해 인수된 최종인도물에 대한 지식재산권은 용역 종료 또는 보수 지불이 완료된 후 수요자에게 양도되며, 지식재산권의 등록에 소요되는 비용은 수요자가 부담한다."
인터랙티브 디자인 용역 표준계약서,"제8조(지식재산권 귀속 등) ③ 본 용역 수행과정 중에 수요자에게 제시된 공급자의 중간인도물, 사전작업물, 최종인도물의 개별구성요소에 대한 지식재산권은 공급자에게 귀속되며, 공급자의 허락 없이 사용할 수 없다."
인터랙티브 디자인 용역 표준계약서,"제8조(지식재산권 귀속 등) ④ 수요자의 최종인도물에 대한 실시가 공급자의 중간인도물, 사전작업물, 최종인도물의 개별구성요소를 이용하게 되는 경우에는 제3항의 규정에도 불구하고 본 계약에 의하여 공급자의 사용 허락이 있는 것으로 본다."
인터랙티브 디자인 용역 표준계약서,"제8조(지식재산권 귀속 등) ⑤ 제3자 창작물에 대한 지식재산권은 제3자에게 있으며 공급자는 수요자에게 최종인도물의 구성에 필요한 제3자 창작물의 내용과 사용비용 등을 고지하고, 사용여부에 대한 승인을 얻어 사용에 필요한 절차를 취한다."
인터랙티브 디자인 용역 표준계약서,제9조(제3자에 대한 손해) ① 공급자는 최종인도물에 제3자의 지식재산권을 의도적으로 침해하지 않을 것을 보증한다.
인터랙티브 디자인 용역 표준계약서,"제9조(제3자에 대한 손해) ② 공급자가 제3자의 지식재산권을 침해함으로 인한 수요자의 손해에 대하여 책임을 부담한다. 다만, 공급자의 책임 없는 사유로 인하여 발생한 경우에는 수요자가 부담 한다."
인터랙티브 디자인 용역 표준계약서,제9조(제3자에 대한 손해) ③ 제1항에 의하여 부담하는 공급자의 손해배상액은 본 계약으로 인하여 수령하는 보수액을 한도로 한다.
인터랙티브 디자인 용역 표준계약서,제10조(권리·의무의 양도 금지) 수요자와 공급자는 서면으로 상대방의 동의를 얻지 아니하는 한 본 계약으로부터 발생하는 권리·의무의 전부 또는 일부를 제3자에게 양도 또는 승계시킬 수 없다.
인터랙티브 디자인 용역 표준계약서,제11조(비밀의 유지) ① 수요자와 공급자는 본 계약의 이행과정에서 알게 된 상대방의 업무상·기술상 비밀을 상대방의 승인이 없는 한 부당하게 이를 이용하거나 제3자에게 누설하여서는 아니 된다.
인터랙티브 디자인 용역 표준계약서,"제11조(비밀의 유지) ② 수요자와 공급자는 계약기간 중, 계약기간의 만료 또는 계약의 해제·해지 후에도 제1항의 이행의무가 있으며, 이에 위반하여 상대방에게 손해를 입힌 경우에는 이를 배상한다."
인터랙티브 디자인 용역 표준계약서,"제12조(자료의 제공 및 반환) ① 수요자는 공급자가 “00 디자인 개발” 수행 상 필요로 하는 제반자료를 제공해 주어야 하며, 공급자는 본 계약의 이행과 관련하여 수요자로부터 제공된 서류, 정보, 기타 모든 자료를 선량한 관리자의 주의의무로 관리하고, 수요자의 사전 서면 승인 없이 복제, 유출하거나 본 계약 이외에 다른 목적으로 이용하여서는 아니 된다."
인터랙티브 디자인 용역 표준계약서,"제12조(자료의 제공 및 반환) ② 공급자는 본 계약이 종료 또는 중도에 해지, 해제된 경우, 수요자로부터 제공받은 제1항의 모든 자료를 수요자에게 즉시 반환하여야 한다."
인터랙티브 디자인 용역 표준계약서,제13조(계약의 해제 또는 해지) ① 수요자와 공급자는 계약기간 중 다음 각 호에 해당하는 경우에는 본 계약을 해제 또는 해지할 수 있다: 1. 양 당사자가 서면으로 합의한 경우
인터랙티브 디자인 용역 표준계약서,"제13조(계약의 해제 또는 해지) ① 수요자와 공급자는 계약기간 중 다음 각 호에 해당하는 경우에는 본 계약을 해제 또는 해지할 수 있다: 2. 당사자 일방이 부도, 파산 또는 회생절차 신청 등 영업상의 중대한 사유가 발생하여 계약을 이행할 수 없다고 인정되는 경우"
인터랙티브 디자인 용역 표준계약서,제13조(계약의 해제 또는 해지) ① 수요자와 공급자는 계약기간 중 다음 각 호에 해당하는 경우에는 본 계약을 해제 또는 해지할 수 있다: 3. 재해 기타 사유로 인하여 이 본 계약을 이행하기 곤란하다고 쌍방이 인정한 경우
인터랙티브 디자인 용역 표준계약서,제13조(계약의 해제 또는 해지) ① 수요자와 공급자는 계약기간 중 다음 각 호에 해당하는 경우에는 본 계약을 해제 또는 해지할 수 있다: 4. 기타 공급자의 책임 있는 사유로 본 계약을 이행할 수 없다고 인정되는 경우
인터랙티브 디자인 용역 표준계약서,"제13조(계약의 해제 또는 해지) ② 수요자와 공급자는 다음 각 호의 1에 해당하는 사유가 발생하는 경우에는 “상대방”에게 그 이행을 최고하고, 14일 이내에 이를 이행하지 아니한 때에는 본 계약의 전부 또는 일부를 해제·해지할 수 있다: 1. 본 계약의 중요한 내용을 위반한 경우"
인터랙티브 디자인 용역 표준계약서,"제13조(계약의 해제 또는 해지) ② 수요자와 공급자는 다음 각 호의 1에 해당하는 사유가 발생하는 경우에는 “상대방”에게 그 이행을 최고하고, 14일 이내에 이를 이행하지 아니한 때에는 본 계약의 일부를 해제·해지할 수 있다: 2. 수요자가 정당한 사유 없이 공급자의 위탁수행에 필요한 사항의 이행을 지연하여 공급자의 계약 이행에 지장을 초래한 경우"
인터랙티브 디자인 용역 표준계약서,"제13조(계약의 해제 또는 해지) ② 수요자와 공급자는 다음 각 호의 1에 해당하는 사유가 발생하는 경우에는 “상대방”에게 그 이행을 최고하고, 14일 이내에 이를 이행하지 아니한 때에는 본 계약의 일부를 해제·해지할 수 있다: 3. 공급자가 정당한 사유 없이 디자인 용역을 거부하거나 용역 착수를 지연하여 계약 기간 내에 완성이 곤란하다고 인정되는 경우"
인터랙티브 디자인 용역 표준계약서,제13조(계약의 해제 또는 해지) ③ 수요자와 공급자는 제1항 또는 제2항의 규정에 의하여 계약의 해제·해지 사유가 발생한 경우 상대방에게 지체 없이 서면으로 통지하여야 한다.
인터랙티브 디자인 용역 표준계약서,제13조(계약의 해제 또는 해지) ④ 수요자와 공급자는 자신의 귀책사유로 인하여 이 계약 또는 개별계약의 전부 또는 일부가 해제·해지됨으로써 발생한 상대방의 손해를 배상하여야 한다.
인터랙티브 디자인 용역 표준계약서,"제13조(계약의 해제 또는 해지) ⑤ 제3항에 의하여 계약이 해제·해지된 때에는 각 당사자의 상대방에 대한 일체의 채무는 기한의 이익을 상실하며, 지체 없이 이를 변제하여야 한다."
인터랙티브 디자인 용역 표준계약서,제14조(수요자의 책임에 의한 계약의 해제 또는 변경) ① 수요자는 필요한 경우 본 계약의 전부 또는 일부를 해제 또는 변경할 수 있다.
인터랙티브 디자인 용역 표준계약서,제14조(수요자의 책임에 의한 계약의 해제 또는 변경) ② 제1항에 의하여 계약의 전부 또는 일부를 해제한 경우 수요자는 공급자의 모든 손해를 배상하여야 한다.
인터랙티브 디자인 용역 표준계약서,"제14조(수요자의 책임에 의한 계약의 해제 또는 변경) ③ 제1항에 의하여 디자인 개발 업무가 중지되었을 경우 수요자는 공급자에게 중지로 인하여 발생하지 않는 경비를 제외하고 보수 전액을 지불하는 것으로 한다. 다만, 제17조에 의한 부득이한 사유로 인한 중지의 경우에는 보수는 중지 시점까지 수행한 업무 수행량에 비례하여 지불한다."
인터랙티브 디자인 용역 표준계약서,"제15조(지체상금) ① 공급자가 약정한 계약기간 내에 “00 디자인 개발”을 완료하지 못한 경우, 수요자는 지체일수에 계약금액의 (2)/1000을 곱한 금액(이하 “지체상금”이라 한다)을 계약금액에서 공제한다."
인터랙티브 디자인 용역 표준계약서,제15조(지체상금) ② 수요자는 다음 각 호의 1에 해당되어 “00 디자인 개발”이 지체되었다고 인정할 때에는 그 해당일수를 동조 제1항의 지체일수에 산입하지 아니한다: 1. 천재지변 등 불가항력의 사유에 의한 경우
인터랙티브 디자인 용역 표준계약서,제15조(지체상금) ② 수요자는 다음 각 호의 1에 해당되어 “00 디자인 개발”이 지체되었다고 인정할 때에는 그 해당일수를 동조 제1항의 지체일수에 산입하지 아니한다: 2. 수요자의 책임으로 디자인 용역의 착수가 지연되거나 위탁수행이 중단된 경우
인터랙티브 디자인 용역 표준계약서,제15조(지체상금) ② 수요자는 다음 각 호의 1에 해당되어 “00 디자인 개발”이 지체되었다고 인정할 때에는 그 해당일수를 동조 제1항의 지체일수에 산입하지 아니한다: 3. 기타 공급자의 책임에 속하지 않는 사유로 인하여 지체된 경우
인터랙티브 디자인 용역 표준계약서,"제15조(지체상금) ③ 지체일수의 산정기준은 다음 각 호의 1과 같다: 1. 계약기간 내에 수행을 완료한 경우에는 검사에 소요된 기간은 지체일수에 산입하지 아니한다. 다만, 계약기간 이후에 검사 시 공급자의 디자인 용역 계약이행 내용의 전부 또는 일부가 계약에 위반되거나 부당함에 따라 검사에 따른 수정요구를 공급자 에게 한 경우에는 수정요구를 한 날로부터 최종검사에 합격한 날까지의 기간을 지체 일수에 산입한다."
인터랙티브 디자인 용역 표준계약서,제15조(지체상금) ③ 지체일수의 산정기준은 다음 각 호의 1과 같다: 2. 계약기간을 경과하여 디자인 용역을 완료한 경우에는 용역수행기간 익일부터 검사 (수정요구를 한 경우에는 최종검사)에 합격한 날가지의 기간을 지체일수에 산입한다.
인터랙티브 디자인 용역 표준계약서,제16조(공급자의 배상책임) 공급자가 계약을 위반하여 수요자에게 손해를 끼친 때에는 보수금액을 한도로 배상책임을 부담한다.
인터랙티브 디자인 용역 표준계약서,제17조(불가항력) “수요자” 또는 “공급자”는 천재지변이나 국가비상사태 등 불가항력의 사유로 상대방에게 의무 불이행 및 손해에 대하여는 책임을 지지 아니한다.
인터랙티브 디자인 용역 표준계약서,제18조(보증기간) ① 공급자는 최종인도물의 검수 후 3개월간 최종 인도물의 유지와 업데이트를 기술적으로 지원하며 최초 제안서의 용역범위를 초과하지 않는 범위에서 최종인도물의 결함 또는 오류를 수정한다.
인터랙티브 디자인 용역 표준계약서,제18조(보증기간) ② 최종인도물의 규격 또는 개발범위를 초과한 성능의 개선 또는 수요자의 요청에 의한 개발은 상호합의하에 추가적인 보수를 청구한다.
인터랙티브 디자인 용역 표준계약서,제18조(보증기간) ③ 유지와 업데이트를 위한 기술적 지원은 보증기간 내 최대 ( )시간은 무상으로 수행하며 무상지원 시간을 초과한 경우에는 시간당 ( )를 청구한다.
인터랙티브 디자인 용역 표준계약서,제19조(운영관리) ① 수요자는 공급자에게 수요자 소유의 최종인도물의 운영관리를 20 . . ~20 . 까지 위탁한다.
인터랙티브 디자인 용역 표준계약서,제19조(운영관리) ② 운영 관리에 대한 공급자의 보수는 월 일금 원정(￦ )으로 한다.
인터랙티브 디자인 용역 표준계약서,제19조(운영관리) ③ 위탁운영관리기간 동안 최종인도물의 구조가 변경되지 않는 한도 내에서의 내용 추가 등에 따른 비용은 보수에 포함된다.
인터랙티브 디자인 용역 표준계약서,제20조(분쟁의 해결) ① 본 계약과 관련하여 발생되는 모든 분쟁은 한국디자인진흥원의 디자인분쟁조정위원회의 조정에 따른다.
인터랙티브 디자인 용역 표준계약서,"제20조(분쟁의 해결) ② 동조 제1항의 규정에도 불구하고, 본 계약과 관련한 소의 제기는 피청구인의 사무소를 관할하는 법원에 하는 것으로 한다."
인터랙티브 디자인 용역 표준계약서,제21조(통지) ①“수요자”와 “공급자”는 본 계약의 이행과 관련된 변동사항이 발생하였을 경우에는 상대방에게 이를 즉시 통지하여야 한다.
인터랙티브 디자인 용역 표준계약서,"제21조(통지) ② 본 계약 당사자의 타방 당사자에 대한 일체의 통지, 통고 등은 계약서에 기재된 당사자의 주소로 우편 등 서면으로 하여야 하며, 양 당사자는 주소가 변경되는 경우 지체 없이 상대방에게 통지하여야 한다."
인터랙티브 디자인 용역 표준계약서,제21조(통지) ③ 통지의 효력은 통지의 서면이 타방 주소지에 도달한 날부터 발생한다.
인터랙티브 디자인 용역 표준계약서,"제22조(상호합의) ① 본 계약에 명시되지 아니한 사항은 상호합의에 의하여 정하기로 하며, 이 계약조문의 해석은 디자인분쟁조정위원회의 해석에 따른다."
인터랙티브 디자인 용역 표준계약서,"제22조(상호합의) ② 본 계약의 일부 조항이 구속력이 없거나 무효인 것으로 판단될 경우에도 나머지 조항은 그대로 유효하며, 무효인 조항도 법의 한도 내에서 최대한 효력을 가질 수 있도록 해석한다."
인터랙티브 디자인 용역 표준계약서,제23조(기타) 본 계약의 성립을 입증하기 위하여 계약서 2통을 작성하고 수요자와 공급자가 각기 기명날인하여 각 각 1통씩 보관한다.
제품디자인 용역 표준계약서[성과보수],"제1조(계약의 목적) 본 계약은 공급자는 수요자가 발주한 “00 디자인 개발”의 목적물을 완성하여 인도하고, 수요자는 그 대가로서 공급자에게 보수를 지불함에 있어서 계약당사자 상호간의 권리와 의무 등을 명확히 함으로써 분쟁을 예방하고 상호간의 이익을 증진하는데 그 목적이 있다."
제품디자인 용역 표준계약서[성과보수],"제2조(용어의 정의) 본 계약서에서 사용되는 용어의 정의는 다음과 같고, 정의되지 않은 용어는 관련 법령 및 상관습에 따른다."
제품디자인 용역 표준계약서[성과보수],"제2조 1호 ‘계약서’는 본 계약서 외에 수요자와 공급자가 합의한 업무내용, 과업수행 방법과 일정 등을 기재한 별첨 공급자의 제안서와 기타 수요자와 공급자가 본 계약과 관련하여 합의한 문서를 구성요소로 한다."
제품디자인 용역 표준계약서[성과보수],제2조 2호 ‘중간인도물’이라 함은 제안서에 명기된 형식과 수단으로 공급자가 수요자에게 인도(제시)하는 특정된 작업생산물을 말한다.
제품디자인 용역 표준계약서[성과보수],제2조 3호 ‘최종시안’이라 함은 최종인도물을 제작하기 위해 공급자가 제시한 중간인도물 중 수요자가 채택한 디자인 시안을 의미한다.
제품디자인 용역 표준계약서[성과보수],제2조 4호 ‘최종인도물’이라 함은 최종시안의 디자인 결과물을 의미한다.
제품디자인 용역 표준계약서[성과보수],"제2조 5호 ‘지식재산권’이라 함은 「저작권법」, 「디자인보호법」등 지식재산권 관련 법령에 따라 보호되는 무형의 재산권을 의미한다."
제품디자인 용역 표준계약서[성과보수],"제2조 6호 ‘사전작업물’이라 함은 디자인 개발과정 중에 공급자에 의해 개발된 디자인콘셉트, 디자인 시안 등 모든 작업물을 의미하며, 이 사전작업물은 수요자에게 제시 또는 전달되었거나 전달되지 않았을 수도 있으며 최종인도물의 형태를 구성하지 않을 수도 있다."
제품디자인 용역 표준계약서[성과보수],제3조(기본보수) ① 공급자의 00 디자인 개발 기본보수는 일금 원정(￦ )으로 한다.
제품디자인 용역 표준계약서[성과보수],"제3조 ② 제1항의 규정에 의한 보수 이외에 공급자의 디자인 개발 수행과 관련하여 발생하는 다음 각 호에 열거하는 실비변상적 비용은 수요자에게 별도로 청구한다: 1. 모형제작비, 2. 출장여비, 3. 인쇄비, 4. 기타 전 각호와 유사한 비용."
제품디자인 용역 표준계약서[성과보수],제3조 ③ 제1항 내지 제2항에 따라 산출되는 보수는 부가가치세를 별도로 한다.
제품디자인 용역 표준계약서[성과보수],제4조(성과보수) ① 수요자는 제3조 제1항의 기본보수 이외에 디자인 개발에 따른 성과보수를 지급한다.
제품디자인 용역 표준계약서[성과보수],제4조 ② 성과보수의 산정은 수요자의 매출수량 또는 매출금액을 기준으로 제4조의2 또는 제4조3에 의한다.
제품디자인 용역 표준계약서[성과보수],"제4조 ③ 성과보수는 1년을 4분기로 하여 분기별로 산출하고 매분기 종료일(3.31, 6.30, 9.30, 12.31)로부터 1개월 이내 지급한다."
제품디자인 용역 표준계약서[성과보수],제4조 ④ 수량 또는 금액에 대한 분쟁이 발생한 경우 공급자는 공급자의 비용으로 수요자의 수량 또는 금액에 대한 검증을 수행할 수 있고 검증에 필요한 제반 자료를 수요자는 공급자 또는 공급자의 대리인에게 제공하여야 한다.
제품디자인 용역 표준계약서[성과보수],제4조 ⑤ 제4항의 자료의 제공은 공급자의 검증을 요청한 서면이 수요자에게 도달한 날이 속하는 달의 익월 말일까지 제공하여야 한다.
제품디자인 용역 표준계약서[성과보수],제4조의2(수량기준 성과보수 산정) ① 수량기준 성과보수는 다음 1호와 2호의 합계금액으로 한다.
제품디자인 용역 표준계약서[성과보수],제4조의2 1호 제품 개발 후 누적 출하수량(제조장 반출수량) ( )개까지는 출하수량 일 개당 원을 곱하여 산출한 금액을 성과보수로 지급한다.
제품디자인 용역 표준계약서[성과보수],제4조의2 2호 제품 누적 출하수량이 ( )개를 초과할 때부터는 초과수량 일 개당 원을 곱하여 산출한 금액을 성과보수로 지급한다.
제품디자인 용역 표준계약서[성과보수],제4조의2 ② 출하수량은 「부가가치세법」의 부가가치세 과세표준에 단위당 판매단가 등을 적용하여 산출하여 제4조제3항의 매분기 종료일로부터 15일 이내에 수요자는 공급자에게 서면으로 통지한다.
제품디자인 용역 표준계약서[성과보수],제4조의2 ③ 제2항의 출하수량 통지 후 반품이 발생한 경우에는 반품이 확정된 분기의 수량으로 간주한다.
제품디자인 용역 표준계약서[성과보수],제4조의3(금액기준 성과보수 산정) ① 금액기준 성과보수는 다음 1호와 2호의 합계금액으로 한다.
제품디자인 용역 표준계약서[성과보수],제4조의3 1호 제품 개발 후 누적 출하금액(제조장 출하금액 또는 판매금액) ( )원까지는 출하금액의 %를 성과보수로 지급한다.
제품디자인 용역 표준계약서[성과보수],제4조의3 2호 제품 누적 출하금액이 ( )원을 초과할 때부터는 초과한 금액의 %를 성과보수로 지급한다.
제품디자인 용역 표준계약서[성과보수],제4조의3 ② 출하금액(또는 판매금액)은 「부가가치세법」의 부가가치세 과세표준으로 산출하여 제4조제3항의 매분기 종료일로부터 15일 이내에 수요자는 공급자에게 서면으로 통지한다.
제품디자인 용역 표준계약서[성과보수],제4조의3 ③ 제2항의 출하금액(또는 판매금액) 통지 후 반품 등의 원인으로 출하금액의 변동이 발생한 경우에는 반품 등이 확정 된 분기의 출하금액에서 조정하는 것으로 한다.
제품디자인 용역 표준계약서[성과보수],"제5조(기본보수의 지급) ① 수요자는 본 계약의 이행의 대가로 다음과 같이 공급자에게 보수를 지급하기로 한다: 1. 계약금 및 착수금: 착수일로부터 14일 이내 일금 원정(￦ ), 2. 중도금: 최종시안 결정 후 14일 이내 일금 원정(￦ ), 3. 잔금: 최종인도물 검수 완료 후 14일 이내에 보수잔금."
제품디자인 용역 표준계약서[성과보수],제5조 ② 실비변상적 비용은 발생월 익월 14일 이내에 지급하기로 한다.
제품디자인 용역 표준계약서[성과보수],제5조 ③ 제1항과 제2항의 보수는 세법에서 정한 부가가치세를 가산하여 지급한다.
제품디자인 용역 표준계약서[성과보수],제6조(보수지급지연에 대한 이자) ① 수요자의 귀책사유로 인하여 제4조와 제5조의 규정에 의한 성과보수 및 기본보수 등의 지급기한을 경과한 경우 공급자는 총 경과일에 대하여 지연발생 시점의 금융기관 대출평균금리(한국은행 통계월보상의 금융기관 대출평균금리를 말한다) 두 배를 곱하여 산출한 금액을 연체이자로 청구할 수 있다.
제품디자인 용역 표준계약서[성과보수],제6조 ② 천재ㆍ지변 등 불가항력의 사유로 인하여 보수지급이 지연된 경우에 제1항의 보수지급지연일수에 산입하지 아니한다.
제품디자인 용역 표준계약서[성과보수],제7조(계약 내용의 변경ㆍ추가) ① 수요자와 공급자는 합리적이고 객관적인 사유가 발생하여 부득이하게 계약변경이 필요하거나 수요자의 요청에 의하여 계약내용을 변경ㆍ추가하고자 하는 경우에는 상호 합의하여 계약의 내용과 범위를 기명날인한 서면에 의해 변경할 수 있다.
제품디자인 용역 표준계약서[성과보수],"제7조 ② 수요자의 요청에 의하여 업무내용, 일정 등이 변경되어 공급자의 투입시간 등이 증가한 경우에는 공급자는 공급자의 노무비 시간당 표준임률에 따라 추가보수를 청구한다."
제품디자인 용역 표준계약서[성과보수],제8조(용역의 완료검사 및 인수) ① 수요자는 용역의 각 단계에서의 중간인도물에 대하여 검수를 실시하고 5일 이내에 검수 결과를 통지하여야 한다.
제품디자인 용역 표준계약서[성과보수],"제8조 ② 중간인도물에 대한 수요자의 반대, 수정 등의 의견은 공급자가 합리적으로 그 의견을 반영할 수 있도록 명확히 서면으로 하여야 하며 수요자의 반대 등의 통지가 없다면 인수된 것으로 한다."
제품디자인 용역 표준계약서[성과보수],"제8조 ③ 공급자는 본 계약에서 규정하고 있는 “00디자인 개발”의 최종인도물 및 관련보고서, 문서 등을 작성하여 계약기간 내에 완료검사를 요청하여야 한다."
제품디자인 용역 표준계약서[성과보수],제8조 ④ 수요자는 제3항에 의거 공급자로부터 제출을 받은 때에는 제출일로부터 10일 이내에 최종성과물의 검사를 완료하고 검사에 합격한 때에는 지체 없이 최종인도물을 인수하여야 한다.
제품디자인 용역 표준계약서[성과보수],"제8조 ⑤ 수요자의 검사결과 불합격한 때에는 불합격의 사유를 서면으로 통지하고, 공급자는 이에 따라 수정 또는 보완을 하여 수요자에게 재완료 검사를 받아야 한다."
제품디자인 용역 표준계약서[성과보수],제8조 ⑥ 제5항의 통지가 없다면 최종인도물은 인수된 것으로 본다.
제품디자인 용역 표준계약서[성과보수],"제9조(지식재산권 귀속 등) ① 당해 계약에 따라 수요자에 의해 인수된 최종인도물에 대한 지식재산권은 용역 종료 또는 보수 지불이 완료된 후 수요자에게 양도되며, 지식재산권의 등록에 소요되는 비용은 수요자가 부담한다."
제품디자인 용역 표준계약서[성과보수],"제9조 ② 본 용역 수행과정 중에 수요자에게 제시된 공급자의 중간인도물에 대한 지식재산권은 공급자에게 귀속되며, 수요자는 공급자의 허락 없이 사용할 수 없다."
제품디자인 용역 표준계약서[성과보수],"제10조(제3자에 대한 손해) ① 공급자는 본 계약의 이행에서 제3자 또는 수요자에 대한 손해를 부담하여야 한다. 다만, 공급자의 책임 없는 사유로 인하여 발생한 경우에는 수요자의 부담으로 한다."
제품디자인 용역 표준계약서[성과보수],제10조 ② 검수 후 최종인도물에 대한 손해는 수요자가 부담하여야 한다.
제품디자인 용역 표준계약서[성과보수],제10조 ③ 제1항에 의하여 부담하는 공급자의 손해배상액은 본 계약으로 인하여 수령하는 보수액을 한도로 한다.
제품디자인 용역 표준계약서[성과보수],제11조(권리·의무의 양도 금지) 수요자와 공급자는 서면으로 상대방의 동의를 얻지 아니하는 한 본 계약으로부터 발생하는 권리·의무의 전부 또는 일부를 제3자에게 양도 또는 승계시킬 수 없다.
제품디자인 용역 표준계약서[성과보수],제12조(비밀의 유지) ① 수요자와 공급자는 본 계약의 이행과정에서 알게 된 상대방의 업무상·기술상 비밀을 상대방의 승인이 없는 한 부당하게 이를 이용하거나 제3자에게 누설하여서는 아니 된다.
제품디자인 용역 표준계약서[성과보수],"제12조 ② 수요자와 공급자는 계약기간 중, 계약기간의 만료 또는 계약의 해제·해지 후에도 제1항의 이행의무가 있으며, 이에 위반하여 상대방에게 손해를 입힌 경우에는 이를 배상한다."
제품디자인 용역 표준계약서[성과보수],제12조 ③ 비밀준수의무는 계약기간의 만료 또는 해제ㆍ해지 시점부터 1년간 준수한다.
제품디자인 용역 표준계약서[성과보수],"제13조(자료의 제공 및 반환) ① 수요자는 공급자가 “00 디자인 개발” 수행 상 필요로 하는 제반자료를 제공해 주어야 하며, 공급자는 본 계약의 이행과 관련하여 수요자로부터 제공된 서류, 정보, 기타 모든 자료를 선량한 관리자의 주의의무로 관리하고, 수요자의 사전 서면 승인 없이 복제, 유출하거나 본 계약 이외에 다른 목적으로 이용하여서는 아니 된다."
제품디자인 용역 표준계약서[성과보수],"제13조 ② 공급자는 본 계약이 종료 또는 중도에 해지, 해제된 경우, 수요자로부터 제공받은 제1항의 모든 자료를 수요자에게 즉시 반환하여야 한다."
제품디자인 용역 표준계약서[성과보수],"제14조(계약의 해제 또는 해지) ① 수요자와 공급자는 계약기간 중 다음 각 호에 해당하는 경우에는 본 계약을 해제 또는 해지할 수 있다: 1. 양 당사자가 서면으로 합의한 경우, 2. 당사자 일방이 부도, 파산 또는 회생절차 신청 등 영업상의 중대한 사유가 발생하여 계약을 이행할 수 없다고 인정되는 경우, 3. 재해 기타 사유로 인하여 이 본 계약을 이행하기 곤란하다고 쌍방이 인정한 경우, 4. 기타 공급자의 책임 있는 사유로 본 계약을 이행할 수 없다고 인정되는 경우."
제품디자인 용역 표준계약서[성과보수],"제14조 ② 수요자와 공급자는 다음 각 호의 1에 해당하는 사유가 발생하는 경우에는 “상대방”에게 그 이행을 최고하고, 14일 이내에 이를 이행하지 아니한 때에는 본 계약의 전부 또는 일부를 해제·해지할 수 있다: 1. 본 계약의 중요한 내용을 위반한 경우, 2. 수요자가 정당한 사유 없이 공급자의 위탁수행에 필요한 사항의 이행을 지연하여 공급자의 계약 이행에 지장을 초래한 경우, 3. 공급자가 정당한 사유 없이 디자인 용역을 거부하거나 용역 착수를 지연하여 계약 기간 내에 완성이 곤란하다고 인정되는 경우."
제품디자인 용역 표준계약서[성과보수],제14조 ③ 수요자와 공급자는 제1항 또는 제2항의 규정에 의하여 계약의 해제·해지 사유가 발생한 경우 상대방에게 지체 없이 서면으로 통지하여야 한다.
제품디자인 용역 표준계약서[성과보수],제14조 ④ 수요자와 공급자는 자신의 귀책사유로 인하여 이 계약 또는 개별계약의 전부 또는 일부가 해제·해지됨으로써 발생한 상대방의 손해를 배상하여야 한다.
제품디자인 용역 표준계약서[성과보수],"제14조 ⑤ 제3항에 의하여 계약이 해제·해지된 때에는 각 당사자의 상대방에 대한 일체의 채무는 기한의 이익을 상실하며, 지체 없이 이를 변제하여야 한다."
제품디자인 용역 표준계약서[성과보수],제15조(수요자의 책임에 의한 계약의 해제 또는 변경) ① 수요자는 필요한 경우 본 계약의 전부 또는 일부를 해제 또는 변경할 수 있다.
제품디자인 용역 표준계약서[성과보수],제15조 ② 제1항에 의하여 계약의 전부 또는 일부를 해제한 경우 수요자는 공급자의 모든 손해를 배상하여야 한다.
제품디자인 용역 표준계약서[성과보수],"제15조 ③ 제1항에 의하여 디자인 개발 업무가 중지되었을 경우 수요자는 공급자에게 중지로 인하여 발생하지 않는 경비를 제외하고 보수 전액을 지불하는 것으로 한다. 다만, 부득이한 사유로 인한 중지의 경우에는 보수는 중지 시점까지 수행한 업무 수행량에 비례하여 지불한다."
제품디자인 용역 표준계약서[성과보수],"제16조(지체상금) ① 공급자가 약정한 계약기간 내에 “00 디자인 개발”을 완료하지 못한 경우, 수요자는 지체일수에 계약금액의 (2)/1000을 곱한 금액(이하 “지체상금”이라 한다)을 계약금액에서 공제한다."
제품디자인 용역 표준계약서[성과보수],"제16조 ② 수요자는 다음 각 호의 1에 해당되어 “00 디자인 개발”이 지체되었다고 인정할 때에는 그 해당일수를 동조 제1항의 지체일수에 산입하지 아니한다: 1. 천재지변 등 불가항력의 사유에 의한 경우, 2. 수요자의 책임으로 디자인 용역의 착수가 지연되거나 위탁수행이 중단된 경우, 3. 기타 공급자의 책임에 속하지 않는 사유로 인하여 지체된 경우."
제품디자인 용역 표준계약서[성과보수],"제16조 ③ 지체일수의 산정기준은 다음 각 호의 1과 같다: 1. 계약기간 내에 수행을 완료한 경우에는 검사에 소요된 기간은 지체일수에 산입하지 아니한다. 다만, 계약기간 이후에 검사 시 공급자의 디자인 용역 계약이행 내용의 전부 또는 일부가 계약에 위반되거나 부당함에 따라 검사에 따른 수정요구를 공급자 에게 한 경우에는 수정요구를 한 날로부터 최종검사에 합격한 날까지의 기간을 지체 일수에 산입한다., 2. 계약기간을 경과하여 디자인 용역을 완료한 경우에는 용역수행기간 익일부터 검사 (수정요구를 한 경우에는 최종검사)에 합격한 날가지의 기간을 지체일수에 산입한다."
제품디자인 용역 표준계약서[성과보수],제17조(공급자의 배상책임) 공급자가 계약을 위반하여 수요자에게 손해를 끼친 때에는 보수금액을 한도로 배상책임을 부담한다.
제품디자인 용역 표준계약서[성과보수],제18조(불가항력) “수요자” 또는 “공급자”는 천재지변이나 국가비상사태 등 불가항력의 사유로 상대방에게 의무불이행 및 손해에 대하여는 책임을 지지 아니한다.
제품디자인 용역 표준계약서[성과보수],제19조(분쟁의 해결) ① 본 계약과 관련하여 발생되는 모든 분쟁은 한국디자인진흥원의 디자인분쟁조정위원회의 조정에 따른다.
제품디자인 용역 표준계약서[성과보수],제19조 ② 동조 제1항의 규정에도 불구하고 본 계약과 관련한 소의 제기는 피청구인의 사무소를 관할하는 법원에 하는 것으로 한다.
제품디자인 용역 표준계약서[성과보수],제20조(통지) ① “수요자”와 “공급자”는 본 계약의 이행과 관련된 변동사항이 발생하였을 경우에는 상대방에게 이를 즉시 통지하여야 한다.
제품디자인 용역 표준계약서[성과보수],"제20조 ② 본 계약 당사자의 타방 당사자에 대한 일체의 통지, 통고 등은 계약서에 기재된 당사자의 주소로 우편 등 서면으로 하여야 하며, 양 당사자는 주소가 변경되는 경우 지체 없이 상대방에게 통지하여야 한다."
제품디자인 용역 표준계약서[성과보수],제20조 ③ 통지의 효력은 통지의 서면이 타방 주소지에 도달한 날부터 발생한다.
제품디자인 용역 표준계약서[성과보수],"제21조(상호합의) ① 본 계약에 명시되지 아니한 사항은 상호합의에 의하여 정하기로 하며, 이 계약조문의 해석은 한국디자인진흥원의 디자인분쟁재정위원회의 해석에 따른다."
제품디자인 용역 표준계약서[성과보수],"제21조 ② 본 계약의 일부 조항이 구속력이 없거나 무효인 것으로 판단될 경우에도 나머지 조항은 그대로 유효하며, 무효인 조항도 법의 한도 내에서 최대한 효력을 가질 수 있도록 해석한다."
제품디자인 용역 표준계약서[성과보수],제22조(기타) 본 계약의 성립을 입증하기 위하여 계약서 2통을 작성하고 수요자와 공급자가 각기 기명날인하여 각 각 1통씩 보관한다.
디지털콘텐츠(음악) 공급표준계약서,"제1조(계약의 목적) 본 계약은 ""을""이 온라인 서비스 사업을 위하여 ""갑""에게 음악콘텐츠를 제공하고, ""갑""은 그 대가로서 ""을""에게 정보제공료를 제공함에 있어서 당사자들의 권리의무, 관련 업무 및 절차, 분쟁발생시 그 해결의 기준 등을 규정하여 이를 준수하도록 함으로써 분쟁을 조속히 해결하고 상호간의 이익을 증진하는데 그 목적이 있다."
디지털콘텐츠(음악) 공급표준계약서,"제2조(용어의 정의) 1. ""음악콘텐츠(이하 ""콘텐츠""라 한다)""라 함은 「정보통신망이용촉진 및 정보보호 등에 관한 법률」제2조 제1항 제1호의 규정에 의한 정보통신망에서 사용되는 부호ㆍ문자ㆍ음성ㆍ음향ㆍ이미지 또는 영상 등으로 표현된 자료 또는 정보로서, 「음악산업진흥에 관한 법률」상 음반과 음악파일 및 음악콘텐츠 관련 앨범 이미지, 뮤직비디오 등 음악영상파일 등을 포함한다."
디지털콘텐츠(음악) 공급표준계약서,"제2조(용어의 정의) 2. ‘서비스’라 함은 ""갑""이 온라인상 접속 가능한 단말기를 통하여 이용자에게 콘텐츠를 제공하는 행위를 말한다."
디지털콘텐츠(음악) 공급표준계약서,"제2조(용어의 정의) 3. ‘정보제공료’라 함은 ""을""이 ""갑""에게 콘텐츠를 제공함으로써 취득하게 되는 대가를 말하며, ‘정보이용료’라 함은 이용자가 콘텐츠를 이용한 대가로서 ""갑""에게 납부해야 하는 금액을 말한다."
디지털콘텐츠(음악) 공급표준계약서,제2조(용어의 정의) 4. ‘이용자’라 함은 서비스에 가입한 회원 또는 서비스에 가입하지 아니하고 콘텐츠를 이용하는 자를 말한다.
디지털콘텐츠(음악) 공급표준계약서,"제2조(용어의 정의) 5. ‘매출액’이라 함은 ""갑""이 이용자에게 청구한 정보이용료 등 ""을""이 제공한 콘텐츠로 인해 발생한 수입의 합계를 말한다."
디지털콘텐츠(음악) 공급표준계약서,"제2조(용어의 정의) 6. ‘저작권 사용료 징수규정(이하 ""징수규정""이라 한다)’이라 함은 한국음악저작권협회, 한국음원제작자협회, 한국음악실연자연합회의 신탁관리저작물의 사용에 따른 사용료 산정 및 징수를 위하여 문화체육관광부장관의 승인을 얻은 규정을 말한다."
디지털콘텐츠(음악) 공급표준계약서,"제2조(용어의 정의) 7. ‘관리콘텐츠’라 함은 최종 이용자가 이용하는 콘텐츠 중 ""을""이 관리하고 있는 콘텐츠를 말한다."
디지털콘텐츠(음악) 공급표준계약서,"제3조(""갑""의 의무) ① ""갑""은 본 계약에 의하여 ""을""로부터 제공받은 콘텐츠를 이용자에게 제공하고, 그 대가로서 ""을""에게 정보제공료를 지급하여야 한다."
디지털콘텐츠(음악) 공급표준계약서,"제3조(""갑""의 의무) ② ""갑""은 이용자의 청약철회권 행사가 방해받지 않도록 콘텐츠의 미리듣기 등 시용상품의 제공 및 일부 이용 등의 방법을 제공하기 위하여 ""을""과 협의하여야 한다."
디지털콘텐츠(음악) 공급표준계약서,"제3조(""갑""의 의무) ③ ""갑""의 책임 있는 사유로 인하여 제3자와의 사이에 본 계약과 관련한 분쟁이 발생한 경우, ""갑""의 비용 및 책임으로 이를 해결하여야 한다."
디지털콘텐츠(음악) 공급표준계약서,"제4조(""을""의 의무) ① ""을""은 서비스의 이용범위 내에서 ""갑""에게 콘텐츠를 사용하도록 허락한다. 이때, ""을""이 ""갑""에게 제공한 콘텐츠 목록은 부속서에 별첨한다."
디지털콘텐츠(음악) 공급표준계약서,"제4조(""을""의 의무) ② ""을""은 ""갑""이 서비스의 적합한 범위 내에서 콘텐츠를 편집, 가공할 수 있도록 협조하여야 한다."
디지털콘텐츠(음악) 공급표준계약서,"제4조(""을""의 의무) ③ ""을""은 ""갑""에게 제공하는 콘텐츠 중 업데이트가 필요하다고 ""갑""과 ""을""이 협의한 콘텐츠의 경우, 정기적으로 또는 수시로 업데이트하여 ""갑""에게 제공하여야 한다. 단, 콘텐츠의 업데이트가 통상적이고 일상적인 업데이트 수준을 벗어나서 ""을""에게 추가 비용이 발생하는 경우에는 ""갑""과 ""을""은 협의에 의하여 ""갑""이 ""을""에게 그 업데이트 비용을 지급한다."
디지털콘텐츠(음악) 공급표준계약서,"제4조(""을""의 의무) ④ ""을""은 특별한 사정으로 본 계약상 콘텐츠의 제공을 중단할 필요가 있거나 중단이 예견되는 경우에는 즉시 ""갑""에게 통보하여야 한다."
디지털콘텐츠(음악) 공급표준계약서,"제4조(""을""의 의무) ⑤ ""을""의 책임 있는 사유로 인하여 제3자와의 사이에 본 계약과 관련한 분쟁이 발생한 경우 ""을""의 비용 및 책임으로 이를 해결하여야 한다."
디지털콘텐츠(음악) 공급표준계약서,"제4조(""을""의 의무) ⑥ ""을""이 저작권자가 아닌 경우 제3조 제2항 및 동조 제2항과 관련하여 ""을""은 저작권자의 사전 동의를 얻어야 한다."
디지털콘텐츠(음악) 공급표준계약서,"제5조(사용허락의 범위) ① ""갑""의 콘텐츠의 사용은 아래에 정해진 범위에 한한다."
디지털콘텐츠(음악) 공급표준계약서,"제5조(사용허락의 범위) ② ""갑""은 ""관리콘텐츠""를 전항에 명시된 사용허락범위 이외의 용도로 사용하거나 제3자에게 사용하도록 할 경우에는 ""을""에게 서면동의를 통한 허락을 받아야 한다."
디지털콘텐츠(음악) 공급표준계약서,"제6조(비밀유지) ① ""갑""과 ""을""은 상대방으로부터 업무상 제공받은 자료와 부수적으로 알게 된 상대방의 모든 정보를 사전 동의 없이 제3자에게 유출하거나 본 계약의 목적 이외의 어떠한 목적으로도 사용할 수 없다."
디지털콘텐츠(음악) 공급표준계약서,제6조(비밀유지) ② 제1항의 의무는 계약 종료 후 년 간 유효하다.
디지털콘텐츠(음악) 공급표준계약서,"제7조(계약기간 및 갱신) 본 계약의 유효기간은 본 계약체결일로부터 ____년(월) 으로 한다. 단, 계약기간의 만료 1개월 전까지 양 당사자에 의한 계약종료 또는 계약조건의 변경에 대한 의사표시가 없는 한, 본 계약은 1회에 한하여 동일한 기간으로 연장되는 것으로 한다."
디지털콘텐츠(음악) 공급표준계약서,제8조(계약내용의 변경) 본 계약 체결당시에 상호 예상하지 못한 사안의 발생 등으로 인하여 부득이 본 계약서상의 일부조항을 변경하거나 별도의 조항을 추가할 필요가 있을 경우에는 그 상대방과 합의하여 서면으로 본 계약을 수정 및 변경할 수 있다.
디지털콘텐츠(음악) 공급표준계약서,"제9조(라이선스) ""갑""이 본 계약에 의하여 ""을""로부터 취득하는 권리는 콘텐츠를 온라인 방식으로 서비스하기 위하여 콘텐츠를 복제, 전송할 수 있는 권리이다. 단, 기타 권리 및 사용범위 등은 부속서에 정한다."
디지털콘텐츠(음악) 공급표준계약서,"제10조(권리 및 보증) ① ""을""은 콘텐츠에 대한 권리를 가지며 ""갑""은 본 계약의 범위 내에서 사용권리를 가진다."
디지털콘텐츠(음악) 공급표준계약서,"제10조(권리 및 보증) ② ""을""은 ""갑""에게 공급한 콘텐츠가 타인의 저작권 및 기타 지적재산권을 침해하지 아니하였음을 보증한다. 다만, ""갑""이 이를 보증하는 경우에는 그러하지 아니한다."
디지털콘텐츠(음악) 공급표준계약서,"제11조(저작인격권 침해의 책임) ""갑""은 관리콘텐츠를 사용함에 있어서 저작인격권(저작자와 실연자에 한함)을 침해하거나, 저작자의 명예를 훼손하는 방법으로 저작물을 이용하는 경우 저작자에 대하여 그 책임을 져야 한다."
디지털콘텐츠(음악) 공급표준계약서,"제12조(권리의 양도) ""을""은 본 계약상의 ""갑""의 권리가 침해되지 않는 범위 내에서 콘텐츠에 기한 지적재산권의 전부 또는 일부를 제3자에게 양도할 수 있다. 다만, ""을""이 저작권자가 아닌 경우에는 그러하지 아니한다."
디지털콘텐츠(음악) 공급표준계약서,"제13조(침해금지 및 예방) ① ""갑""은 제3자가 본 콘텐츠의 지적재산권을 침해하거나 침해할 우려가 있음을 안 때에는 ""을""에게 이를 통지하여야 한다. 이때, ""갑""은 ""을""로 하여금 그 침해의 금지 또는 예방을 목적으로 하는 소송의 제기를 요구할 수 있다."
디지털콘텐츠(음악) 공급표준계약서,"제13조(침해금지 및 예방) ② ""갑""은 ""을""이 제1항의 소송을 할 경우 증거수집 및 기타 소송에 필요한 협조를 제공해야 하며, 필요시 그 소송비용 및 법률비용의 일부를 지원할 수 있다."
디지털콘텐츠(음악) 공급표준계약서,"제14조(기술적 보호조치) ""갑""과 ""을""은 ""을""의 콘텐츠에 대한 권리 및 ""갑""의 서비스권리를 상호 보호하여야 하며, ""갑""은 ""을""의 요청에 따라 콘텐츠의 저작권 및 기타 권리를 보호하기 위하여 기술적 보호조치 등을 취하여야 한다."
디지털콘텐츠(음악) 공급표준계약서,"제15조(정보제공료) ① ""갑""은 ""을""의 콘텐츠를 서비스한 해당 월을 기준으로 익월___일까지 ""을""에게 정산자료를 통보하고, ""을""은 정산서를 받은 후 ___일 이내에 ""갑""에게 세금계산서를 발행하며, ""갑""은 세금계산서를 받은 후 ___일 이내에 ""을""이 지정한 은행계좌로 정산액을 입금하여야 한다."
디지털콘텐츠(음악) 공급표준계약서,"제15조(정보제공료) ② ""갑""이 ""을""에게 지급해야 하는 정보제공료에 관한 상세한 산정기준 등은 해당 ""징수규정""을 참조하여 부속서에 정한다.(저작권자는 한국음악저작권협회, 실연자는 한국음악신연자연합회, 음반제작자는 한국음원제작자협회의 징수규정을 참조한다.)"
디지털콘텐츠(음악) 공급표준계약서,"제15조(정보제공료) ③ ""갑""이 제1항에 따른 정산액의 입금을 지연한 때에는 그 지연일수에 따라 연 100분의 20을 곱하여 산정한 지연이자를 지급하여야 한다."
디지털콘텐츠(음악) 공급표준계약서,"제15조(정보제공료) ④ ""갑""과 ""을""은 고의 또는 중대한 과실로 수익금 정산자료의 허위작성, 매출의 누락, 상호간의 승인이 없는 서비스의 제공, 매출증가를 위한 허위이용 등의 부정행위가 발생할 경우, 타방 당사자에게 지급하여야 할 금액의 배를 현금으로 배상하여야 한다."
디지털콘텐츠(음악) 공급표준계약서,"제15조(정보제공료) ⑤ ""을""은 콘텐츠에 대한 서비스 통계 및 정산자료를 조회할 목적으로만 ""갑""의 서비스 관리시스템에 접속할 수 있으며, 관리시스템 보안과 관련한 ""갑""의 시정요구가 있는 경우 즉시 해당조치를 취하여야 한다. 단, ""갑""은 ""을""과 협의하여 서비스 관리시스템 접근시간을 제한할 수 있다."
디지털콘텐츠(음악) 공급표준계약서,"제15조(정보제공료) ⑥ ""갑""과 ""을""은 계약상의 정산을 위하여 ‘디지털콘텐츠 거래사실인증제도’를 합의하여 활용할 수 있다."
디지털콘텐츠(음악) 공급표준계약서,"제16조(계약의 해지) ① ""갑""과 ""을""은 계약기간 중이라도 다음 각 호에 해당하는 경우에는 본 계약을 해지할 수 있다. 1. 양 당사자가 서면으로 합의한 경우 2. 당사자 일방이 본 계약상의 의무를 위반한 경우, 상대방이 서면으로 그 이행을 요구한 날로부터 14일 이내에 이를 이행하지 아니한 경우 3. 당사자 일방이 부도, 파산 또는 회생절차 개시 등을 이유로 하여 정상적 영업활동이 불가능한 경우 4. ""을""이 제공한 콘텐츠의 하자 등이 발생하여 시정을 요구한 날로부터 14일 이내에 이를 이행하지 아니하는 경우 5. ""갑""의 서비스 지연, 오류 등이 발생하여 월 2회 이상 또는 계약기간동안 누적하여 3회 이상 시정요구를 하게 된 경우 6. 기타 당사자 사이의 신뢰관계를 현저히 해하는 등 본 계약을 계속할 수 없는 중대한 사유가 발생한 경우"
디지털콘텐츠(음악) 공급표준계약서,제16조(계약의 해지) ② 본조에 따른 해지의 효력은 이미 발생한 권리관계 및 일방 당사자의 책임 있는 사유로 인한 손해배상청구권에 영향을 미치지 아니한다.
디지털콘텐츠(음악) 공급표준계약서,"제17조(서비스 제공의 중단 등) ① ""을""이 본 계약상 제공하는 콘텐츠의 구성 및 수량은 상호 협의 하에 정하되 ""을""은 제공이 가능한 최대한의 콘텐츠를 제공하여야 한다. 콘텐츠의 구성 및 수량은 상호 협의 하에 추후 변경 및 추가될 수 있다."
디지털콘텐츠(음악) 공급표준계약서,"제17조(서비스 제공의 중단 등) ② ""을""은 콘텐츠의 원활한 제공이 현저히 곤란한 경우 ""갑""에게 콘텐츠 서비스 개선을 요구할 수 있으며, ""갑""은 ""을""과 협의 하에 이를 최대한 수용하도록 노력하여야 한다."
디지털콘텐츠(음악) 공급표준계약서,"제17조(서비스 제공의 중단 등) ③ ""갑""은 정보통신망이용촉진 및 정보보호 등에 관한 법률을 위반한 청소년유해매체물이 게시되어 있는 경우에는 이를 지체 없이 삭제한다. ""을""은 ""갑""에게 청소년유해물 등에 대한 삭제요청을 할 수 있고, ""갑""에게 ‘주의’ 조치를 전달할 수 있으며 ‘주의’ 조치가 3회 이상 누적될 경우에는 ""갑""과의 계약을 해지할 수 있다. 다만, 19세 이상의 ""이용자""만 이용할 수 있는 서비스는 예외로 한다."
디지털콘텐츠(음악) 공급표준계약서,"제17조(서비스 제공의 중단 등) ④ ""을""에게 서비스하고 있는 콘텐츠에 대한 판매가격의 변경 혹은 유/무료 전환 등의 사유가 발생할 경우 ""을""은 사전에 ""갑""과 협의 후 진행하여야 하며, 이로 인한 ""갑""의 서비스 이용자에게 피해가 발생할 우려가 있는 경우 ""갑""은 이를 불허할 수 있으며, 동의 없는 변경/전환으로 인하여 문제가 발생할 경우 이에 대한 모든 책임은 ""을""에게 있다."
디지털콘텐츠(음악) 공급표준계약서,"제18조(계약종료의 효과) 본 계약이 종료된 경우에 ""갑""은 즉시 콘텐츠와 관련된 모든 자료를 ""을""에게 반환하여야 하며, ""을""의 모든 콘텐츠 내용을 폐기ㆍ삭제하여야 한다. 다만, 정당한 권원을 가진 이용자가 ""을""의 콘텐츠를 사용하고 있는 동안에는 그러하지 아니한다."
디지털콘텐츠(음악) 공급표준계약서,"제19조(손해배상) ① ""갑"" 또는 ""을""이 본 계약상의 의무를 성실히 이행하지 아니하거나 본 계약을 위반함으로 인하여 타방 당사자에게 손해가 발생한 경우에는 그 손해를 배상하여야 한다."
디지털콘텐츠(음악) 공급표준계약서,"제19조(손해배상) ② 제3자가 ""을""이 제공한 콘텐츠에 대하여 지적재산권 주장, 이의제기 또는 소제기 등을 하는 경우, ""갑""은 이로 인한 민ㆍ형사상의 책임을 지지 아니 한다."
디지털콘텐츠(음악) 공급표준계약서,"제20조(불가항력) ""갑"" 또는 ""을""은 천재지변이나 국가비상사태, 폭동, 전쟁 등 불가항력의 사유로 상대방에게 발생시킨 의무불이행 및 손해에 대하여는 책임을 지지 아니한다."
디지털콘텐츠(음악) 공급표준계약서,제21조(분쟁의 해결) ① 본 계약과 관련하여 발생되는 분쟁은 관련 분쟁조정위원회의 조정 또는 대한상사중재원의 중재규칙에 따라 중재로 해결할 수 있다.
디지털콘텐츠(음악) 공급표준계약서,제21조(분쟁의 해결) ② 본 계약과 관련하여 당사자 간에 소송이 제기되는 경우에는 민사소송법상 피고의 보통재판적이 있는 곳의 법원이 관할한다.
디지털콘텐츠(음악) 공급표준계약서,"제22조(통지) 본 계약상 양당사자의 타방 당사자에 대한 일체의 통지, 통고 등은 계약서에 기재된 당사자의 주소로 우편, 전자문서 등 서면으로 하여야 한다. 양당사자는 주소가 변경되는 경우 즉시 상대방에게 통지하여야 한다."
디지털콘텐츠(음악) 공급표준계약서,"제23조(계약의 유보조항) 본 계약에서 정하지 아니한 사항이나 해석상 내용이 불분명한 사항에 대해서는 상호 협의하여 결정한다. 단, 협의가 이루어지지 않는 경우에는 관계법령 및 상관습에 따른다."
디지털콘텐츠(음악) 공급표준계약서,제1조(재검토기한) 문화체육관광부장관은 이 고시에 대하여 「훈령ㆍ예규 등의 발령 및 관리에 관한 규정」에 따라 2023년 1월 1일 기준으로 매 3년이 되는 시점(매 3년째의 12월 31일까지를 말한다)마다 그 타당성을 검토하여 개선 등의 조치를 하여야 한다.
"소프트웨어종사자(기간제, 단시간) 표준근로계약서","제1조(목적) 본 계약은 사용자와 근로자가 동등한 지위에서 근로조건에 관한 세부사항을 정하고, 성실히 이행할 것을 목적으로 한다."
"소프트웨어종사자(기간제, 단시간) 표준근로계약서","제2조(용어의 정의) ① 본 계약의 ""사용자""란 사업주 또는 사업 경영 담당자, 그 밖에 근로자에 관한 사항에 대하여 사업주를 위하여 행위하는 자를 말한다."
"소프트웨어종사자(기간제, 단시간) 표준근로계약서","제2조(용어의 정의) ② 본 계약의 ""근로자""란 직업의 종류와 관계없이 임금을 목적으로 사업이나 사업장에 근로를 제공하는 자를 말한다."
"소프트웨어종사자(기간제, 단시간) 표준근로계약서","제3조(담당업무 등) ① 근로자의 채용시 소속 부서, 직급 등은 다음 각호와 같다."
"소프트웨어종사자(기간제, 단시간) 표준근로계약서","제3조(담당업무 등) ② 근로자의 담당업무는 ______프로그램 / 프로젝트와 관련한 다음 각 호의 업무와 이에 부수하는 업무로 한다. 단, 사용자가 담당업무를 변경하는 경우 사전에 근로자의 동의를 얻어야 한다."
"소프트웨어종사자(기간제, 단시간) 표준근로계약서",제4조 (근무장소 등) ① 근로자의 근무장소는 사용자의 사업장 또는 사용자가 지정하는 장소로 한다.
"소프트웨어종사자(기간제, 단시간) 표준근로계약서","제4조 (근무장소 등) ② 근로자는 사용자의 사업장 외의 장소에서 근무하는 경우에도 사업장에서 근무하는 것과 동일하게 사용자의 지휘, 감독에 따라 성실하게 근무하여야 한다."
"소프트웨어종사자(기간제, 단시간) 표준근로계약서","제4조 (근무장소 등) ③ 제2항의 경우 근로자의 근무장소가 하도급거래 공정화에 관한 법률 제2조 제2항의 원사업자의 사업장인 경우, 사용자는 원사업자가 업무수행에 필요한 협의 외에는 근로자에게 직접 업무지시 또는 근태 등의 인사관리를 하지 않도록 적절한 조치를 취하여야 한다."
"소프트웨어종사자(기간제, 단시간) 표준근로계약서","제5조 (근로계약기간) ① 본 계약의 유효기간은 20 . . 부터 20 . . 까지( 개월로 하되, 2년 이내의 기간)로 한다."
"소프트웨어종사자(기간제, 단시간) 표준근로계약서","제5조 (근로계약기간) ② 유효기간 종료시 본 계약은 종료된다. 다만, 유효기간 종료 전 당사자간 연장 합의를 한 경우 합의한 기간만큼 본 계약을 연장할 수 있다."
"소프트웨어종사자(기간제, 단시간) 표준근로계약서","제5조 (근로계약기간) ③ 최초 계약일로부터 갱신 또는 연장기간을 합산한 근무기간이 근속의 단절 없이 총 24개월을 초과한 경우, 초과한 날부터 기간의 정함이 없는 근로자로 전환된다."
"소프트웨어종사자(기간제, 단시간) 표준근로계약서","제6조 (근로시간 및 휴게시간) ① 근로시간은 다음 표에 정하고, 주휴일은 매주 __요일로 하며, 변경이 필요할 경우 최소 ___일 전 양 당사자 간 별도의 서면 합의로 정한다."
"소프트웨어종사자(기간제, 단시간) 표준근로계약서","제6조 (근로시간 및 휴게시간) ② 근로자의 소정 근로시간은 1일 ( )시간, 1주 ( )시간으로 한다. 단, 사용자의 업무상 필요가 있는 경우 근로자의 동의로 1주 12시간의 범위 내에서 연장, 야간, 휴일근로를 제공할 수 있다."
"소프트웨어종사자(기간제, 단시간) 표준근로계약서","제6조 (근로시간 및 휴게시간) ③ 사용자는 근로자에게 4시간 근로에 30분, 8시간 근로에 1시간 이상의 휴게시간을 근무시간 중 부여한다."
"소프트웨어종사자(기간제, 단시간) 표준근로계약서",제6조 (근로시간 및 휴게시간) ④ 전 1항의 구체적인 근로시간과 전 2항의 구제적인 휴게시간은 업무 상 필요한 경우 근로자의 동의를 받아 시작 및 종료 시간을 변경할 수 있다.
"소프트웨어종사자(기간제, 단시간) 표준근로계약서","제6조 (근로시간 및 휴게시간) ⑤ 근로자가 근로시간의 전부를 출장, 교육, 재택 근로 등의 사유로 사업장 외의 장소에서 근무하게 되는 경우 1일 8시간을 근무한 것으로 한다. 근로시간의 일부를 사업장 외의 장소에서 근무하게 된 경우 해당 업무의 수행에 필요한 시간을 근무한 것으로 한다."
"소프트웨어종사자(기간제, 단시간) 표준근로계약서",제7조 (휴일) ① 사용자는 근로자에게 다음 각호를 유급 휴일로 부여한다.
"소프트웨어종사자(기간제, 단시간) 표준근로계약서","제7조 (휴일) ② 사용자는 1항의 휴일 중 근로기준법에 따른 휴일에 대해서 사업운영상 필요한 경우 소속 근로자 대표와 서면합의를 하고, 특정한 근로일로 휴일을 변경할 수 있다. 다만, 변경되는 휴일은 최초 휴일이었던 날부터 7일 이내로 정하고, 변경된 휴일은 다시 변경할 수 없다."
"소프트웨어종사자(기간제, 단시간) 표준근로계약서",제8조 (연차유급휴가) ① “사용자”는 “근로자”가 계속근로연수 1년 중 80%이상 근무한 경우 근로기준법에 의한 연차휴가를 부여한다.
"소프트웨어종사자(기간제, 단시간) 표준근로계약서",제8조 (연차유급휴가) ② 계속근로기간 1년 미만 인 경우 1개월 개근 시 1일의 유급연차휴가를 부여한다.
"소프트웨어종사자(기간제, 단시간) 표준근로계약서",제8조 (연차유급휴가) ③ 계속 근로연수 1년이 되는 시점에서 15일의 연차휴가와 근속기간에 따른 가산휴가를 부여한다.
"소프트웨어종사자(기간제, 단시간) 표준근로계약서",제8조 (연차유급휴가) ④ 전 2항과 3항의 연차휴가는 발생일로부터 1년간 휴가로 사용할 수 있다.
"소프트웨어종사자(기간제, 단시간) 표준근로계약서",제8조 (연차유급휴가) ⑤ 미사용 연차휴가는 휴가 사용기간 1년이 만료시 근로자의 통상임금을 기준하여 수당으로 지급한다.
"소프트웨어종사자(기간제, 단시간) 표준근로계약서","제8조 (연차유급휴가) ⑥ 연차휴가는 근로자가 청구한 시기에 부여하여야 한다. 다만, 사업 운영에 막대한 지장이 있는 경우 그 사용 시기를 변경할 수 있다."
"소프트웨어종사자(기간제, 단시간) 표준근로계약서",제8조 (연차유급휴가) ⑦ 사용자가 특정한 근로일을 근로자의 연차휴가로 대체하고자 할 경우 소속 근로자 대표와 서면합의를 체결한 때에만 대체할 수 있다.
"소프트웨어종사자(기간제, 단시간) 표준근로계약서","제8조 (연차유급휴가) ⑧ 연차휴가에 관한 구체적인 사항은 근로기준법 또는 사용자의 취업규칙, 내규 등에 정한 바에 따른다."
"소프트웨어종사자(기간제, 단시간) 표준근로계약서",제9조 (임금) ① “근로자”의 기본급은 월 원(월 시간분)으로 한다.
"소프트웨어종사자(기간제, 단시간) 표준근로계약서","제9조 (임금) ② 법정수당 외 식대, 차량유지비, 육아수당, 기타 제수당에 대해서는 사용자의 취업규칙 등에서 정한 바에 따른다."
"소프트웨어종사자(기간제, 단시간) 표준근로계약서","제9조 (임금) ③ 사용자는 소정근로에 대해 지급하는 임금 외에 근로자가 연장, 야간, 휴일 근로한 경우 통상임금의 50%를 가산한 법정수당을 추가로 지급한다."
"소프트웨어종사자(기간제, 단시간) 표준근로계약서",제9조 (임금) ④ 사용자는 당월 일 부터 당월[ ] 익월[ ] 일까지 근무한 것에 대한 임금 및 법정 제수당 등의 금액에서 사회보험료 근로자 부담분 및 제세 공과금을 공제한후 당월[ ] 익월[ ] 일 근로자 가 지정한 계좌로 송금한다.
"소프트웨어종사자(기간제, 단시간) 표준근로계약서","제9조 (임금) ⑤ 업무수행에 소요되는 경비, 출장비 등에 대해서는 사용자의 취업규칙 등에서 정한 바에 따른다."
"소프트웨어종사자(기간제, 단시간) 표준근로계약서",제10조 (계약의 갱신 및 변경) ① 제5조에 근로계약 기간이 기간의 정함이 있는 경우에는 계약 종료일로부터 1개월 전 양 당사자는 계약의 연장 여부에 대한 의견을 상대방에게 통보하여야 한다.
"소프트웨어종사자(기간제, 단시간) 표준근로계약서","제10조 (계약의 갱신 및 변경) ② 전 1항의 경우 양 당사자가 또는 일방이 갱신거절의 통지를 보낸 경우나, 별도의 갱신에 대한 통지를 하지 않는 경우 계약은 갱신되지 않은 것으로 한다."
"소프트웨어종사자(기간제, 단시간) 표준근로계약서",제10조 (계약의 갱신 및 변경) ③ 본 계약 기간 중 양 당사자가 계약을 변경하고자 할 때에는 새로이 기명 및 날인한 서면계약에 의하여야 한다.
"소프트웨어종사자(기간제, 단시간) 표준근로계약서","제11조 (사회보험의 가입) ① 사용자는 보험가입자로서 근로자를 피보험자로 하여, 국민연금, 건강, 고용, 산재보상에 관한 사회보험을 관련 법령에 따라 근로자의 입사일을 기준으로 피보험 자격 취득 절차를 진행하여야 한다."
"소프트웨어종사자(기간제, 단시간) 표준근로계약서",제11조 (사회보험의 가입) ② 사용자는 사회보험법령에 정한 바와 같이 근로자의 보수월액 전액을 대상으로 정해진 보험요율에 따라 보험료를 성실히 납부하여야 한다.
"소프트웨어종사자(기간제, 단시간) 표준근로계약서","제12조(성실의무) 사업주와 근로자는 각자가 근로계약, 취업규칙, 단체협약을 지키고 성실하게 이행한다."
"소프트웨어종사자(기간제, 단시간) 표준근로계약서",제13조 (징계 등) ① 사용자는 정당한 이유 없이 징계 등의 제재를 할 수 없다.
"소프트웨어종사자(기간제, 단시간) 표준근로계약서","제13조 (징계 등) ② 근태불량, 정당한 지시에 대한 위반 등 근로자에게 징계 사유가 발생한 경우 근로기준법 내지 취업규칙 등에 정한 바에 따라 정당한 징계 처분을 하여야 한다."
"소프트웨어종사자(기간제, 단시간) 표준근로계약서",제14조 (비밀준수 등) 근로자는 본 계약기간 중은 물론 본 계약의 종료나 해지 이후 년간 본 계약의 업무수행과정에서 알거나 취득하게 된 사용자의 영업비밀을 사용자의 동의 없이 제3자에게 제공하거나 본인 또는 제3자의 이익을 위하여 사용할 수 없다.
"소프트웨어종사자(기간제, 단시간) 표준근로계약서","제15조 (지식재산권의 귀속) ① 근로자가 본 계약 제3조의 담당업무를 수행하며 만들어낸 시작품(試作品) 등 유형적 성과물 일체와 지식재산에 관한 권리는 사용자의 소유로 한다. 다만, 저작권법, 특허법 등 지식재산 관계 법령에 근로자의 권리를 인정하는 특별한 규정이 있는 경우에는 그에 따른다."
"소프트웨어종사자(기간제, 단시간) 표준근로계약서",제15조 (지식재산권의 귀속) ② 근로자는 사용자의 동의를 얻어 제1항의 유형적 성과물 일체와 지식재산을 사용할 수 있다.
"소프트웨어종사자(기간제, 단시간) 표준근로계약서","제16조 (계약의 해지) ① 근로자가 근로계약을 해지하고자 하는 경우에는 근로기준법, 취업규칙 등이 정하는 절차에 따라 사용자에게 사직하고자 하는 날 30일 전 사직서를 제출하고 본계약을 종료할 수 있다."
"소프트웨어종사자(기간제, 단시간) 표준근로계약서","제16조 (계약의 해지) ② 사업의 종료(폐업), 당사자의 사망, 정년, 기간의 만료 등의 사유가 발생한 경우 별도의 절차 없이 본 계약은 사유 발생일로 종료한다."
"소프트웨어종사자(기간제, 단시간) 표준근로계약서","제17조 (근로계약의 작성 및 교부) ① 사용자는 본 계약을 체결한 때, 정본 또는 사본을 근로자에게 교부하여야 한다."
"소프트웨어종사자(기간제, 단시간) 표준근로계약서",제17조 (근로계약의 작성 및 교부) ② 사용자는 본 계약 체결 후 계약의 내용이 변경된 경우에도 전항의 경우와 같이 작성된 근로계약서를 교부하여야 한다.
"소프트웨어종사자(기간제, 단시간) 표준근로계약서","제18조 (준용) 본 계약에 정하지 않은 사항에 대해서는 근로기준법 등 노동관계법령이나 사용자의 취업규칙, 기타 내규에 정한 바에 따른다."
소프트웨어종사자(용역) 표준 도급계약서,"제1조(기본원칙) ① 본 계약의 당사자는 동등한 지위에서, 자유로운 의사에 따라 본 계약을 체결하며, 상호 신의 성실의 원칙에 따라 본 계약을 성실히 이행한다."
소프트웨어종사자(용역) 표준 도급계약서,제1조(기본원칙) ② 본 계약의 당사자는 계약상 권리와 의무를 이행함에 있어 본 계약에 명시된 경우를 제외하고는 상대방을 대리하거나 상대방의 의무를 부담하지 않는다.
소프트웨어종사자(용역) 표준 도급계약서,"제2조(용어의 정의) 1. 본 계약의 ‘도급’이라 함은 계약의 명칭에 상관없이 소프트웨어의 개발, 제작, 생산, 유통 등과 관련한 업무를 완성하면, 그 결과의 대가로 보수를 지급할 것을 내용으로 하는 계약을 말한다."
소프트웨어종사자(용역) 표준 도급계약서,제2조(용어의 정의) 2. 본 계약의 ‘도급인’이라 함은 명칭과 상관없이 전 1호의 업무를 ‘수임인’에게 위탁하는 다음 각 호의 자를 말한다. 가. 본인의 사업과 관련하여 소프트웨어 개발 등의 업무를 위탁하는 자.
소프트웨어종사자(용역) 표준 도급계약서,제2조(용어의 정의) 2. 본 계약의 ‘도급인’이라 함은 명칭과 상관없이 전 1호의 업무를 ‘수임인’에게 위탁하는 다음 각 호의 자를 말한다. 나. 소프트웨어산업진흥법 제2조 4호의 소프트웨어사업을 하는 자.
소프트웨어종사자(용역) 표준 도급계약서,제2조(용어의 정의) 2. 본 계약의 ‘도급인’이라 함은 명칭과 상관없이 전 1호의 업무를 ‘수임인’에게 위탁하는 다음 각 호의 자를 말한다. 다. 전 가호 또는 나호의 자로부터 적법하게 업무의 하도급(또는 재하도급) 권한을 위임받은 자.
소프트웨어종사자(용역) 표준 도급계약서,"제2조(용어의 정의) 3. 본 계약의 ‘수급인’이라 함은 프리랜서, 용역 등 명칭과 상관없이 전 2호의 ‘도급인’으로부터 업무를 위탁받아, 위탁 업무를 업(業)으로서 독립적으로 수행하는 자를 말한다."
소프트웨어종사자(용역) 표준 도급계약서,제2조(용어의 정의) 4. 본 계약의 ‘발주자’라 함은 본 계약의 도급인에게 제1항의 소프트웨어 관련 업무를 위탁하는 자를 말한다.
소프트웨어종사자(용역) 표준 도급계약서,"제2조(용어의 정의) 5. 본 계약의 ‘부속서류’는 본 계약 체결 전 양 당사자가 합의하여 작성한 과업지시서, 산출내역서 등의 서류와 본 계약과 별도로 작성한 특약을 말한다."
소프트웨어종사자(용역) 표준 도급계약서,"제3조(계약의 성립) ① 본 계약은 도급인 또는 수급인이 계약의 내용을 서면으로 작성하여 상대방에게 제시하고, 상대방은 이에 서명함으로써 성립한다."
소프트웨어종사자(용역) 표준 도급계약서,"제3조(계약의 성립) ② 본 계약을 체결하기 위하여 양 당사자가 합의하여 작성한 과업지시서, 산출내역서 등의 부속서류가 있는 경우 본 계약의 일부로 효력을 갖는다."
소프트웨어종사자(용역) 표준 도급계약서,"제3조(계약의 성립) ③ 본 계약의 체결 전 작성한 과업지시서, 산출내역서 등의 내용이 본 계약의 내용과 다른 경우 최후에 합의된 계약 또는 부속서류가 효력이 있는 것으로 한다. 본 계약 등의 내용이 변경된 경우에도 또한 같다."
소프트웨어종사자(용역) 표준 도급계약서,"제3조(계약의 성립) ④ 본 계약의 부속서류로 양 당사자간에 본 계약 외에 특약 등으로 세부사항을 추가 약정할 수 있다. 다만, 특약 등이 「하도급 거래 공정화에 관한 법률」, 「독점거래 및 공정거래에 관한 법률」, 「소프트웨어 진흥법」에 위반되는 내용인 경우 무효로 한다."
소프트웨어종사자(용역) 표준 도급계약서,"제4조(업무의 범위) ① 도급인은 수급인에게 다음의 업무를 위탁하며, 구체적인 사항은 별도의 과업지시서, 산출내역서 등의 서류에 정할 수 있다."
소프트웨어종사자(용역) 표준 도급계약서,제4조(업무의 범위) ② 발주자가 있는 경우 수급인은 본 계약 체결 전이라고 하더라도 발주자와 도급인간의 업무 범위 및 내용에 대한 확인을 요청할 수 있다. 수급인으로부터 업무 범위 및 내용에 대한 확인을 요청받은 도급인은 7일 이내에 확인 절차를 진행한다. 단 확인은 도급인과 수급인의 업무 내용 및 범위로 제한할 수 있다.
소프트웨어종사자(용역) 표준 도급계약서,"제4조(업무의 범위) ③ 업무의 범위와 내용 등에 대해서 도급인은 구체적이고 상세히 명시하여야 하며, 명시되지 않은 사항에 대해 도급인은 업무 수행을 요구할 수 없다."
소프트웨어종사자(용역) 표준 도급계약서,제4조(업무의 범위) ④ 도급인이 계약체결 이후에 업무범위 및 내용의 일부 또는 전체를 확정해야 하는 합리적인 사유가 있는 경우에는 전체 과업수행기간의 50% 내의 기간 중 20년 월 일까지 수급인과 합의하여 업무를 구체적으로 확정한다.
소프트웨어종사자(용역) 표준 도급계약서,"제4조(업무의 범위) ⑤ 본 계약 또는 부속서류에서 정한 업무와 관련된 사항에 대하여 당사자 간 서면 합의에 따라 변경할 수 있다. 다만, 도급인은 수급인이 업무의 변경에 합의하도록 부당한 행위를 하여서는 아니 된다."
소프트웨어종사자(용역) 표준 도급계약서,제5조(계약기간) ① 본 계약은 20년 월 일(업무 착수일) 부터 20년 월 일(업무 종료일) 까지로 한다.
소프트웨어종사자(용역) 표준 도급계약서,"제5조(계약기간) ② 수급인의 귀책사유 없이 도급인의 사정으로 업무 착수일이 지연된 경우 양 당사자 간 합의에 따라 본 계약기간을 별도의 서면으로 새롭게 정하고, 도급인은 수급인에게 발생한 추가비용을 보상하여야 한다."
소프트웨어종사자(용역) 표준 도급계약서,제5조(계약기간) ③ 본 계약의 계약기간을 변경하거나 기타 부득이한 사정으로 계약기간을 연장할 필요성이 있는 경우 양 당사자는 별도의 서면으로 합의하여 전 항의 기간을 변경할 수 있다.
소프트웨어종사자(용역) 표준 도급계약서,"제5조(계약기간) ④ 도급인은 업무내용 변경 없이 기간을 연장할 때에는 계약기간 종료일 기준 1개월 전에 계약연장에 따른 재계약 여부를 알려야 하며, 수급인의 이의가 없을 경우 제1항의 계약기간 총 일수와 제6조 제1항의 보수로써 총 금액에 비례하는 1일 평균 보수 기준으로 년(또는 개월)단위 자동 연장한다."
소프트웨어종사자(용역) 표준 도급계약서,"제6조(보수) ① 도급인은 수급인에 대하여 본 건 업무의 보수로써 총 금액 원을 다음과 같이 분할하여 지급하되, 수급인이 지정한 금융기관 계좌에 지급한다. 단, 본 조에서 정한 기한 이후에 대금을 지급하는 경우에는 그 초과기간에 매 지체일수마다 지급액에 1000분의 1.25를 곱하여 산출한 금액을 추가로 지급하여야 한다."
소프트웨어종사자(용역) 표준 도급계약서,"제6조(보수) ② 전 1항의 금액을 지급할 경우 수급인이 사업자등록을 한 경우 세법상 부가가치세를 보수 외 별도 금액으로 산정하여 지급하고, 그 외 사업소득자인 경우 사업소득세를 보수에서 공제한 후 지급한다. 이에 관한 구체적인 사항은 세법 등 관련 법률에서 정한 바에 따른다."
소프트웨어종사자(용역) 표준 도급계약서,"제6조(보수) ③ 수급인이 계약 기간 내에 업무를 완료하지 못한 경우, 그 지체기간에 매 지체일수마다 지급액에 1000분의 1.25를 곱하여 산출한 금액을 공제한 후 지급한다. 단 지체기간의 산정은 다음 각 호에 정한 바와 같다. 가. 지체일수에 포함하지 않는 기간 1) 천재지변 등 불가항력으로 업무수행을 하지 못한 기간 2) 도급인의 책임으로 과업수행에 지연·중단된 기간 3) 기타 수급인의 귀책사유 없이 지체된 기간 나. 지체일수에 포함하는 기간 1) 업무의 완료 보고 후 수정, 보완 등에 소요되는 기간 2) 업무 완료 보고 후 검수에 소요되는 기간 3) 기타 도급인의 귀책사유 없이 지체되는 기간"
소프트웨어종사자(용역) 표준 도급계약서,"제6조(보수) ④ 도급인은 경영상황의 변동 등 수급인에게 귀책사유 없는 불합리한 이유를 들어 제6조의 보수를 감액지급하거나 지급을 연기할 수 없으며, 수급인은 본 계약에서 정한 보수 이외의 어떠한 항목으로도 도급인에게 추가적 지급을 청구할 수 없다."
소프트웨어종사자(용역) 표준 도급계약서,"제6조(보수) ⑤ 제4항에도 불구하고, 본 계약 제4조에 명시된 업무의 변경 등 합리적인 사유가 있을 경우 양 당사자가 서면 합의로 본 계약의 보수 조건을 변경할 수 있다."
소프트웨어종사자(용역) 표준 도급계약서,"제6조(보수) ⑥ 수급인은 도급인에게 소프트웨어의 개발 등에 소요되는 재료비, 경비 등 공급원가가 변동되어 보수 조정이 불가피한 경우 보수 변경을 요청할 수 있고, 양 당사자가 서면 합의로 본 계약의 보수 조건을 변경할 수 있다."
소프트웨어종사자(용역) 표준 도급계약서,"제6조(보수) ⑦ 제5항 및 제6항의 경우 합의한 날로부터 7일 이내에 변경계약을 체결하되, 체결 전까지는 종전의 계약내용이 유효한 것으로 간주한다."
소프트웨어종사자(용역) 표준 도급계약서,"제7조(보증보험의 가입 등) ① 도급인은 수급인의 본 계약 이행에 대한 담보를 위해 보증금을 납입하도록 하거나, 보증보험증서를 요구할 수 있다."
소프트웨어종사자(용역) 표준 도급계약서,제7조(보증보험의 가입 등) ② 본 계약의 보수 금액이 증감된 경우 보증금이나 보증보험증서를 동일한 비율로 증감하도록 한다.
소프트웨어종사자(용역) 표준 도급계약서,제7조(보증보험의 가입 등) ③ 본 계약이 해지된 경우 수급인은 보증금의 즉시 반환을 요구할 수 있다.
소프트웨어종사자(용역) 표준 도급계약서,"제7조(보증보험의 가입 등) ④ 보증금의 관리, 보증보험의 발급 등에 소요되는 비용은 수급인의 부담으로 한다."
소프트웨어종사자(용역) 표준 도급계약서,제8조(사회보험의 가입 등) ① 수급인은 사회보험법령에 따라 지역가입자 또는 수급인 명의의 사업장 소속 직장 가입자로 사회보험을 가입한다.
소프트웨어종사자(용역) 표준 도급계약서,제8조(사회보험의 가입 등) ② 수급인은 사회보험법령에 따른 사회보험료 납부의무를 성실히 이행한다.
소프트웨어종사자(용역) 표준 도급계약서,"제9조(도급인의 권리와 의무) ① 도급인은 수급인의 업무의 수행에 대하여 지휘, 감독할 수 없으며, 수급인의 업무의 수행이나 사업운영에 관한 일체의 사항을 존중하여야 한다."
소프트웨어종사자(용역) 표준 도급계약서,제9조(도급인의 권리와 의무) ② 도급인은 수급인에게 위탁업무 진행사항에 대한 보고 및 협의를 요청할 수 있다. 수급인은 위탁 업무 수행의 온전한 완성을 위한 범위 내에서 보고 및 협의에 응하여야 한다.
소프트웨어종사자(용역) 표준 도급계약서,"제10조(수급인의 권리와 의무) ① 수급인은 업무를 수행함에 있어 도급인에게 손해를 끼치거나, 사업장의 질서를 문란하게 하여서는 아니 된다."
소프트웨어종사자(용역) 표준 도급계약서,"제10조(수급인의 권리와 의무) ② 수급인은 도급인으로부터 도급받은 업무의 수행을 위하여 수급인의 책임 하에 소속 근로자를 채용할 수 있으며, 근로자를 채용한 경우 근로기준법, 사회보험법 등 노동관계법령에 따른 사용자의 의무를 모두 이행하여야 한다."
소프트웨어종사자(용역) 표준 도급계약서,"제10조(수급인의 권리와 의무) ③ 전 2항에 따라 근로자를 채용한 경우, 도급인이 본 계약에 따른 보수를 수급인에게 모두 지급하였다면 수급인 소속 근로자에게 도급인이 지급하여야 할 임금에 대한 연대책임을 부담하지 않는다."
소프트웨어종사자(용역) 표준 도급계약서,"제10조(수급인의 권리와 의무) ④ 발주자가 도급인에 대하여 업무의 완성 전에 중간점검을 요구하는 경우 수급인도 이에 협조하여야 한다. 다만, 중간점검이 본 계약의 이행에 상당한 지장을 주는 경우에는 그러하지 아니하다."
소프트웨어종사자(용역) 표준 도급계약서,"제11조(납품) ① 수급인은 도급인에게 20년 월 일 까지 전자적 방법에 의한 전송 또는 디지털 저장매체를 통한 제공으로 계약목적물을 납품하고, 도급인은 수급인에게 즉시 수령확인서를 발급한다."
소프트웨어종사자(용역) 표준 도급계약서,"제11조(납품) ② 제1항의 납기일 전에 수급인과 도급인은 서면에 의한 협의로 납기조정이 가능하고, 수급인은 납기조정이 불가항력 사유로 인한 것일 경우 납기지연과 관련한 일체의 법률상 책임에서 면제된다."
소프트웨어종사자(용역) 표준 도급계약서,제12조(수령 및 검사) ① 도급인은 수급인으로부터 납품받은 계약목적물이 이 계약에서 정한 바에 따라 제작되었는지의 여부를 검사한다.
소프트웨어종사자(용역) 표준 도급계약서,제12조(수령 및 검사) ② 도급인과 수급인은 협의하여 과업수행에 대한 객관적이고 공정 타당한 검사의 기준 및 방법을 정하며 검사의 기준 및 방법을 별도의 과업지시서에 명시한다.
소프트웨어종사자(용역) 표준 도급계약서,"제12조(수령 및 검사) ③ 정당한 사유가 있는 경우를 제외하고, 도급인은 계약목적물을 납품받은 날로부터 10일 이내에 검사결과를 수급인에게 서면으로 통지하며, 이 기간 내에 통지하지 않은 경우 검사에 합격한 것으로 본다."
소프트웨어종사자(용역) 표준 도급계약서,"제12조(수령 및 검사) ④ 검사결과가 불합격인 경우, 도급인은 제3항의 검사결과 통지시 반드시 불합격 사유를 명시한다."
소프트웨어종사자(용역) 표준 도급계약서,"제12조(수령 및 검사) ⑤ 계약목적물의 기술적 특수성 등 10일 이내에 검사를 완료할 수 없는 정당한 사유가 있는 경우, 도급인과 수급인은 협의하여 별도의 검사기간을 정할 수 있다. 다만, 동 검사기간은 목적물 수령 이전에 합의되어 과업지시서에 명시한다."
소프트웨어종사자(용역) 표준 도급계약서,제13조(장소) ① 위탁업무의 수행 장소는 수급인의 결정에 의한다.
소프트웨어종사자(용역) 표준 도급계약서,제13조(장소) ② 제1항에도 불구하고 업무 수행에 필요한 경우 도급인과 수급인은 업무 장소를 협의하여 정할 수 있다.
소프트웨어종사자(용역) 표준 도급계약서,"제14조(비품 등의 대여) ① 업무 수행에 소요되는 기본 소프트웨어, 하드웨어, 기타 부속 장비·비품 등은 원칙적으로 수급인의 비용으로 처리한다."
소프트웨어종사자(용역) 표준 도급계약서,제14조(비품 등의 대여) ② 도급인은 수급인에게 업무 수행을 위해 필요한 경우 비품 등을 무상으로 제공하거나 유상으로 매도 또는 임대할 수 있다.
소프트웨어종사자(용역) 표준 도급계약서,"제14조(비품 등의 대여) ③ 제2항에 따라 도급인이 수급인에게 비품 등을 매도 또는 임대할 경우 그 가격, 임대료, 보관, 반환, 소유권 등에 관한 사항은 상호 협의로 정한다."
소프트웨어종사자(용역) 표준 도급계약서,"제15조(재하도급 금지) 수급인은 도급인의 서면 승인 없이, 본 계약의 업무 전부 또는 일부 또는 전부를 재하도급 할 수 없다."
소프트웨어종사자(용역) 표준 도급계약서,"제16조(계약의 해제, 해지) ① 본 계약의 당사자 중 일방에게 다음 각 호의 사유가 발생하는 경우 즉시 본 계약의 일부 또는 전부를 해제하거나 해지할 수 있다. 다만, 도급인은 작업 성과물의 완성 정도에 따른 대가를 지급하여야 한다. 1. 본 계약의 당사자가 금융기관으로부터 거래정지처분을 받아 이 계약을 이행할 수 없다고 인정되는 경우 2. 본 계약의 당사자가 자격, 면허 등을 전제로 본 계약을 체결하였으나, 해당 자격, 면허 등이 정지·취소된 경우 3. 본 계약의 당사자가 강제집행(가압류, 가처분 등 포함), 파산선고 또는 회사 정리 신청 등 경영상 중대한 사유가 발생하여 계약을 수행할 능력이 없다고 인정되는 경우"
소프트웨어종사자(용역) 표준 도급계약서,"제16조(계약의 해제, 해지) ② 다음 각 호의 경우에는 당사자 중 일방에게 상당한 기간을 정하여 이행 또는 시정을 촉구하고, 그 기간 내에 이행 또는 시정하지 않을 때에는 계약의 일부 또는 전부를 해제 또는 해지할 수 있다. 1. 도급인이 업무 수행에 필요한 제반사항의 이행을 특별한 사유 없이 지연함으로써 상당기간 수급인의 업무수행에 지장을 준 경우 2. 도급인이 정당한 사유 없이 보수 지급을 지연하거나 게을리 하는 경우 3. 상대방의 동의 없이 본 계약 업무의 일부 또는 전부를 제3자에게 재하도급 한 경우 4. 그 밖에 본 계약의 당사자가 본 계약 또는 부속서류에 정한 바를 위반한 경우"
소프트웨어종사자(용역) 표준 도급계약서,"제16조(계약의 해제, 해지) ③ 도급인은 상기 사유 외에 합리적 이유 없이 수급인과의 계약을 해지할 수 없으며, 계약당사자는 제1항 및 제2항에 따라 해제 또는 해지할 경우에는 상대방에게 지체 없이 서면으로 통지하여야 한다."
소프트웨어종사자(용역) 표준 도급계약서,제17조(비밀준수) ① 도급인과 수급인은 본 계약의 이행과정에서 알게 된 상대방의 영업비밀을 본 계약의 이행 이외의 목적으로 이용하여서는 아니 된다.
소프트웨어종사자(용역) 표준 도급계약서,제17조(비밀준수) ② 도급인과 수급인은 제1항의 영업비밀을 해당 소유자의 서면동의 없이 제3자에게 유출하여서는 아니 된다.
소프트웨어종사자(용역) 표준 도급계약서,"제17조(비밀준수) ③ 도급인과 수급인은 자신의 직원, 대리인, 사용인 등 기타 관련자로 하여금 제1항과 동일한 비밀 준수의무를 지도록 한다."
소프트웨어종사자(용역) 표준 도급계약서,제17조(비밀준수) ④ 비밀 준수 기간은 업무 종료 후 1년으로 한다.
소프트웨어종사자(용역) 표준 도급계약서,"제18조(손해배상) ① 수급인이 업무 수행과정에서 도급인의 소프트웨어, 전산시스템 등에 멸실, 훼손 등을 가하여 손해를 발생시킨 경우 그 손해를 배상하여야 한다. 수급인의 소속 근로자가 손해를 발생시킨 경우에도 수급인이 그 손해를 배상하여야 한다."
소프트웨어종사자(용역) 표준 도급계약서,"제18조(손해배상) ② 도급인과 수급인은 본 계약의 위반으로 인하여 손해를 입었을 때 상대방에게 손해배상을 청구할 수 있다. 다만, 불가항력으로 인하여 상대방 및 제3자에게 손해를 발생시킨 경우에는 책임을 지지 않는다."
소프트웨어종사자(용역) 표준 도급계약서,"제19조(하자의 담보) ① 본 계약의 업무가 완료된 경우에도 업무의 대상이 된 소프트웨어 등에 장애, 하자 등이 발생한 경우 수급인은 업무의 정상적인 운영을 위해 필요한 지원을 하여야 한다."
소프트웨어종사자(용역) 표준 도급계약서,"제19조(하자의 담보) ② 전 1항의 하자보수 기간은 본 계약의 업무 내용에 대해 도급인이 검사 등의 절차를 거쳐 종료로 한 날부터 12개월로 하여 그 후에는 하자 보수, 손해배상은 청구할 수 없다."
소프트웨어종사자(용역) 표준 도급계약서,"제19조(하자의 담보) ③ 본 조에도 불구하고, 수급인은 다음 각 호의 어느 하나의 사유로 하자가 발생한 경우에는 하자담보 책임을 부담하지 않는다. 다만, 도급인이 제공한 물품 또는 도급인의 지시가 적절하지 않다는 것을 알고도 수급인이 이를 고지하지 않은 경우에는 하자보증 책임을 부담한다. 1. 도급인이 제공한 물품의 품질이나 규격 등이 기준에 미치지 못하는 경우 2. 도급인이 사전에 업무 수행에 관한 특별한 수행 방식을 요구하여 수급인이 이에 따라 용역을 수행한 경우"
소프트웨어종사자(용역) 표준 도급계약서,"제19조(하자의 담보) ④ 도급인이 수급인에게 장애, 하자 등에 대한 지원을 요청할 경우 그 귀책사유가 수급인에게 있음을 입증하여야 하며, 이를 입증하지 못하는 경우 수급인은 지원 요청을 거부할 수 있다."
소프트웨어종사자(용역) 표준 도급계약서,"제19조(하자의 담보) ⑤ 도급인이 제2항의 하자보수 기간 중 수급인의 귀책사유가 아닌 장애, 하자 등이 아닌 경우에 대한 지원을 요청할 경우에는 그에 상응하는 보수를 지급하여야 한다."
소프트웨어종사자(용역) 표준 도급계약서,"제20조(지식재산권의 귀속) ① 수급인이 본 계약의 담당업무를 수행하며 만들어낸 시작품(試作品) 등 유형적 성과물 일체와 지식재산에 관한 권리는 수급인과 도급인의 공동소유로 한다. 다만, 양 당사자는 별도의 서면 합의로 달리 정할 수 있다."
소프트웨어종사자(용역) 표준 도급계약서,"제20조(지식재산권의 귀속) ② 제1항의 결과물에 대한 지식재산권의 귀속 여부와 관계없이, 도급인은 수급인에게 발주자 또는 도급인의 영업적, 기술적 기밀을 누설하지 않는 조건으로 제1항의 결과물을 복제, 배포, 개작, 전송 등 영업적으로 사용할 수 있는 권한을 부여한다. 단, 발주자가 있는 계약의 경우 도급인이 지식재산권을 소유한 경우(발주자와 공동으로 소유한 경우를 포함한다)에 한해 본문을 적용한다."
소프트웨어종사자(용역) 표준 도급계약서,"제20조(지식재산권의 귀속) ③ 제2항에도 불구하고, 발주자와 도급인 간의 계약에 의하여 도급인 수급인에게 제2항의 권한을 부여할 수 없는 경우, 수급인의 권한범위를 별도로 상호 협의하여 정할 수 있다."
소프트웨어종사자(용역) 표준 도급계약서,"제21조(이의 및 분쟁의 해결) ① 계약에 관하여 상호 이견이 있을 경우 우선적으로 서면상의 자료에 따르며 자료가 없는 경우에는 상관습에 따르는 것으로 하고, 그래도 해결이 되지 않을 경우 상호 협의하여 해결한다."
소프트웨어종사자(용역) 표준 도급계약서,제21조(이의 및 분쟁의 해결) ② 전 1항에도 불구하고 분쟁이 발생한 경우에는 하도급거래 공정화에 관한 법률 제24조에 따른 하도급 분쟁조정협의회의 조정을 거치도록 한다.
소프트웨어종사자(용역) 표준 도급계약서,제22조(관할 법원) 상호 원만히 합의가 이루어지지 아니할 경우 법령에 정한 절차에 따른 법원을 관할법원으로 한다.
소프트웨어종사자(용역) 표준 도급계약서,제23조(기타)
"소프트웨어종사자(기간제, 단시간) 표준 근로계약서","제1조(목적) 본 계약은 사용자와 근로자가 동등한 지위에서 근로조건에 관한 세부사항을 정하고, 성실히 이행할 것을 목적으로 한다."
"소프트웨어종사자(기간제, 단시간) 표준 근로계약서","제2조(용어의 정의) ① 본 계약의 ""사용자""란 사업주 또는 사업 경영 담당자, 그 밖에 근로자에 관한 사항에 대하여 사업주를 위하여 행위하는 자를 말한다."
"소프트웨어종사자(기간제, 단시간) 표준 근로계약서","제2조(용어의 정의) ② 본 계약의 ""근로자""란 직업의 종류와 관계없이 임금을 목적으로 사업이나 사업장에 근로를 제공하는 자를 말한다."
"소프트웨어종사자(기간제, 단시간) 표준 근로계약서","제3조(담당업무 등) ① 근로자의 채용시 소속 부서, 직급 등은 다음 각호와 같다."
"소프트웨어종사자(기간제, 단시간) 표준 근로계약서","제3조(담당업무 등) ② 근로자의 담당업무는 프로그램 / 프로젝트와 관련한 다음 각 호의 업무와 이에 부수하는 업무로 한다. 단, 사용자가 담당업무를 변경하는 경우 사전에 근로자의 동의를 얻어야 한다."
"소프트웨어종사자(기간제, 단시간) 표준 근로계약서",제4조(근무장소 등) ① 근로자의 근무장소는 사용자의 사업장 또는 사용자가 지정하는 장소로 한다.
"소프트웨어종사자(기간제, 단시간) 표준 근로계약서","제4조(근무장소 등) ② 근로자는 사용자의 사업장 외의 장소에서 근무하는 경우에도 사업장에서 근무하는 것과 동일하게 사용자의 지휘, 감독에 따라 성실하게 근무하여야 한다."
"소프트웨어종사자(기간제, 단시간) 표준 근로계약서","제4조(근무장소 등) ③ 제2항의 경우 근로자의 근무장소가 하도급거래 공정화에 관한 법률 제2조 제2항의 원사업자의 사업장인 경우, 사용자는 원사업자가 업무수행에 필요한 협의 외에는 근로자에게 직접 업무지시 또는 근태 등의 인사관리를 하지 않도록 적절한 조치를 취하여야 한다."
"소프트웨어종사자(기간제, 단시간) 표준 근로계약서","제5조(근로계약기간) ① 본 계약의 유효기간은 20 . . 부터 20 . . 까지( 개월로 하되, 2년 이내의 기간)로 한다."
"소프트웨어종사자(기간제, 단시간) 표준 근로계약서","제5조(근로계약기간) ② 유효기간 종료시 본 계약은 종료된다. 다만, 유효기간 종료 전 당사자간 연장 합의를 한 경우 합의한 기간만큼 본 계약을 연장할 수 있다."
"소프트웨어종사자(기간제, 단시간) 표준 근로계약서","제5조(근로계약기간) ③ 최초 계약일로부터 갱신 또는 연장기간을 합산한 근무기간이 근속의 단절 없이 총 24개월을 초과한 경우, 초과한 날부터 기간의 정함이 없는 근로자로 전환된다."
"소프트웨어종사자(기간제, 단시간) 표준 근로계약서","제6조(근로시간 및 휴게시간) ① 근로시간은 표에 정하고, 주휴일은 매주 요일로 하며, 변경이 필요할 경우 최소 일 전 양 당사자간 별도의 서면 합의로 정한다."
"소프트웨어종사자(기간제, 단시간) 표준 근로계약서","제6조(근로 휴게시간) ② 근로자의 소정 근로시간은 1일 ( )시간, 1주 ( )시간으로 한다. 단, 사용자의 업무상 필요가 있는 경우 근로자의 동의로 1주 12시간의 범위 내에서 연장, 야간, 휴일근로를 제공할 수 있다."
"소프트웨어종사자(기간제, 단시간) 표준 근로계약서","제6조(근로 휴게시간) ③ 사용자는 근로자에게 4시간 근로에 30분, 8시간 근로에 1시간 이상의 휴게시간을 근무시간 중 부여한다."
"소프트웨어종사자(기간제, 단시간) 표준 근로계약서",제6조(근로 휴게시간) ④ 제1항의 구체적인 근로시간과 제2항의 구체적인 휴게시간은 업무 상 필요한 경우 근로자의 동의를 받아 시작 및 종료 시간을 변경할 수 있다.
"소프트웨어종사자(기간제, 단시간) 표준 근로계약서","제6조(근로 휴게시간) ⑤ 근로자가 근로시간의 전부를 출장, 교육, 재택 근로 등의 사유로 사업장 외의 장소에서 근무하게 되는 경우 1일 8시간을 근무한 것으로 한다. 근로시간의 일부를 사업장 외의 장소에서 근무하게 된 경우 해당 업무의 수행에 필요한 시간을 근무한 것으로 한다."
"소프트웨어종사자(기간제, 단시간) 표준 근로계약서","제7조(휴일) ① 사용자는 근로자에게 주휴일, 근로자의 날 및 근로기준법에 따른 휴일, 기타 사용자가 정한 날을 유급 휴일로 부여한다."
"소프트웨어종사자(기간제, 단시간) 표준 근로계약서","제7조(휴일) ② 사용자는 제1항의 휴일 중 근로기준법에 따른 휴일에 대해서 사업운영상 필요한 경우 소속 근로자 대표와 서면합의를 하고, 특정한 근로일로 휴일을 변경할 수 있다. 다만, 변경되는 휴일은 최초 휴일이었던 날부터 7일 이내로 정하고, 변경된 휴일은 다시 변경할 수 없다."
"소프트웨어종사자(기간제, 단시간) 표준 근로계약서",제8조(연차유급휴가) ① “사용자”는 “근로자”가 계속근로연수 1년 중 80%이상 근무한 경우 근로기준법에 의한 연차휴가를 부여한다.
"소프트웨어종사자(기간제, 단시간) 표준 근로계약서",제8조(연차유급휴가) ② 계속근로기간 1년 미만 인 경우 1개월 개근 시 1일의 유급연차휴가를 부여한다.
"소프트웨어종사자(기간제, 단시간) 표준 근로계약서",제8조(연차유급휴가) ③ 계속 근로연수 1년이 되는 시점에서 15일의 연차휴가와 근속기간에 따른 가산휴가를 부여한다.
"소프트웨어종사자(기간제, 단시간) 표준 근로계약서",제8조(연차유급휴가) ④ 전 2항과 3항의 연차휴가는 발생일로부터 1년간 휴가로 사용할 수 있다.
"소프트웨어종사자(기간제, 단시간) 표준 근로계약서",제8조(연차유급휴가) ⑤ 미사용 연차휴가는 휴가 사용기간 1년이 만료시 근로자의 통상임금을 기준하여 수당으로 지급한다.
"소프트웨어종사자(기간제, 단시간) 표준 근로계약서","제8조(연차유급휴가) ⑥ 연차휴가는 근로자가 청구한 시기에 부여하여야 한다. 다만, 사업 운영에 막대한 지장이 있는 경우 그 사용 시기를 변경할 수 있다."
"소프트웨어종사자(기간제, 단시간) 표준 근로계약서",제8조(연차유급휴가) ⑦ 사용자가 특정한 근로일을 근로자의 연차휴가로 대체하고자 할 경우 소속 근로자 대표와 서면합의를 체결한 때에만 대체할 수 있다.
"소프트웨어종사자(기간제, 단시간) 표준 근로계약서","제8조(연차유급휴가) ⑧ 연차휴가에 관한 구체적인 사항은 근로기준법 또는 사용자의 취업규칙, 내규 등에 정한 바에 따른다."
"소프트웨어종사자(기간제, 단시간) 표준 근로계약서",제9조(임금) ① “근로자”의 기본급은 월 원(월 시간분)으로 한다.
"소프트웨어종사자(기간제, 단시간) 표준 근로계약서","제9조(임금) ② 법정수당 외 식대, 차량유지비, 육아수당, 기타 제수당에 대해서는 사용자의 취업규칙 등에서 정한 바에 따른다."
"소프트웨어종사자(기간제, 단시간) 표준 근로계약서","제9조(임금) ③ 사용자는 소정근로에 대해 지급하는 임금 외에 근로자가 연장, 야간, 휴일 근로한 경우 통상임금의 50%를 가산한 법정수당을 추가로 지급한다."
"소프트웨어종사자(기간제, 단시간) 표준 근로계약서",제9조(임금) ④ 사용자는 당월 일 부터 당월 일까지 근무한 것에 대한 임금 및 법정 제수당 등의 금액에서 사회보험료 근로자 부담분 및 제세 공과금을 공제한후 당월 일 근로자가 지정한 계좌로 송금한다.
"소프트웨어종사자(기간제, 단시간) 표준 근로계약서","제9조(임금) ⑤ 업무수행에 소요되는 경비, 출장비 등에 대해서는 사용자의 취업규칙 등에서 정한 바에 따른다."
"소프트웨어종사자(기간제, 단시간) 표준 근로계약서",제10조(계약의 갱신 및 변경) ① 제5조에 근로계약 기간이 기간의 정함이 있는 경우에는 계약 종료일로부터 1개월 전 양 당사자는 계약의 연장 여부에 대한 의견을 상대방에게 통보하여야 한다.
"소프트웨어종사자(기간제, 단시간) 표준 근로계약서","제10조(계약의 갱신 및 변경) ② 제1항의 경우 양 당사자가 또는 일방이 갱신거절의 통지를 보낸 경우나, 별도의 갱신에 대한 통지를 하지 않는 경우 계약은 갱신되지 않은 것으로 한다."
"소프트웨어종사자(기간제, 단시간) 표준 근로계약서",제10조(계약의 갱신 및 변경) ③ 본 계약 기간 중 양 당사자가 계약을 변경하고자 할 때에는 새로이 기명 및 날인한 서면계약에 의하여야 한다.
"소프트웨어종사자(기간제, 단시간) 표준 근로계약서","제11조(사회보험의 가입) ① 사용자는 보험가입자로서 근로자를 피보험자로 하여, 국민연금, 건강, 고용, 산재보상에 관한 사회보험을 관련 법령에 따라 근로자의 입사일을 기준으로 피보험 자격 취득 절차를 진행하여야 한다."
"소프트웨어종사자(기간제, 단시간) 표준 근로계약서",제11조(사회보험의 가입) ② 사용자는 사회보험법령에 정한 바와 같이 근로자의 보수월액 전액을 대상으로 정해진 보험요율에 따라 보험료를 성실히 납부하여야 한다.
"소프트웨어종사자(기간제, 단시간) 표준 근로계약서","제12조(성실의무) 사업주와 근로자는 각자가 근로계약, 취업규칙, 단체협약을 지키고 성실하게 이행한다."
"소프트웨어종사자(기간제, 단시간) 표준 근로계약서",제13조(징계 등) ① 사용자는 정당한 이유 없이 징계 등의 제재를 할 수 없다.
"소프트웨어종사자(기간제, 단시간) 표준 근로계약서","제13조(징계 등) ② 근태불량, 정당한 지시에 대한 위반 등 근로자에게 징계 사유가 발생한 경우 근로기준법 내지 취업규칙 등에 정한 바에 따라 정당한 징계 처분을 하여야 한다."
"소프트웨어종사자(기간제, 단시간) 표준 근로계약서",제14조(비밀준수 등) 근로자는 본 계약기간 중은 물론 본 계약의 종료나 해지 이후 년간 본 계약의 업무수행과정에서 알거나 취득하게 된 사용자의 영업비밀을 사용자의 동의 없이 제3자에게 제공하거나 본인 또는 제3자의 이익을 위하여 사용할 수 없다.
"소프트웨어종사자(기간제, 단시간) 표준 근로계약서","제15조(지식재산권의 귀속) ① 근로자가 본 계약 제3조의 담당업무를 수행하며 만들어낸 시작품 등 유형적 성과물 일체와 지식재산에 관한 권리는 사용자의 소유로 한다. 다만, 저작권법, 특허법 등 지식재산 관계 법령에 근로자의 권리를 인정하는 특별한 규정이 있는 경우에는 그에 따른다."
"소프트웨어종사자(기간제, 단시간) 표준 근로계약서",제15조(지식재산권의 귀속) ② 근로자는 사용자의 동의를 얻어 제1항의 유형적 성과물 일체와 지식재산을 사용할 수 있다.
"소프트웨어종사자(기간제, 단시간) 표준 근로계약서","제16조(계약의 해지) ① 근로자가 근로계약을 해지하고자 하는 경우에는 근로기준법, 취업규칙 등이 정하는 절차에 따라 사용자에게 사직하고자 하는 날 30일 전 사직서를 제출하고 본계약을 종료할 수 있다."
"소프트웨어종사자(기간제, 단시간) 표준 근로계약서","제16조(계약의 해지) ② 사업의 종료(폐업), 당사자의 사망, 정년, 기간의 만료 등의 사유가 발생한 경우 별도의 절차 없이 본 계약은 사유 발생일로 종료한다."
"소프트웨어종사자(기간제, 단시간) 표준 근로계약서","제17조(근로계약의 작성 및 교부) ① 사용자는 본 계약을 체결한 때, 정본 또는 사본을 근로자에게 교부하여야 한다."
"소프트웨어종사자(기간제, 단시간) 표준 근로계약서",제17조(근로계약의 작성 및 교부) ② 사용자는 본 계약 체결 후 계약의 내용이 변경된 경우에도 제1항의 경우와 같이 작성된 근로계약서를 교부하여야 한다.
"소프트웨어종사자(기간제, 단시간) 표준 근로계약서","제18조(준용) 본 계약에 정하지 않은 사항에 대해서는 근로기준법 등 노동관계법령이나 사용자의 취업규칙, 기타 내규에 정한 바에 따른다."
영화산업 근로표준계약서(2024년 개정),제1조(계약의 목적) 본 계약은 근로조건에 관한 기준과 양 당사자 간의 권리․의무를 명확히 정하기 위함이다.
영화산업 근로표준계약서(2024년 개정),제2조(계약의 대상) 1항 본 계약의 대상이 되는 영화(이하 ‘본 건 영화’라 함)의 정보는 다음 각 호와 같다.
영화산업 근로표준계약서(2024년 개정),제2조(계약의 대상) 1항 1호 영화제목 :
영화산업 근로표준계약서(2024년 개정),제2조(계약의 대상) 1항 2호 감 독 :
영화산업 근로표준계약서(2024년 개정),제2조(계약의 대상) 1항 3호 러닝타임 :
영화산업 근로표준계약서(2024년 개정),제2조(계약의 대상) 1항 4호 본 건 영화의 주요 촬영지역 :
영화산업 근로표준계약서(2024년 개정),제2조(계약의 대상) 1항 5호 (예상)회차 :
영화산업 근로표준계약서(2024년 개정),제2조(계약의 대상) 1항 6호 (예상)제작기간 : 20 . . . ~ 20 . . .
영화산업 근로표준계약서(2024년 개정),제2조(계약의 대상) 2항 전항의 제4호 내지 제6호가 변경되는 경우 ‘갑’은 ‘을’에게 사전 고지하여야 한다.
영화산업 근로표준계약서(2024년 개정),"제3조(계약의 기간) 1항 본 건의 영화계약기간은 영화를 제작하는 프리프로덕션 단계, 프로덕션 단계, 포스트프로덕션 단계에 관하여 한정한다."
영화산업 근로표준계약서(2024년 개정),"제3조(계약의 기간) 2항 전항에 따른 계약기간은 20 년 월 일부터 20 년 월 일까지로 한다. 단, ‘갑’의 계약연장 또는 갱신의 통지가 없는 한 계약기간 만료로 이 계약에 기초한 근로관계는 종료된 것으로 본다."
영화산업 근로표준계약서(2024년 개정),제4조(‘을’의 종사업무) 1항 ‘갑’과 ‘을’은 본건 영화에 필요한 ‘을’의 소속부서(직위) 및 담당업무에 관하여 다음 각 호와 같이 정한다.
영화산업 근로표준계약서(2024년 개정),제4조(‘을’의 종사업무) 1항 1호 소속부서 :
영화산업 근로표준계약서(2024년 개정),제4조(‘을’의 종사업무) 1항 2호 직 위 :
영화산업 근로표준계약서(2024년 개정),제4조(‘을’의 종사업무) 1항 3호 담당업무 :
영화산업 근로표준계약서(2024년 개정),제4조(‘을’의 종사업무) 2항 ‘갑’은 아래 각 호의 세부업무에 관하여 소속 부서 책임자의 의견을 청취한 후에 당사자간 협의하여 정한다.
영화산업 근로표준계약서(2024년 개정),제4조(‘을’의 종사업무) 2항 1호 프리프로덕션 단계 :
영화산업 근로표준계약서(2024년 개정),제4조(‘을’의 종사업무) 2항 2호 프로덕션 단계 :
영화산업 근로표준계약서(2024년 개정),제4조(‘을’의 종사업무) 2항 3호 포스트프로덕션 단계 :
영화산업 근로표준계약서(2024년 개정),제5조(근로시간 및 휴게) 1항 근로시간은 다음 각 호와 같다.
영화산업 근로표준계약서(2024년 개정),"제5조(근로시간 및 휴게) 1항 1호 “1주”는 휴일을 포함한 7일이다. 영화산업 1일 근로시간은 8시간, 1주 근로시간은 40시간을 원칙으로 하되, '갑'과 '을'의 합의하에 1일 노동시간은 12시간, 1주 노동시간은 52시간까지 할 수 있다. 단, ‘갑’은 『근로기준법』이 정하는 요건에 따라 근로시간 유연화 제도를 시행할 수 있다."
영화산업 근로표준계약서(2024년 개정),"제5조(근로시간 및 휴게) 1항 2호 다음 각 목의 경우는 이를 근로시간으로 본다. 단, 근로시간 중의 휴게시간, 통상적인 출퇴근시간(편도 1시간 이내)은 근로시간에서 제외한다. 출장지 숙소의 출퇴근은 편도 30분으로 하되 불가피한 경우 개별 노사간 합의를 거쳐 1시간 이내 범위에서 따로 정할 수 있다."
영화산업 근로표준계약서(2024년 개정),제5조(근로시간 및 휴게) 1항 2호 가목 프리·포스트 제작단계의 업무시간
영화산업 근로표준계약서(2024년 개정),제5조(근로시간 및 휴게) 1항 2호 나목 프로덕션 제작단계의 업무(촬영 등) 시간 및 업무를 위한 준비·정리·대기·이동시간
영화산업 근로표준계약서(2024년 개정),제5조(근로시간 및 휴게) 1항 2호 다목 ‘갑’의 지휘·감독하에서 ‘을’이 노동을 제공한 시간
영화산업 근로표준계약서(2024년 개정),제5조(근로시간 및 휴게) 1항 2호 라목 통상적인 출퇴근 시간이 아닌 원거리 로케이션으로 인한 이동시간
영화산업 근로표준계약서(2024년 개정),제5조(근로시간 및 휴게) 1항 2호 마목 개별 노사 간에 협의하여 승인한 시간
영화산업 근로표준계약서(2024년 개정),"제5조(근로시간 및 휴게) 2항 ‘갑’은 ‘을’에게 근로시간이 4시간인 경우 30분 이상, 8시간인 경우에는 1시간 이상의 휴게시간을 근로시간 도중에 주어야 한다."
영화산업 근로표준계약서(2024년 개정),제5조(근로시간 및 휴게) 3항 본 건 영화제작을 이유로 ‘갑’이 채용한 근로자들 중 과반수를 대표하는 자(근로자 대표)와 서면 합의하여 다음 각 호의 사항을 시행하되 ‘갑’은 서면합의 전에 ‘을’의 동의 여부를 확인한다.
영화산업 근로표준계약서(2024년 개정),제5조(근로시간 및 휴게) 3항 1호 주휴일 및 휴게시간 변경
영화산업 근로표준계약서(2024년 개정),제5조(근로시간 및 휴게) 3항 2호 휴무일 및 휴일근로에 관한 사항
영화산업 근로표준계약서(2024년 개정),제5조(근로시간 및 휴게) 3항 3호 기타 '갑'과 근로자 과반수의 합의가 필요한 사항
영화산업 근로표준계약서(2024년 개정),"제5조(근로시간 및 휴게) 4항 근로시간 및 휴게시간의 측정은 ‘갑’이 기록하며, ‘을’이 확인한 후 인정한다."
영화산업 근로표준계약서(2024년 개정),제6조(임금) 1항 ‘을’의 임금액은 다음과 같다.
영화산업 근로표준계약서(2024년 개정),제6조(임금) 2항 임금구성항목 및 계산방법은 각 호에 따른다.
영화산업 근로표준계약서(2024년 개정),제6조(임금) 2항 1호 매월 1회 지급되는 임금은 주단위로 산정된 임금의 합으로 한다.
영화산업 근로표준계약서(2024년 개정),"제6조(임금) 2항 2호 임금의 구성항목은 기본급, 주급정액금, 시간외근로수당(연장근로수당, 야간근로수당, 휴일근로수당), 주휴일 및 유급 휴일수당, 미사용연차휴가근로수당, 기타수당 등으로 구성된다."
영화산업 근로표준계약서(2024년 개정),"제6조(임금) 2항 3호 시간외 근로수당 중 연장근로수당은 1일 근로시간 8시간을 초과하는 연장근로에 대해 통상시간급 50%를 가산하며, 1일 근로시간 12시간 초과하는 연장근로에 대하여 통상시간급의 50%를 추가 가산하여 지급한다. 이외 야간근로수당과 휴일근로수당은 통상시간급의 50%를 가산하여 지급한다. 다만, 순제작비 10억(계약 당사자간의 합의에 의해 30억원 미만까지 한도를 상향할 수 있다)미만의 경우 1일 근로시간 12시간을 초과하는 연장근로에 대하여 통상시간급의 50% 추가 가산은 적용하지 않을 수 있다."
영화산업 근로표준계약서(2024년 개정),제6조(임금) 2항 4호 연차휴가수당은 “통상시간급×8시간”로 산정된 금액을 지급한다.
영화산업 근로표준계약서(2024년 개정),"제6조(임금) 2항 5호 연차휴가를 사용하지 않고 근로한 경우, “통상시간급×8시간×미사용휴가일수”로 산정된 금액을 미사용연차휴가수당으로 지급한다."
영화산업 근로표준계약서(2024년 개정),"제6조(임금) 3항 ‘갑’은 월급여에서 근로소득세 및 사회보험료(국민연금, 건강보험, 고용보험)중 근로자 부담 분을 공제한 후, 아래 ‘을’의 계좌로 매월 ( )일에 지급하며(휴일의 경우는 전일 지급원칙으로 한다), 다만 ‘을’의 요청 시 지급방법을 별도로 정할 수 있다."
영화산업 근로표준계약서(2024년 개정),제7조(실비변상) ‘갑’은 ‘을’이 제4조에서 정한 업무수행과 관련하여 부대적으로 지출한 진행비 등 기타 비용에 대하여 영수증을 제출한 날로부터 ( )일 이내에 지급한다. 다만 증빙서류의 범위에 관해서는 ‘갑’과 ‘을’ 상호간에 협의한다.
영화산업 근로표준계약서(2024년 개정),제8조(휴일 및 휴가) 1항 휴일은 다음 각 호에 따라 정한다.
영화산업 근로표준계약서(2024년 개정),제8조(휴일 및 휴가) 1항 1호 ‘갑’은 ‘을’이 1주간의 소정근로일을 개근하면 1일의 유급휴일을 부여하여야 한다.
영화산업 근로표준계약서(2024년 개정),"제8조(휴일 및 휴가) 1항 2호 주휴일은 매주 ( )요일로 한다. 다만, ‘갑’이 업무상 부득이한 사정으로 주휴일을 변경하고자 하는 경우에는 최소 주휴일 24시간 이전에 근로자대표와 합의하여야 하며, 주휴일 변경의 간격은 일주일을 원칙으로 하되 변경 이전 마지막 주휴일 이후 4번째 주휴일까지의 평균적인 간격이 7일을 초과하지 않으면 주휴일을 일주일 단위로 부여한 것으로 본다."
영화산업 근로표준계약서(2024년 개정),"제8조(휴일 및 휴가) 1항 3호 ‘갑’은 ‘을’에게 『근로기준법』제55조 제2항에 따른 휴일(「관공서의 공휴일에 관한 규정」제2조 각 호(제1호는 제외한다)에 따른 공휴일 및 같은 영 제3조에 따른 대체공휴일)을 유급으로 보장한다. 다만, ‘갑’은 근로자대표와 서면으로 합의한 경우 특정한 근로일로 대체할 수 있다."
영화산업 근로표준계약서(2024년 개정),제8조(휴일 및 휴가) 2항 휴가는 다음 각 호에 따라 정한다.
영화산업 근로표준계약서(2024년 개정),"제8조(휴일 및 휴가) 2항 1호 ‘갑’은 제3조(계약의 기간)가 1년 초과인 경우, 8할 이상을 출근한 ‘을’에게 15일의 연차유급휴가를 주어야 한다."
영화산업 근로표준계약서(2024년 개정),"제8조(휴일 및 휴가) 2항 2호 ‘갑’은 제3조(계약의 기간)가 1년 이하인 경우, 1개월 개근 시 1일의 유급휴가를 ‘을’에게 주어야 한다."
영화산업 근로표준계약서(2024년 개정),"제8조(휴일 및 휴가) 2항 3호 ‘갑’은 근로기준법에 명시된 연차휴가, 생리휴가, 산전후휴가 등의 발생요건을 ‘을’이 충족하는 경우, 휴가사용을 보장한다. 다만, ‘갑’은 『근로기준법』제62조에 의거 근로자대표와의 서면 합의에 따라 연차휴가일을 갈음하여 특정한 근로일에 ‘을’을 휴무시킬 수 있다."
영화산업 근로표준계약서(2024년 개정),"제8조(휴일 및 휴가) 2항 4호 전항의 휴가 이외의 기타 특별휴가, 병가, 공가 등은 ‘갑’은 ‘을’이 별도로 합의하여 정한다."
영화산업 근로표준계약서(2024년 개정),제9조(‘을’의 의무) 1항 ‘을’은 본 건 영화제작이 원활하게 진행될 수 있도록 업무수행에 최선을 다하여야 한다.
영화산업 근로표준계약서(2024년 개정),제9조(‘을’의 의무) 2항 ‘을’은 업무와 관련하여 ‘갑’ 또는 ‘갑’이 위임한 상급자의 지시를 따라야 한다.
영화산업 근로표준계약서(2024년 개정),"제9조(‘을’의 의무) 3항 ‘을’은 ‘갑’의 동의가 없는 한 근로계약기간 중 관련업에 겸직하거나 제3자와 거래할 수 없으며, ‘갑’의 경영상 이익에 반하는 행위를 하지 않는다."
영화산업 근로표준계약서(2024년 개정),"제9조(‘을’의 의무) 4항 ‘을’은 업무수행 중 습득한 모든 정보에 대해 기밀로 유지하여야 하며, 계약기간 만료 후에도 ‘갑’의 동의 없이 관련정보를 유출해서는 안 된다."
영화산업 근로표준계약서(2024년 개정),"제9조(‘을’의 의무) 5항 ‘을’은 일신상의 사유로 사직하는 경우 사직일의 15일 전까지 사직의 의사를 ‘갑’에게 서면으로 통지하고, 사직일까지 성실히 근무하며 업무 인수인계를 완료한다."
영화산업 근로표준계약서(2024년 개정),"제9조(‘을’의 의무) 6항 ‘을’은 한국영화계의 일반적인 제작 및 배급방식에 따라 진행되는 메이킹필름의 제작, DVD 등의 제작, 영화의 홍보 및 광고물의 제작 등을 위하여 필요한 촬영 및 코멘터리 작업 등을 위한 ‘갑’의 협조요청에 응할 수 있다."
영화산업 근로표준계약서(2024년 개정),"제10조(계약의 변경 및 갱신) 1항 ‘갑’은 제3조의 계약기간을 변경하여야 할 업무상 사유가 발생할 경우 계약기간 종료일의 30일 전까지 ‘을’에게 통보하고 협의한다. 다만, 재계약과 같은 계약기간 연장의 경우 계약기간 종료일의 15일 이전까지 통지할 수 있다."
영화산업 근로표준계약서(2024년 개정),"제10조(계약의 변경 및 갱신) 2항 계약기간 도중 임금 및 기간 기타 근로조건에 변경이 필요한 경우 ‘갑’과 ‘을’이 협의하여 정하며, 임금, 계약기간, 소정근로시간 변경사항에 대해서는 별도 서면(「전자문서 및 전자거래 기본법」 제2조제1호에 따른 전자문서를 포함한다)으로 작성하여야 한다."
영화산업 근로표준계약서(2024년 개정),제10조(계약의 변경 및 갱신) 3항 본건의 계약기간이 만료되었음에도 불구하고 ‘을’의 근로제공에 관하여 ‘갑’이 이의를 제기하지 않는 경우에는 동 계약은 기간의 정함이 없는 계약으로 변경된 것으로 본다.
영화산업 근로표준계약서(2024년 개정),"제10조(계약의 변경 및 갱신) 4항 제3항의 묵시적으로 갱신된 계약의 근로조건은 종전 계약과 동일한 것으로 보고, ‘을’은 언제든지 계약을 해지 할 수 있으며 ‘갑’에게 해지통지가 도달한 날로부터 1월이 경과한 때 그 효력이 발생한다."
영화산업 근로표준계약서(2024년 개정),"제11조(4대 보험 가입) 1항 ‘갑’은 본 근로계약에 따라 ‘을’에 대한 4대 보험 취득신고를 하며 관련 업무를 차질 없이 이행하도록 한다. 다만, 본건 계약기간(연장 및 갱신을 포함한 전체 근로기간을 의미함)을 1개월 미만으로 정하는 경우 관련 법률에 따라 고용·산재보험만 취득신고 할 수 있다.(건강보험 및 국민연금 적용제외)"
영화산업 근로표준계약서(2024년 개정),제11조(4대 보험 가입) 2항 ‘갑’은 ‘을’이 자신의 4대 보험 가입정보에 관한 확인을 요청할 경우 이에 응한다.
영화산업 근로표준계약서(2024년 개정),"제12조(산업안전과 재해보상 조치) 1항 ‘갑’은 ‘을’이 안전하고 건강하게 일할 수 있도록 책임을 다하고, 산업안전보건교육을 시행한다."
영화산업 근로표준계약서(2024년 개정),제12조(산업안전과 재해보상 조치) 2항 ‘갑’은 위험한 장면 촬영 등 작업안전상 위해요소 발견이 예상되는 경우 직종과 업무에 적합한 검정 합격품의 안전장구를 지급하여 ‘을’에 대한 안전배려의무를 다해야 한다. 또한 ‘을’은 안전보건조치에 관한 ‘갑’의 제반 지시를 성실히 따라야 한다.
영화산업 근로표준계약서(2024년 개정),"제12조(산업안전과 재해보상 조치) 3항 ‘갑’은 작업 및 출퇴근 시 사고예방을 위하여 근로종료 후 ‘을’에게 연속하여 10시간 이상의 휴식시간을 보장해주어야 한다. 다만 천재지변 등 불가항력적인 사정으로 10시간 이상의 휴식시간 제공이 어려운 경우 ‘근로자대표’에게 이를 사전에 고지하고, ‘근로자대표’와 합의하여 집합시간을 결정한다."
영화산업 근로표준계약서(2024년 개정),"제12조(산업안전과 재해보상 조치) 4항 ‘갑’은 ‘을’이 업무상 재해를 입은 경우, 『산업재해보상보험법』에 따라 보상받을 수 있도록 관련 업무처리에 성실히 협조한다."
영화산업 근로표준계약서(2024년 개정),제12조(산업안전과 재해보상 조치) 5항 ‘갑’은 재해발생시 ‘을’이 영화인신문고에 산업재해 관련절차의 처리를 의뢰하는 경우 영화인신문고의 절차진행에 협조하여야 한다.
영화산업 근로표준계약서(2024년 개정),"제13조(징계와 손해배상책임) 1항 ‘갑’은 ‘을’이 제9조의 의무를 다하지 않은 경우 그 경중에 따라 경고, 감봉, 해고 등의 징계를 할 수 있다. 이때 ‘갑’은 근로자대표가 포함된 징계위원회를 구성하여 징계대상자에게 소명기회를 부여하여야 한다."
영화산업 근로표준계약서(2024년 개정),"제13조(징계와 손해배상책임) 2항 ‘갑’은 ‘을’을 해고하고자 하는 경우 해고일로부터 30일 전에 ‘을’에게 예고해야 하며, 30일 전에 예고를 하지 아니하였을 때에는 30일분 이상의 통상임금을 지급해야 한다. 다만, 본 항에도 불구하고 『근로기준법』제26조에 의거하여 다음 각 호의 어느 하나에 해당하는 경우에는 그러하지 아니하다."
영화산업 근로표준계약서(2024년 개정),제13조(징계와 손해배상책임) 2항 1호 근로자가 계속 근로한 기간이 3개월 미만인 경우
영화산업 근로표준계약서(2024년 개정),"제13조(징계와 손해배상책임) 2항 2호 천재·사변, 그 밖의 부득이한 사유로 사업을 계속하는 것이 불가능한 경우"
영화산업 근로표준계약서(2024년 개정),제13조(징계와 손해배상책임) 2항 3호 근로자가 고의로 사업에 막대한 지장을 초래하거나 재산상 손해를 끼친 경우(「근로기준법 시행규칙」별표 1에 해당하는 경우)
영화산업 근로표준계약서(2024년 개정),"제13조(징계와 손해배상책임) 3항 ‘갑’이 ‘을’을 해고하려면 해고사유와 해고시기를 명시하여 서면으로 통지하여야 하며, 서면으로 통지하지 않은 해고는 효력이 없다. 다만 제2항에 따라 해고예고 통지를 한 경우에는 본 항에 따른 서면통지를 한 것으로 본다."
영화산업 근로표준계약서(2024년 개정),제13조(징계와 손해배상책임) 4항 ‘을’의 고의 또는 중과실로 인하여 ‘갑’에게 재산상 손해가 발생한 경우 ‘을’은 제1항의 징계조치와 별도로 손해배상책임을 부담한다. 다만 ‘을’의 업무의 특성상 손해발생의 위험이 상존하는 경우이거나 손해발생의 원인이 업무와 관련된 정당한 행위로 인한 것이라면 그 책임이 감면될 수 있다.
영화산업 근로표준계약서(2024년 개정),제13조(징계와 손해배상책임) 5항 징계 및 해고가 지방노동위원회에서 부당하다고 인정하였을 경우 ‘갑’은 중앙노동위원회에 재심을 신청하더라도 지방노동위원회의 결정을 이행한다.
영화산업 근로표준계약서(2024년 개정),"제14조(계약의 해지) 1항 ‘을’은 개인사정에 의해 부득이하게 ‘갑’과의 계약기간을 이행하지 못하는 경우, 해지하고자 하는 날로부터 15일전에 ‘갑’에게 서면 통지하여야 한다."
영화산업 근로표준계약서(2024년 개정),"제14조(계약의 해지) 2항 ‘을’은 계약체결이후 30일 이내 작업이 개시되지 않거나, 작업 중단이 30일을 초과하는 경우 계약을 해지할 수 있다."
영화산업 근로표준계약서(2024년 개정),"제14조(계약의 해지) 3항 ‘갑’이 제6조에 명시된 임금액을 정해진 기일에 전액지급하지 않은 경우 ‘을’은 ‘갑’에게 14일 이내에 의무를 이행할 것을 최고하고, 그 기간 내에 이행되지 않으면 ‘을’은 계약을 해지할 수 있다."
영화산업 근로표준계약서(2024년 개정),"제14조(계약의 해지) 4항 ‘갑’은 회사의 사실상의 도산, 촬영한 필름의 망실, 주요 배우 및 주요 스태프의 사망 또는 질병, 기타 천재지변 등 불가항력적인 여건으로 인하여 본 건 영화의 제작이 더 이상 불가능 할 때 계약을 해지할 수 있다."
영화산업 근로표준계약서(2024년 개정),"제14조(계약의 해지) 5항 위 제2항, 제3항, 제4항의 계약해지의 효력은 제9조 및 제13조에도 불구하고, 상대방이 계약해지 통지서를 받은 즉시 발생한다."
영화산업 근로표준계약서(2024년 개정),제15조(금품청산) ‘갑’은 계약기간이 만료되었거나 본 계약이 해지된 경우 그 만료일 또는 해지일로 부터 14일 이내에 ‘을’에게 임금 등 일체의 금품을 지급하여야 한다. 다만 계약기간 연장 등 특별한 사정이 있는 경우에는 청산기일에 관하여 당사자 간의 서면합의 하에 별도로 정할 수 있다.
영화산업 근로표준계약서(2024년 개정),제16조(계약의 전속) 1항 ‘을’은 본인의 근로제공을 ‘갑’의 동의 없이 제3자에게 대리 또는 대행케 할 수 없다.
영화산업 근로표준계약서(2024년 개정),제16조(계약의 전속) 2항 ‘갑’은 ‘을’의 동의 없이 본 계약상 사용자의 지위를 제3자에게 이전하지 않는다.
영화산업 근로표준계약서(2024년 개정),"제17조(크레딧 명기) 1항 ‘갑’은 본 건 영화의 모든 상영용 완성물에 ‘을’의 소속부서, 직위와 성명을 명기한다. 계약기간 도중에 계약이 해지된 경우에는 ‘을’의 근로제공기간을 고려하여 ‘갑’과 ‘을’이 협의하여 결정한다. 다만 제13조 제2항 단서에 의거 징계 해고된 경우에는 그러하지 아니하다."
영화산업 근로표준계약서(2024년 개정),"제17조(크레딧 명기) 2항 크레딧 표기의 크기, 위치, 표시방법은 한국영화계의 관례에 따라 ‘갑’이 결정한다."
영화산업 근로표준계약서(2024년 개정),"제18조(권리의 귀속) 1항 본 건 영화와 관련하여 ‘을’이 제공한 모든 근로의 결과물은 ‘갑’에게 영구적으로 귀속된다. ‘갑’은 국내외를 포함하여 본 건 영화의 극장 상영 및 재상영, 홈비디오, 공중파 TV 및 유료․무료를 불문한 케이블 TV, 위성방송의 방영, 비디오CD, DVD, OST 음반의 제작 및 배포, 인터넷 전송, 모바일 서비스, 게임, DMB 전송, 도서의 출판, 캐릭터의 사용, 속편의 제작, 리메이크권을 포함한 2차적 저작권의 작성권, 해외 수출 등 본 건 영화로부터 발생 및 파생 가능한 직간접적인 모든 지적재산권의 유일하고 독점적인 권리자가 된다."
영화산업 근로표준계약서(2024년 개정),"제18조(권리의 귀속) 2항 ‘갑’은 본 건 영화의 배급, 개봉, 홍보를 위하여 ‘을’의 이름, 목소리, 초상, 자전적 자료 등을 사용할 수 있다."
영화산업 근로표준계약서(2024년 개정),"제19조(모성·부성의 권리보장) ‘갑’은 ‘을’에게 성별, 임신, 출산 등의 사유로 합리적인 이유 없이 불리한 조치를 하거나 근로의 조건을 다르게 하여서는 안 된다."
영화산업 근로표준계약서(2024년 개정),"제00조(성평등 환경 등 조성) 1항 ‘을’은 차별, 괴롭힘 없이 인권을 동등하게 보장받고 성희롱·성폭력 및 직장내 괴롭힘으로부터 보호받을 권리가 있다."
영화산업 근로표준계약서(2024년 개정),제00조(성평등 환경 등 조성) 2항 ‘갑’은 ‘을’이 안전하고 평등한 환경에서 일할 수 있도록 성희롱·성폭력 및 직장내 괴롭힘의 예방과 관리를 위해 노력하여야 한다.
영화산업 근로표준계약서(2024년 개정),제00조(성희롱·성폭력 방지 및 피해구제) 1항 ‘갑’과 ‘을’은 모두 성폭력 예방 교육을 받아야 한다.
영화산업 근로표준계약서(2024년 개정),제00조(성희롱·성폭력 방지 및 피해구제) 2항 ‘갑’과 ‘을’은 성희롱·성폭력을 행하여서는 아니 된다.
영화산업 근로표준계약서(2024년 개정),제00조(성희롱·성폭력 방지 및 피해구제) 3항 ‘갑’은 을이 성희롱·성폭력 금지를 위반한 경우 징계 등 제재조치를 할 수 있다.
영화산업 근로표준계약서(2024년 개정),제00조(성희롱·성폭력 방지 및 피해구제) 4항 ‘갑’은 해당 영화에 관하여 ‘을’이 성희롱·성폭력 피해를 입은 경우 추가피해를 방지하기 위하여 피해자 보호조치 등 『남녀고용평등과 일ㆍ가정 양립 지원에 관한 법률』에서 정한 절차를 준수한다.
영화산업 근로표준계약서(2024년 개정),제00조(성희롱·성폭력 방지 및 피해구제) 5항 ‘을’은 성희롱·성폭력 피해를 입은 경우 예술인의 지위와 권리의 보장에 관한 법률 제28조에 따라 피해사실을 신고할 수 있으며 동법 제32조에 의해 구제조치를 받을 수 있다.
영화산업 근로표준계약서(2024년 개정),제00조(개인정보 제3자 제공 및 사용증명서 발급 등) 1항 본 계약과 관련하여 ‘을’이 [별지 1호 서식] 개인정보 제공 동의서를 작성하는 경우 ‘갑’은 ‘을’이 동의한 항목에 대하여 제3자(영화진흥위원회)에 제공할 수 있다.
영화산업 근로표준계약서(2024년 개정),"제00조(개인정보 제3자 제공 및 사용증명서 발급 등) 2항 ‘갑’은 ‘을’이 사용 기간, 업무 종류, 지위와 임금, 그 밖에 필요한 사항에 관한 증명서(사용증명서)를 청구하면 『근로기준법』제39조에 따라 ‘을’이 요구한 사항만을 사실대로 적은 증명서를 즉시 내주어야 하며, ‘갑’은 계약서류의 법률상 보존기한(3년)이 경과한 이후에도 사용증명서 발급에 한정하여 ‘을’의 개인정보를 보유할 수 있다."
영화산업 근로표준계약서(2024년 개정),"제20조(신의성실과 사정변경) ‘갑’과 ‘을’은 이 계약에서 정한 바를 성실하게 이행할 의무가 있다. 다만, 사정변경에 의하여 계약기간 도중 임금 및 기간 기타 근로조건의 변경이 필요한 경우에는 ‘갑’과 ‘을’이 합의하여 정한다."
영화산업 근로표준계약서(2024년 개정),"제21조(분쟁의 해결) 본 계약과 관련하여 ‘갑’과 ‘을’ 사이에 발생한 분쟁에 대해서는 우선 ‘영화인신문고’를 통한 해결을 모색하도록 한다. 다만, 부득이하게 민사소송이 제기된 경우 ‘갑’의 주소지 또는 ‘을’의 주소지를 관할하는 법원을 관할법원으로 한다."
영화산업 근로표준계약서(2024년 개정),"제22조(준용) 본 계약서에서 명시되지 아니한 사항은 ‘갑’의 취업규칙, 노동관계법령 및 민법 등 기타법령 그리고 한국영화계의 관행에 의한다."
공통 표준계약서,제1조 (계약의 목적) 본 계약의 목적은 위탁자가 수탁자에게 ( )업무를 위탁함에 있어 상호간의 권리·의무 및 기타 제반 사항을 규정함에 있다.
공통 표준계약서,제2조 (기본원칙) 위탁자와 수탁자는 상호 대등한 입장에서 신의성실의 원칙에 따라 자신의 권리를 행사하며 의무를 이행한다.
공통 표준계약서,제3조 (용어 정의) 본 계약에서 사용하는 용어의 정의는 다음과 같다. 1. ( )
공통 표준계약서,제3조 (용어 정의) 본 계약에서 사용하는 용어의 정의는 다음과 같다. 2. ( )
공통 표준계약서,제3조 (용어 정의) 본 계약에서 사용하는 용어의 정의는 다음과 같다. 3. ( )
공통 표준계약서,제3조 (용어 정의) 본 계약에서 사용하는 용어의 정의는 다음과 같다. 4. ( )
공통 표준계약서,제4조 (위탁업무의 내용 및 수행) ① 위탁자는 수탁자에게 다음과 같은 업무를 위탁한다. 1. ( )
공통 표준계약서,제4조 (위탁업무의 내용 및 수행) ① 위탁자는 수탁자에게 다음과 같은 업무를 위탁한다. 2. ( )
공통 표준계약서,"제4조 (위탁업무의 내용 및 수행) ② 수탁자는 자신의 책임과 계산으로 위탁업무의 목적, 시한 등의 달성에 필요한 합법적이고 합리적인 수단을 동원하여 업무를 수행하여야 한다."
공통 표준계약서,제4조 (위탁업무의 내용 및 수행) ③ 수탁자는 제1항에서 정한 업무를 수행한 경우 그 결과를 위탁자가 지정한 방법으로 통지하여야 한다.
공통 표준계약서,제5조 (계약기간) ① 본 계약의 유효기간은 ( . . )부터 ( . . )까지로 한다.
공통 표준계약서,"제5조 (계약기간) ② 계약기간 만료 ( )일 전까지 위탁자 또는 수탁자가 계약 종료의 의사를 표시하지 아니하는 한 동일 조건으로 (예시: 주, 월, 연 단위)로 계약이 자동 갱신된 것으로 본다."
공통 표준계약서,제6조 (계약의 변경) 위탁자와 수탁자는 본 계약의 내용을 변경하고자 할 때에는 서면(「전자문서 및 전자거래 기본법」 제2조제1호에 따른 전자문서(이하 ‘전자문서’라고 함)를 포함한다.)으로 합의 또는 동의의 절차를 거쳐야 한다.
공통 표준계약서,제7조 (수수료 또는 보수(이하 ‘수수료 등’)의 지급 등) ① 위탁자는 수탁자의 위탁업무 수행 대가인 수수료 등을 다음 각 호에 따라 지급하여야 한다. 1. 수수료 등 항목 및 지급기준 가. (예: 건당 수수료 등 × 건수)
공통 표준계약서,"제7조 (수수료 또는 보수(이하 ‘수수료 등’)의 지급 등) ① 위탁자는 수탁자의 위탁업무 수행 대가인 수수료 등을 다음 각 호에 따라 지급하여야 한다. 2. 지급 시기/방법 (예: 위탁업무 수행 완료일로부터 0일 뒤 or 매주 0요일, 계좌 입금) (예: 단건의 경우, 서비스 종료가 확인된 경우 즉시)"
공통 표준계약서,"제7조 (수수료 또는 보수(이하 ‘수수료 등’)의 지급 등) ① 위탁자는 수탁자의 위탁업무 수행 대가인 수수료 등을 다음 각 호에 따라 지급하여야 한다. 3. 공제 내역/기준 가. (예: 사회보험료, 수탁자의 사유로 인한 손해 발생분) 나. "
공통 표준계약서,제7조 (수수료 또는 보수(이하 ‘수수료 등’)의 지급 등) ① 위탁자는 수탁자의 위탁업무 수행 대가인 수수료 등을 다음 각 호에 따라 지급하여야 한다. 4. 관련 기타 조건(특약) (예: 수탁자가 지정된 방식으로 업무 종료 확인 내지 통보를 하여야 지급 조건 완성)
공통 표준계약서,"제7조 (수수료 또는 보수(이하 ‘수수료 등’)의 지급 등) ② 위탁자는 제1항 제1호, 제3호, 제4호의 세부 항목 등 내역이 표기된 지급명세서(전자문서 포함)를 작성하여 교부하여야 한다."
공통 표준계약서,"제7조 (수수료 또는 보수(이하 ‘수수료 등’)의 지급 등) ③ 수탁자는 제2항에 따른 지급명세서가 본 계약 내용과 맞지 않는 경우 이의를 제기할 수 있으며, 위탁자는 이에 대한 확인 결과를 ( )일 이내에 적정한 방법으로 통지하여야 한다."
공통 표준계약서,"제8조 (불공정거래 행위 금지 등) ① 위탁자가 우월한 경제적 지위를 활용하여 본 계약에서 정한 업무 이외의 일이나 계약 이행과 직접 관련이 없는 사항을 수탁자에게 요청할 경우, 수탁자는 해당 요구를 거절 또는 제11조에 따라 본 계약을 해지하거나, 위탁자와 협의하여 제6조에 따른 계약 변경의 절차를 거칠 수 있다."
공통 표준계약서,"제8조 (불공정거래 행위 금지 등) ② 위탁자는 정당한 사유 없이 수탁자에게 지급하여야 할 수수료 등의 일부 또는 전부를 지급하지 아니하거나 지연하여 지급하는 행위, 지급할 수수료 등을 감액하거나 지급한 수수료 등을 환수하는 행위를 하지 않는다."
공통 표준계약서,제9조 (부당한 처우의 금지 등) ① 위탁자는 수탁자의 사생활의 자유를 부당하게 침해하지 않는다.
공통 표준계약서,"제9조 (부당한 처우의 금지 등) ② 위탁자는 수탁자의 국적, 성별, 종교, 장애 등을 이유로 하여 합리적인 사유 없이 업무 수행 환경이나 조건을 차별하거나 그 밖의 불리한 조치를 하지 않는다."
공통 표준계약서,"제10조 (정보이용 및 정보제공) ① 위탁자는 수탁자의 개인정보 등을 정보주체 본인의 동의 없이 제3자에게 제공, 누설하거나 본 계약 목적 이외의 용도로 사용하여서는 안 된다."
공통 표준계약서,"제10조 (정보이용 및 정보제공) ② 위탁자는 수탁자가 업무를 수행함에 있어 필요한 정보와 자료를 위탁 또는 제공하여야 하며, 필요시 그에 대한 설명을 하여야 한다. 이때, 정보와 자료의 위탁 또는 제공에 필요한 비용은 제7조에서 정한 것 외에는 원칙적으로 위탁자가 부담하여야 한다."
공통 표준계약서,"제10조 (정보이용 및 정보제공) ③ 수탁자는 위탁자의 고객정보 또는 영업정보 기타 위탁자의 영업상 비밀을 제3자에게 제공, 누설하거나 본 계약 목적 이외의 용도로 사용하여서는 안 된다."
공통 표준계약서,제10조 (정보이용 및 정보제공) ④ 위탁자와 수탁자는 업무위탁 및 위탁업무 수행과 관련하여 「개인정보 보호법」 등 개인정보 관련 법규를 준수한다.
공통 표준계약서,제11조 (계약의 해지 등) ① 위탁자와 수탁자는 계약기간 중 상호 합의하는 경우에는 본 계약을 해지할 수 있다.
공통 표준계약서,제11조 (계약의 해지 등) ② 위탁자와 수탁자는 상대방이 다음 각호에 해당하는 경우에는 ( )일 이내에 시정할 것을 상대방에게 요구하고 상대방이 그 기간 내에 시정하지 않는 경우 본 계약을 해지할 수 있다. 1. 일방 당사자가 계약조건을 미이행한 경우
공통 표준계약서,제11조 (계약의 해지 등) ② 위탁자와 수탁자는 상대방이 다음 각호에 해당하는 경우에는 ( )일 이내에 시정할 것을 상대방에게 요구하고 상대방이 그 기간 내에 시정하지 않는 경우 본 계약을 해지할 수 있다. 2. 수탁자가 업무 관련하여 위탁자 또는 제3자에게 손해를 끼친 경우
공통 표준계약서,제11조 (계약의 해지 등) ③ 위탁자와 수탁자는 다음 각호에 해당하는 경우에는 즉시 본 계약을 해지할 수 있다. 1. 본 계약의 체결 또는 업무의 수행에 있어 거짓이나 그 밖의 부정한 방법을 사용한 경우
공통 표준계약서,제11조 (계약의 해지 등) ③ 위탁자와 수탁자는 다음 각호에 해당하는 경우에는 즉시 본 계약을 해지할 수 있다. 2. 업무의 수행에 필요한 법령상 면허 등의 취득에 관한 사항을 준수하지 않거나 면허 등이 정지 또는 취소되는 경우
공통 표준계약서,제11조 (계약의 해지 등) ③ 위탁자와 수탁자는 다음 각호에 해당하는 경우에는 즉시 본 계약을 해지할 수 있다. 3. 법률 또는 본 계약상의 의무를 현저히 위반하는 등 본 계약 관계를 계속하기 어려운 중대한 사유가 있는 경우
공통 표준계약서,제11조 (계약의 해지 등) ④ 본 계약을 해지하고자 하는 자는 구체적인 해지사유를 명시하여 적정한 방법으로 상대방에게 해지 의사를 통보하여야 한다.
공통 표준계약서,제12조 (손해배상) ① 위탁자 또는 수탁자가 본인의 책임 있는 사유로 상대방 또는 제3자에게 손해를 발생시킨 경우 그 손해를 배상하여야 한다.
공통 표준계약서,제12조 (손해배상) ② 위탁자와 수탁자 이외의 제3자의 귀책사유로 위탁자 또는 수탁자에게 손해가 발생한 경우 위탁자와 수탁자는 이에 대한 배상이 이루어질 수 있도록 서로에게 적극 협조한다.
공통 표준계약서,제12조 (손해배상) ③ 위탁자는 자신의 손해가 수탁자의 고의 또는 과실로 인해 발생하지 않은 경우 그에 대한 책임을 수탁자에게 부담시켜서는 안 된다.
공통 표준계약서,제13조 (분쟁 해결) ① 본 계약에 명시되지 아니한 사항은 관련 법령 및 일반 상거래 관행에 따른다.
공통 표준계약서,제13조 (분쟁 해결) ② 본 계약의 해석에 관한 사항 등에 다툼이 있는 경우에는 위탁자와 수탁자의 합의에 의해 해결한다.
공통 표준계약서,"제13조 (분쟁 해결) ③ 제2항에 따라 분쟁이 해결되지 않는 경우에는 법원 등에서의 조정, 화해, 소송 등을 통해 분쟁을 해결한다."
공통 표준계약서,"제14조 (안전보건 조치 등) 위탁자는 「산업안전보건법」, 「중대재해 처벌 등에 관한 법률」 등 제반 법률에 따른 안전 보건 관리 활동을 하여야 하고, 수탁자는 이에 적극 협조하여야 한다."
공통 표준계약서,"제15조 (사회보험 가입) ① 수탁자는 「고용보험법」, 「산업재해보상보험법」 및 「고용보험 및 산업재해보상보험의 보험료징수 등에 관한 법률」이 정하는 바에 따라 고용보험과 산업재해보상보험에 가입한다."
공통 표준계약서,제15조 (사회보험 가입) ② 위탁자는 법률이 정하는 바에 따라 수탁자의 수수료 등에서 원천공제하여 제1항의 사회보험료를 납부할 수 있으며 이때 제7조를 준수하여야 한다.
이러닝콘텐츠 개발용역 표준계약서,"제1조(목적) 이 계약은 ""계약상대자""가 ""발주처""에게 이러닝콘텐츠를 개발하여 제공하고, ""발주처""는 그 대가로서 용역대금을 지급함에 있어서 당사자들의 권리·의무 등을 규정함으로써 상호 간의 이익을 증진하는 데 그 목적이 있다."
이러닝콘텐츠 개발용역 표준계약서,"제2조(과업의 내용) ① ""계약상대자""가 수행하여야 할 용역의 범위와 상세한 내용은 첨부된 과업내용서로 한다."
이러닝콘텐츠 개발용역 표준계약서,"제2조(과업의 내용) ② 과업내용서에는 반드시 아래 각 호의 내용이 포함되어야 한다. 1. 제작 분량, 미디어 품질, 제작언어 등 상세한 '계약상대자'의 과업 내역"
이러닝콘텐츠 개발용역 표준계약서,"제2조(과업의 내용) ② 과업내용서에는 반드시 아래 각 호의 내용이 포함되어야 한다. 2. 검사기준, 검사책임자, 검사비용 부담주체"
이러닝콘텐츠 개발용역 표준계약서,제2조(과업의 내용) ② 과업내용서에는 반드시 아래 각 호의 내용이 포함되어야 한다. 3. 지식재산권 확보 내역 및 확보주체
이러닝콘텐츠 개발용역 표준계약서,제2조(과업의 내용) ② 과업내용서에는 반드시 아래 각 호의 내용이 포함되어야 한다. 4. 기본 가이드 정보의 제공시기 및 내역
이러닝콘텐츠 개발용역 표준계약서,제2조(과업의 내용) ② 과업내용서에는 반드시 아래 각 호의 내용이 포함되어야 한다. 5. 기타 당사자들이 필요로 하는 사항
이러닝콘텐츠 개발용역 표준계약서,"제3조(대금산정 및 지급방법) ① ""계약상대자""의 과업수행에 대한 대금(이하 '공급가액'이라 함)은 사양, 납기, 품질, 작업물량, 인건비 등을 고려한 합리적인 산정방식에 따라 ""발주처""와 ""계약상대자""가 합의하여 산정한다."
이러닝콘텐츠 개발용역 표준계약서,"제3조(대금산정 및 지급방법) ② ""발주처""와 ""계약상대자""는 계약상대자의 차시별 과업수행기간과 발주처의 차시별 차시별 간검사 일정을 고려하여, 실제 사업 수행이 가능한 일정을 계약기간으로 정하고 이를 대금산정에 반영해야 한다."
이러닝콘텐츠 개발용역 표준계약서,제3조(대금산정 및 지급방법) ③ 계약금액 산정 시 제3자 권리 획득비용은 용역 공급가액과 별도로 산정하여 지급한다. 지식재산권을 양도하는 경우에도 이와 같다.
이러닝콘텐츠 개발용역 표준계약서,제3조(대금산정 및 지급방법) ④ 대금의 지급은 선급금·중도금·잔금으로 구분하여 지급할 수 있다. 이 경우 잔금이 전체 대금의 30/100을 초과할 수 없다.
이러닝콘텐츠 개발용역 표준계약서,"제4조(계약내용 등의 변경) ① ""발주처""와 ""계약상대자""가 필요하다고 인정하여 계약 내지 과업의 내용을 변경·추가하고자 하는 경우에는 ""발주처""와 ""계약상대자""는 상호 협의하여 기명·날인한 서면에 의해 해당 내용을 변경·추가하여야 한다."
이러닝콘텐츠 개발용역 표준계약서,"제4조(계약내용 등의 변경) ② ""발주처""의 요구로 설계, 사양, 작업기간, 작업물량 등 과업내용이 변경되어 계약대금의 조정이 필요한 경우에는 ""발주처""와 ""계약상대자""는 협의하여 추가비용을 산정해야 한다."
이러닝콘텐츠 개발용역 표준계약서,"제5조(""발주처""의 의무) ① ""발주처""는 이 계약서와 과업내용서에 따라 이러닝콘텐츠를 검사하고, ""계약상대자""에게 대금을 지급하여야 한다."
이러닝콘텐츠 개발용역 표준계약서,"제5조(""발주처""의 의무) ② ""발주처""는 ""계약상대자""에게 콘텐츠 개발에 필요한 기본 가이드 및 정보를 제공하여야 한다."
이러닝콘텐츠 개발용역 표준계약서,"제5조(""발주처""의 의무) ③ ""발주처""의 책임 있는 사유로 인하여 제3자와의 사이에 이 계약과 관련한 분쟁이 발생한 경우 ""발주처""의 비용 및 책임으로 이를 해결하여야 한다."
이러닝콘텐츠 개발용역 표준계약서,"제5조(""발주처""의 의무) ④ ""발주처""가 ""계약상대자""에게 제6조 제1항의 계약이행보증을 요구한 경우 ""발주처""는 ""계약상대자""에게 대금지급을 보증하는 보증서 내지 보증보험증권을 제출하여야 한다."
이러닝콘텐츠 개발용역 표준계약서,"제6조(""계약상대자""의 의무) ① ""계약상대자""는 이 계약서와 부속서에 따라 성실히 이러닝콘텐츠를 개발하여 정하여진 절차와 시기에 ""발주처""에게 제공하여야 한다. ""계약상대자""는 이를 보증하기 위하여 ""발주처""에게 보증서 내지 보험증권을 제출하여야 한다."
이러닝콘텐츠 개발용역 표준계약서,"제6조(""계약상대자""의 의무) ② ""계약상대자""는 약정기간 내에 이러닝콘텐츠에 하자가 발생한 경우, 계약상정 정해진 범위 내에서 하자보수를 성실히 수행하여야 한다. ""계약상대자""는 이를 보증하기 위하여 ""발주처""에게 보증서 내지 보험증권을 제출하여야 한다."
이러닝콘텐츠 개발용역 표준계약서,"제6조(""계약상대자""의 의무) ③ ""계약상대자""의 책임 있는 사유로 인하여 제3자와의 사이에 이 계약과 관련한 분쟁이 발생한 경우 ""계약상대자""의 비용 및 책임으로 이를 해결하여야 한다."
이러닝콘텐츠 개발용역 표준계약서,"제7조(하도급) ""계약상대자""는 이 계약 과업을 수행함에 있어서 ""발주처""의 사전 서면동의를 얻어 과업의 일부에 대하여 하도급을 줄 수 있다."
이러닝콘텐츠 개발용역 표준계약서,제8조(하자보증) ① 하자보수 보증기간은 검사를 완료한 날부터 1년이다.
이러닝콘텐츠 개발용역 표준계약서,"제8조(하자보증) ② 제1항의 하자보수보증기간 내라고 할지라도 ""발주처""가 ""계약상대자""에게 하자보수의 수준을 초과하여 납품한 이러닝콘텐츠의 내용 및 품질의 개선·개량을 요구하는 경우에는 ""계약상대자""는 ""발주처""에게 그에 상응하는 보수를 청구할 수 있으며, ""발주처""는 ""계약상대자""의 요구에 따라 대금을 조정하고, 지급하여야 한다."
이러닝콘텐츠 개발용역 표준계약서,"제9조(유지관리계약의 체결) ""발주처""와 ""계약상대자""는 상호 협의하여 하자보수와 별도로 유상의 유지관리 계약을 체결할 수 있다."
이러닝콘텐츠 개발용역 표준계약서,"제10조(이용허락의 확보) ① ""발주처"" 또는 ""계약상대자""가 확보해야 할 지식재산권의 종류 및 이용허락 기간 등에 대하여는 ""발주처""와 ""계약상대자""가 협의하여 과업내용서에 정해야 한다."
이러닝콘텐츠 개발용역 표준계약서,"제10조(이용허락의 확보) ② ""계약상대자""가 제3자의 지식재산권 등 권리를 획득하여야 하는 경우에는 ""발주처""는 ""계약상대자""에게 계약금액에서 정한 제3자 권리 획득비용을 초과하여 지식재산권을 확보할 것을 강요해서는 아니 된다."
이러닝콘텐츠 개발용역 표준계약서,"제10조(이용허락의 확보) ③ ""계약상대자""는 ""발주처""에게 납품한 이러닝콘텐츠가 타인의 저작권 및 기타 지식재산권을 침해하지 않음을 보증하여야 하며, ""발주처""는 필요한 경우 ""계약상대자""에게 관련 증빙서류의 제출을 요구할 수 있다."
이러닝콘텐츠 개발용역 표준계약서,"제10조(이용허락의 확보) ④ ""계약상대자""가 획득하고, 제3항의 보증을 한 지식재산권과 관련하여 제3자가 지식재산권 주장·이의제기 또는 소제기 등을 하는 경우에는 ""발주처""는 이로 인한 민·형사상의 책임을 지지 아니한다. 다만, 이와 관련하여 ""발주처""에게 귀책사유가 있는 경우 ""발주처""가 그 책임을 부담한다."
이러닝콘텐츠 개발용역 표준계약서,"제11조(지식재산권의 귀속) ① 이 계약에 따른 과업수행을 통하여 발생한 지식재산권은 ""계약상대자""에게 귀속된다."
이러닝콘텐츠 개발용역 표준계약서,"제11조(지식재산권의 귀속) ② ""계약상대자""의 지식재산권을 ""발주처""에게 양도하는 경우 유상으로 양도하며, 양도할 지식재산권의 범위는 과업내용서에 구체적으로 명시한다. (예: 완성된 편집 저작물로서의 콘텐츠, 콘텐츠 개발 소스, 소스 내 포함된 각종 클립·미디어·캐릭터 등 개체 콘텐츠, 2차 저작물 작성권 등)"
이러닝콘텐츠 개발용역 표준계약서,제11조(지식재산권의 귀속) ③ 지식재산권 양도대금 산정 시 과업내용서에 명시한 양도 항목별로 산정하여 지급하여야 한다.
이러닝콘텐츠 개발용역 표준계약서,"제11조(지식재산권의 귀속) ④ ""계약상대자""는 ""발주처""에게 양도한 지식재산권에 대한 이용허락을 요청할 수 있으며, ""발주처""는 특별한 사유가 없는 한 이를 허락하여야 한다."
이러닝콘텐츠 개발용역 표준계약서,"제12조(검사기준 및 비용부담) ① 검사기간은 계약기간의 3분의 1 이내로 하고, 검사비용은 ""발주처""가 부담한다."
이러닝콘텐츠 개발용역 표준계약서,"제12조(검사기준 및 비용부담) ② ""발주처""와 ""계약상대자""는 협의하여 ""계약상대자""의 과업수행에 관한 객관적이고 공정·타당한 검사의 기준 및 기간·방법 등을 과업내용서에 명시하여야 한다."
이러닝콘텐츠 개발용역 표준계약서,"제12조(검사기준 및 비용부담) ③ 검사대상은 과업내용서에 정한 범위로 한정되며, 과업내용서에 명시되지 않은 사항 등을 이유로 검사를 지연 또는 거부할 수 없다."
이러닝콘텐츠 개발용역 표준계약서,"제13조(검사절차) ① ""계약상대자""는 이러닝콘텐츠를 완성하였을 때에는 그 사실을 서면으로 ""발주처""에게 통지하여야 하며, ""발주처""는 이러닝콘텐츠를 수령한 경우 즉시 수령증명서를 ""계약상대자""에게 교부하여야 한다."
이러닝콘텐츠 개발용역 표준계약서,"제13조(검사절차) ② ""발주처""는 중간검사의 경우 이러닝콘텐츠를 수령한 날로부터 5일 이내, 최종검사의 경우 이러닝콘텐츠를 수령한 날로부터 14일 이내에 검사결과를 ""계약상대자""에게 서면으로 통지하여야 한다."
이러닝콘텐츠 개발용역 표준계약서,제13조(검사절차) ③ 제2항의 기간 내에 검사결과를 통지하지 아니한 경우에는 검사에 합격한 것으로 본다.
이러닝콘텐츠 개발용역 표준계약서,"제13조(검사절차) ④ 검사결과 불합격인 경우에는 ""발주처""는 검사결과 통지 시 반드시 불합격 사유를 명시하여야 한다."
이러닝콘텐츠 개발용역 표준계약서,"제13조(검사절차) ⑤ ""계약상대자""는 검사결과에 이의가 있을 경우 ""발주처""에게 불합격 사유에 대해 소명 및 이의신청(재검사 요청)을 할 수 있다. ""발주처""는 ""계약상대자""의 이와 같은 요청이 있은 후 14일 이내에 필요한 조치를 취하여야 한다."
이러닝콘텐츠 개발용역 표준계약서,"제14조(대금지급 시기) ""계약상대자""는 검사에 합격한 때에 ""발주처""에게 대금지급을 청구할 수 있고, ""발주처""는 그 청구를 받은 날로부터 7일 이내에 대금을 지급한다. 이 경우 ""발주처""와 ""계약상대자""는 합의에 의하여 7일을 초과하지 아니하는 범위 안에서 대금지급기간을 연장할 수 있다."
이러닝콘텐츠 개발용역 표준계약서,"제15조(부당반품의 금지) ① ""발주처""는 ""계약상대자""로부터 이러닝콘텐츠를 납품받은 경우 ""계약상대자""의 책임 있는 사유가 없음에도 불구하고 이를 ""계약상대자""에게 반품(이하 '부당반품'이라 한다)하여서는 아니 된다."
이러닝콘텐츠 개발용역 표준계약서,"제15조(부당반품의 금지) ② 다음 각 호의 어느 하나에 해당되는 ""발주처""의 행위는 부당반품으로 본다. 1. 경제상황의 변동 등을 이유로 이러닝콘텐츠를 반품하는 행위"
이러닝콘텐츠 개발용역 표준계약서,"제15조(부당반품의 금지) ② 다음 각 호의 어느 하나에 해당되는 ""발주처""의 행위는 부당반품으로 본다. 2. 검사의 기준 및 방법을 불명확하게 정함으로써 이러닝콘텐츠를 부당하게 불합격으로 판정하여 이를 반품하는 행위"
이러닝콘텐츠 개발용역 표준계약서,"제15조(부당반품의 금지) ② 다음 각 호의 어느 하나에 해당되는 ""발주처""의 행위는 부당반품으로 본다. 3. ""발주처""가 공급하는 설비, 제5조 제2항 상의 기본 가이드 및 정보 등 ""발주처""의 의무 지연으로 인하여 납기가 지연되었음에도 불구하고 이를 이유로 이러닝콘텐츠를 반품하는 행위"
이러닝콘텐츠 개발용역 표준계약서,"제16조(지체상금) ① ""계약상대자""가 계약 기간 내에 용역수행을 완료하지 못한 경우에는 ""발주처""는 지체일수에 용역대금의 2.5/1000을 곱한 금액(이하 '지체상금'이라 한다)을 용역대금에서 공제한다."
이러닝콘텐츠 개발용역 표준계약서,"제16조(지체상금) ② 제1항의 경우 기성부분에 대한 검사가 끝난 경우에는 그 부분에 상당하는 금액을 용역대금에서 공제한 금액을 기준으로 지체상금을 계산하여야 한다. 다만, 기성부분의 인수는 그 성질상 분할할 수 있는 용역에 대한 완성부분을 인수하는 것으로 한다."
이러닝콘텐츠 개발용역 표준계약서,제17조(지체일수의 산정) ① 지체일수의 산정기준은 다음 각 호의 어느 하나와 같다. 1. 계약기간 내에 용역수행을 완료한 경우에는 검사기간에 소요된 기간은 지체일 수에 산입하지 않는다.
이러닝콘텐츠 개발용역 표준계약서,"제17조(지체일수의 산정) ① 지체일수의 산정기준은 다음 각 호의 어느 하나와 같다. 2. 계약기간 내에 용역수행을 완료한 경우라도 검사결과 불합격 판정을 받아 계약기간 이후에 ""발주처""가 ""계약상대자""에게 수정요구를 한 경우에는 수정요구를 한 날로부터 최종검사에 합격한 날까지의 기간을 지체일수에 산입한다. 다만, 이 경우 ""계약상대자""의 이의신청으로 인해 지연된 기간은 2회에 한해 지체일수에 산입하지 아니한다."
이러닝콘텐츠 개발용역 표준계약서,제17조(지체일수의 산정) ① 지체일수의 산정기준은 다음 각 호의 어느 하나와 같다. 3. 계약기간을 경과하여 용역수행을 완료한 경우에는 용역수행기간 다음 날부터 검사(수정요구를 한 경우에는 최종검사)에 합격한 날까지의 기간을 지체일수에 산입한다.
이러닝콘텐츠 개발용역 표준계약서,"제17조(지체일수의 산정) ② ""발주처""는 다음 각 호의 어느 하나에 해당되어 용역수행이 지체되었다고 인정할 때에는 그 해당일수를 제1항의 지체일수에 산입하지 아니한다. 1. 불가항력적인 사유에 의한 경우"
이러닝콘텐츠 개발용역 표준계약서,"제17조(지체일수의 산정) ② ""발주처""는 다음 각 호의 어느 하나에 해당되어 용역수행이 지체되었다고 인정할 때에는 그 해당일수를 제1항의 지체일수에 산입하지 아니한다. 2. ""발주처""가 이행할 의무를 성실히 이행하지 않는 등 ""발주처""의 책임으로 용역수행의 착수가 지연되거나 용역수행이 중단된 경우"
이러닝콘텐츠 개발용역 표준계약서,"제17조(지체일수의 산정) ② ""발주처""는 다음 각 호의 어느 하나에 해당되어 용역수행이 지체되었다고 인정할 때에는 그 해당일수를 제1항의 지체일수에 산입하지 아니한다. 3. ""발주처""가 제12조 제1항 및 제2항에 따라 합의된 검사기간을 초과하여 과업수행이 지연된 경우"
이러닝콘텐츠 개발용역 표준계약서,"제17조(지체일수의 산정) ② ""발주처""는 다음 각 호의 어느 하나에 해당되어 용역수행이 지체되었다고 인정할 때에는 그 해당일수를 제1항의 지체일수에 산입하지 아니한다. 4. 기타 ""계약상대자""의 책임에 속하지 않는 사유로 인하여 지체된 경우"
이러닝콘텐츠 개발용역 표준계약서,"제18조(계약의 해제·해지) ① ""발주처""와 ""계약상대자""는 계약기간 중이라도 다음 각 호에 해당하는 경우에는 이 계약을 해제 또는 해지할 수 있다. 5. 양 당사자가 서면으로 합의한 경우"
이러닝콘텐츠 개발용역 표준계약서,"제18조(계약의 해제·해지) ① ""발주처""와 ""계약상대자""는 계약기간 중이라도 다음 각 호에 해당하는 경우에는 이 계약을 해제 또는 해지할 수 있다. 6. 당사자 일방이 부도·파산 또는 회생절차 개시 등을 이유로 하여 정상적 영업활동이 불가능한 경우"
이러닝콘텐츠 개발용역 표준계약서,"제18조(계약의 해제·해지) ① ""발주처""와 ""계약상대자""는 계약기간 중이라도 다음 각 호에 해당하는 경우에는 이 계약을 해제 또는 해지할 수 있다. 7. 당사자 일방이 계약상의 의무를 위반하여 상대방이 서면으로 그 이행을 최고하였으나, 그로부터 14일 이내에 그 의무를 이행하지 아니한 경우"
이러닝콘텐츠 개발용역 표준계약서,"제18조(계약의 해제·해지) ① ""발주처""와 ""계약상대자""는 계약기간 중이라도 다음 각 호에 해당하는 경우에는 이 계약을 해제 또는 해지할 수 있다. 8. ""계약상대자""가 제공한 콘텐츠가 일련의 검사결과 불합격으로 확정되어 계약의 목적을 달성할 수 없는 경우"
이러닝콘텐츠 개발용역 표준계약서,제18조(계약의 해제·해지) ② 이 조에 따른 해제·해지는 손해배상청구권에 영향을 미치지 아니한다.
이러닝콘텐츠 개발용역 표준계약서,"제19조(손해배상) ① ""발주처"" 또는 ""계약상대자""가 계약상의 의무를 성실히 이행하지 아니하거나 이 계약을 위반함으로 인하여 상대방에게 손해가 발생한 경우에는 그 손해를 배상하여야 한다."
이러닝콘텐츠 개발용역 표준계약서,"제19조(손해배상) ② ""발주처""의 협력이 필요한 용역에서 ""발주처""의 협력의무 해태 등으로 인하여 ""계약상대자""의 이러닝콘텐츠 제작이 지연된 경우 ""발주처""는 ""계약상대자""에게 발생한 추가비용을 지급해야 한다."
이러닝콘텐츠 개발용역 표준계약서,"제19조(손해배상) ③ ""계약상대자""가 ""발주처""의 책임 있는 사유로 이러닝콘텐츠를 납품할 수 없는 것으로 확정된 경우 ""계약상대자""는 ""발주처""에게 대금지급을 청구할 수 있다. ""발주처""의 수령지체 중에 당사자 쌍방의 책임 없는 사유로 이행할 수 없게 된 때에도 같다. 다만, ""계약상대자""가 채무를 면함으로써 이익을 얻은 때에는 이를 ""발주처""에게 상환하여야 한다."
이러닝콘텐츠 개발용역 표준계약서,"제20조(불가항력) ""발주처"" 또는 ""계약상대자""는 천재지변이나 국가비상사태, 폭동, 전쟁 등 불가항력적인 사유로 상대방 및 제3자에게 발생시킨 의무불이행 및 손해에 대하여는 책임을 지지 아니한다."
이러닝콘텐츠 개발용역 표준계약서,"제21조(비밀유지) ① ""발주처""와 ""계약상대자""는 이 계약으로 지득한 상대방의 업무와 기술상의 기밀을 사전 동의 없이 제3자에게 유출하거나, 이 계약 목적 이외의 다른 어떠한 목적으로도 사용할 수 없다."
이러닝콘텐츠 개발용역 표준계약서,제21조(비밀유지) ② 제1항의 의무는 계약 종료 후 3년 간 유효하다.
이러닝콘텐츠 개발용역 표준계약서,제22조(분쟁의 해결) ① 이 계약의 당사자는 이 계약의 해석 또는 이 계약에 의하여 명시되지 아니한 사항에 관하여 다툼이 있을 경우 우선적으로 대화와 협상을 통하여 분쟁을 해결하도록 최선을 다한다.
이러닝콘텐츠 개발용역 표준계약서,제22조(분쟁의 해결) ② 제1항에 의한 해결이 되지 아니한 경우에는 「콘텐츠산업 진흥법」 제30조에 따라 콘텐츠분쟁조정위원회에 조정을 신청하거나 대한상사중재원의 중재규칙에 따라 중재로 해결할 수 있다.
이러닝콘텐츠 개발용역 표준계약서,"제22조(분쟁의 해결) ③ 이 계약과 관련하여 당사자 간에 소송이 제기되는 경우 관할은 민사소송법의 규정에 의한다. 다만, ""발주처""와 ""계약상대자""가 합의하여 관할법원을 달리 정하는 경우에는 그러하지 아니하다."
